ISO-10303-21;
HEADER;
FILE_DESCRIPTION(('FreeCAD Model'),'2;1');
FILE_NAME('Open CASCADE Shape Model','2026-10-07T20:54:58',('FreeCAD'),(
    'FreeCAD'),'Open CASCADE STEP processor 7.8','FreeCAD','Unknown');
FILE_SCHEMA(('AUTOMOTIVE_DESIGN { 1 0 10303 214 1 1 1 1 }'));
ENDSEC;
DATA;
#1 = APPLICATION_PROTOCOL_DEFINITION('international standard',
  'automotive_design',2000,#2);
#2 = APPLICATION_CONTEXT(
  'core data for automotive mechanical design processes');
#3 = SHAPE_DEFINITION_REPRESENTATION(#4,#10);
#4 = PRODUCT_DEFINITION_SHAPE('','',#5);
#5 = PRODUCT_DEFINITION('design','',#6,#9);
#6 = PRODUCT_DEFINITION_FORMATION('','',#7);
#7 = PRODUCT('Open CASCADE STEP translator 7.8 1',
  'Open CASCADE STEP translator 7.8 1','',(#8));
#8 = PRODUCT_CONTEXT('',#2,'mechanical');
#9 = PRODUCT_DEFINITION_CONTEXT('part definition',#2,'design');
#10 = ADVANCED_BREP_SHAPE_REPRESENTATION('',(#11,#15),#3339);
#11 = AXIS2_PLACEMENT_3D('',#12,#13,#14);
#12 = CARTESIAN_POINT('',(0.,0.,0.));
#13 = DIRECTION('',(0.,0.,1.));
#14 = DIRECTION('',(1.,0.,-0.));
#15 = MANIFOLD_SOLID_BREP('',#16);
#16 = CLOSED_SHELL('',(#17,#57,#88,#128,#159,#225,#256,#331,#356,#381,
    #406,#431,#456,#481,#506,#531,#540,#549,#558,#567,#576,#585,#594,
    #603,#746,#777,#801,#825,#900,#1004,#1290,#1314,#1354,#1371,#1395,
    #1420,#1445,#1470,#1495,#1526,#1594,#1618,#1635,#1659,#1699,#1716,
    #1740,#1771,#1788,#1812,#1829,#1853,#1865,#1889,#1913,#1944,#1961,
    #1985,#2002,#2026,#2038,#2062,#2086,#2117,#2148,#2179,#2210,#2229,
    #2238,#2247,#2256,#2265,#2290,#2315,#2340,#2365,#2384,#2416,#2447,
    #2479,#2510,#2542,#2573,#2605,#2636,#2645,#2654,#2663,#2672,#2703,
    #2727,#2751,#2818,#2843,#2852,#2877,#2886,#2911,#2920,#2945,#2954,
    #2975,#3042,#3067,#3076,#3101,#3110,#3135,#3144,#3169,#3178,#3201,
    #3227,#3248,#3269,#3287,#3305,#3322));
#17 = ADVANCED_FACE('',(#18),#52,.T.);
#18 = FACE_BOUND('',#19,.T.);
#19 = EDGE_LOOP('',(#20,#30,#38,#46));
#20 = ORIENTED_EDGE('',*,*,#21,.F.);
#21 = EDGE_CURVE('',#22,#24,#26,.T.);
#22 = VERTEX_POINT('',#23);
#23 = CARTESIAN_POINT('',(56.,61.,14.));
#24 = VERTEX_POINT('',#25);
#25 = CARTESIAN_POINT('',(84.,61.,14.));
#26 = LINE('',#27,#28);
#27 = CARTESIAN_POINT('',(0.,61.,14.));
#28 = VECTOR('',#29,1.);
#29 = DIRECTION('',(1.,0.,0.));
#30 = ORIENTED_EDGE('',*,*,#31,.F.);
#31 = EDGE_CURVE('',#32,#22,#34,.T.);
#32 = VERTEX_POINT('',#33);
#33 = CARTESIAN_POINT('',(56.,5.,14.));
#34 = LINE('',#35,#36);
#35 = CARTESIAN_POINT('',(56.,2.5,14.));
#36 = VECTOR('',#37,1.);
#37 = DIRECTION('',(0.,1.,0.));
#38 = ORIENTED_EDGE('',*,*,#39,.T.);
#39 = EDGE_CURVE('',#32,#40,#42,.T.);
#40 = VERTEX_POINT('',#41);
#41 = CARTESIAN_POINT('',(84.,5.,14.));
#42 = LINE('',#43,#44);
#43 = CARTESIAN_POINT('',(0.,5.,14.));
#44 = VECTOR('',#45,1.);
#45 = DIRECTION('',(1.,0.,0.));
#46 = ORIENTED_EDGE('',*,*,#47,.T.);
#47 = EDGE_CURVE('',#40,#24,#48,.T.);
#48 = LINE('',#49,#50);
#49 = CARTESIAN_POINT('',(84.,2.5,14.));
#50 = VECTOR('',#51,1.);
#51 = DIRECTION('',(0.,1.,0.));
#52 = PLANE('',#53);
#53 = AXIS2_PLACEMENT_3D('',#54,#55,#56);
#54 = CARTESIAN_POINT('',(0.,0.,14.));
#55 = DIRECTION('',(0.,0.,1.));
#56 = DIRECTION('',(1.,0.,0.));
#57 = ADVANCED_FACE('',(#58),#83,.F.);
#58 = FACE_BOUND('',#59,.F.);
#59 = EDGE_LOOP('',(#60,#68,#76,#82));
#60 = ORIENTED_EDGE('',*,*,#61,.F.);
#61 = EDGE_CURVE('',#62,#32,#64,.T.);
#62 = VERTEX_POINT('',#63);
#63 = CARTESIAN_POINT('',(56.,5.,10.8));
#64 = LINE('',#65,#66);
#65 = CARTESIAN_POINT('',(56.,5.,10.8));
#66 = VECTOR('',#67,1.);
#67 = DIRECTION('',(0.,0.,1.));
#68 = ORIENTED_EDGE('',*,*,#69,.T.);
#69 = EDGE_CURVE('',#62,#70,#72,.T.);
#70 = VERTEX_POINT('',#71);
#71 = CARTESIAN_POINT('',(56.,61.,10.8));
#72 = LINE('',#73,#74);
#73 = CARTESIAN_POINT('',(56.,5.,10.8));
#74 = VECTOR('',#75,1.);
#75 = DIRECTION('',(0.,1.,0.));
#76 = ORIENTED_EDGE('',*,*,#77,.T.);
#77 = EDGE_CURVE('',#70,#22,#78,.T.);
#78 = LINE('',#79,#80);
#79 = CARTESIAN_POINT('',(56.,61.,10.8));
#80 = VECTOR('',#81,1.);
#81 = DIRECTION('',(0.,0.,1.));
#82 = ORIENTED_EDGE('',*,*,#31,.F.);
#83 = PLANE('',#84);
#84 = AXIS2_PLACEMENT_3D('',#85,#86,#87);
#85 = CARTESIAN_POINT('',(56.,5.,10.8));
#86 = DIRECTION('',(1.,0.,0.));
#87 = DIRECTION('',(0.,0.,1.));
#88 = ADVANCED_FACE('',(#89),#123,.T.);
#89 = FACE_BOUND('',#90,.T.);
#90 = EDGE_LOOP('',(#91,#101,#109,#117));
#91 = ORIENTED_EDGE('',*,*,#92,.F.);
#92 = EDGE_CURVE('',#93,#95,#97,.T.);
#93 = VERTEX_POINT('',#94);
#94 = CARTESIAN_POINT('',(0.,61.,14.));
#95 = VERTEX_POINT('',#96);
#96 = CARTESIAN_POINT('',(28.,61.,14.));
#97 = LINE('',#98,#99);
#98 = CARTESIAN_POINT('',(0.,61.,14.));
#99 = VECTOR('',#100,1.);
#100 = DIRECTION('',(1.,0.,0.));
#101 = ORIENTED_EDGE('',*,*,#102,.F.);
#102 = EDGE_CURVE('',#103,#93,#105,.T.);
#103 = VERTEX_POINT('',#104);
#104 = CARTESIAN_POINT('',(0.,5.,14.));
#105 = LINE('',#106,#107);
#106 = CARTESIAN_POINT('',(0.,0.,14.));
#107 = VECTOR('',#108,1.);
#108 = DIRECTION('',(0.,1.,0.));
#109 = ORIENTED_EDGE('',*,*,#110,.T.);
#110 = EDGE_CURVE('',#103,#111,#113,.T.);
#111 = VERTEX_POINT('',#112);
#112 = CARTESIAN_POINT('',(28.,5.,14.));
#113 = LINE('',#114,#115);
#114 = CARTESIAN_POINT('',(0.,5.,14.));
#115 = VECTOR('',#116,1.);
#116 = DIRECTION('',(1.,0.,0.));
#117 = ORIENTED_EDGE('',*,*,#118,.T.);
#118 = EDGE_CURVE('',#111,#95,#119,.T.);
#119 = LINE('',#120,#121);
#120 = CARTESIAN_POINT('',(28.,2.5,14.));
#121 = VECTOR('',#122,1.);
#122 = DIRECTION('',(0.,1.,0.));
#123 = PLANE('',#124);
#124 = AXIS2_PLACEMENT_3D('',#125,#126,#127);
#125 = CARTESIAN_POINT('',(0.,0.,14.));
#126 = DIRECTION('',(0.,0.,1.));
#127 = DIRECTION('',(1.,0.,0.));
#128 = ADVANCED_FACE('',(#129),#154,.T.);
#129 = FACE_BOUND('',#130,.T.);
#130 = EDGE_LOOP('',(#131,#139,#147,#153));
#131 = ORIENTED_EDGE('',*,*,#132,.F.);
#132 = EDGE_CURVE('',#133,#111,#135,.T.);
#133 = VERTEX_POINT('',#134);
#134 = CARTESIAN_POINT('',(28.,5.,10.8));
#135 = LINE('',#136,#137);
#136 = CARTESIAN_POINT('',(28.,5.,10.8));
#137 = VECTOR('',#138,1.);
#138 = DIRECTION('',(0.,0.,1.));
#139 = ORIENTED_EDGE('',*,*,#140,.T.);
#140 = EDGE_CURVE('',#133,#141,#143,.T.);
#141 = VERTEX_POINT('',#142);
#142 = CARTESIAN_POINT('',(28.,61.,10.8));
#143 = LINE('',#144,#145);
#144 = CARTESIAN_POINT('',(28.,5.,10.8));
#145 = VECTOR('',#146,1.);
#146 = DIRECTION('',(0.,1.,0.));
#147 = ORIENTED_EDGE('',*,*,#148,.T.);
#148 = EDGE_CURVE('',#141,#95,#149,.T.);
#149 = LINE('',#150,#151);
#150 = CARTESIAN_POINT('',(28.,61.,10.8));
#151 = VECTOR('',#152,1.);
#152 = DIRECTION('',(0.,0.,1.));
#153 = ORIENTED_EDGE('',*,*,#118,.F.);
#154 = PLANE('',#155);
#155 = AXIS2_PLACEMENT_3D('',#156,#157,#158);
#156 = CARTESIAN_POINT('',(28.,5.,10.8));
#157 = DIRECTION('',(1.,0.,0.));
#158 = DIRECTION('',(0.,0.,1.));
#159 = ADVANCED_FACE('',(#160,#176,#187,#198,#209),#220,.T.);
#160 = FACE_BOUND('',#161,.T.);
#161 = EDGE_LOOP('',(#162,#163,#169,#170));
#162 = ORIENTED_EDGE('',*,*,#140,.F.);
#163 = ORIENTED_EDGE('',*,*,#164,.T.);
#164 = EDGE_CURVE('',#133,#62,#165,.T.);
#165 = LINE('',#166,#167);
#166 = CARTESIAN_POINT('',(28.,5.,10.8));
#167 = VECTOR('',#168,1.);
#168 = DIRECTION('',(1.,0.,0.));
#169 = ORIENTED_EDGE('',*,*,#69,.T.);
#170 = ORIENTED_EDGE('',*,*,#171,.F.);
#171 = EDGE_CURVE('',#141,#70,#172,.T.);
#172 = LINE('',#173,#174);
#173 = CARTESIAN_POINT('',(28.,61.,10.8));
#174 = VECTOR('',#175,1.);
#175 = DIRECTION('',(1.,0.,0.));
#176 = FACE_BOUND('',#177,.T.);
#177 = EDGE_LOOP('',(#178));
#178 = ORIENTED_EDGE('',*,*,#179,.F.);
#179 = EDGE_CURVE('',#180,#180,#182,.T.);
#180 = VERTEX_POINT('',#181);
#181 = CARTESIAN_POINT('',(33.5,9.,10.8));
#182 = CIRCLE('',#183,1.5);
#183 = AXIS2_PLACEMENT_3D('',#184,#185,#186);
#184 = CARTESIAN_POINT('',(32.,9.,10.8));
#185 = DIRECTION('',(0.,0.,1.));
#186 = DIRECTION('',(1.,0.,0.));
#187 = FACE_BOUND('',#188,.T.);
#188 = EDGE_LOOP('',(#189));
#189 = ORIENTED_EDGE('',*,*,#190,.F.);
#190 = EDGE_CURVE('',#191,#191,#193,.T.);
#191 = VERTEX_POINT('',#192);
#192 = CARTESIAN_POINT('',(53.5,9.,10.8));
#193 = CIRCLE('',#194,1.5);
#194 = AXIS2_PLACEMENT_3D('',#195,#196,#197);
#195 = CARTESIAN_POINT('',(52.,9.,10.8));
#196 = DIRECTION('',(0.,0.,1.));
#197 = DIRECTION('',(1.,0.,0.));
#198 = FACE_BOUND('',#199,.T.);
#199 = EDGE_LOOP('',(#200));
#200 = ORIENTED_EDGE('',*,*,#201,.F.);
#201 = EDGE_CURVE('',#202,#202,#204,.T.);
#202 = VERTEX_POINT('',#203);
#203 = CARTESIAN_POINT('',(33.5,57.,10.8));
#204 = CIRCLE('',#205,1.5);
#205 = AXIS2_PLACEMENT_3D('',#206,#207,#208);
#206 = CARTESIAN_POINT('',(32.,57.,10.8));
#207 = DIRECTION('',(0.,0.,1.));
#208 = DIRECTION('',(1.,0.,0.));
#209 = FACE_BOUND('',#210,.T.);
#210 = EDGE_LOOP('',(#211));
#211 = ORIENTED_EDGE('',*,*,#212,.F.);
#212 = EDGE_CURVE('',#213,#213,#215,.T.);
#213 = VERTEX_POINT('',#214);
#214 = CARTESIAN_POINT('',(53.5,57.,10.8));
#215 = CIRCLE('',#216,1.5);
#216 = AXIS2_PLACEMENT_3D('',#217,#218,#219);
#217 = CARTESIAN_POINT('',(52.,57.,10.8));
#218 = DIRECTION('',(0.,0.,1.));
#219 = DIRECTION('',(1.,0.,0.));
#220 = PLANE('',#221);
#221 = AXIS2_PLACEMENT_3D('',#222,#223,#224);
#222 = CARTESIAN_POINT('',(28.,5.,10.8));
#223 = DIRECTION('',(0.,0.,1.));
#224 = DIRECTION('',(1.,0.,0.));
#225 = ADVANCED_FACE('',(#226),#251,.T.);
#226 = FACE_BOUND('',#227,.T.);
#227 = EDGE_LOOP('',(#228,#236,#244,#250));
#228 = ORIENTED_EDGE('',*,*,#229,.F.);
#229 = EDGE_CURVE('',#230,#40,#232,.T.);
#230 = VERTEX_POINT('',#231);
#231 = CARTESIAN_POINT('',(84.,5.,10.8));
#232 = LINE('',#233,#234);
#233 = CARTESIAN_POINT('',(84.,5.,10.8));
#234 = VECTOR('',#235,1.);
#235 = DIRECTION('',(0.,0.,1.));
#236 = ORIENTED_EDGE('',*,*,#237,.T.);
#237 = EDGE_CURVE('',#230,#238,#240,.T.);
#238 = VERTEX_POINT('',#239);
#239 = CARTESIAN_POINT('',(84.,61.,10.8));
#240 = LINE('',#241,#242);
#241 = CARTESIAN_POINT('',(84.,5.,10.8));
#242 = VECTOR('',#243,1.);
#243 = DIRECTION('',(0.,1.,0.));
#244 = ORIENTED_EDGE('',*,*,#245,.T.);
#245 = EDGE_CURVE('',#238,#24,#246,.T.);
#246 = LINE('',#247,#248);
#247 = CARTESIAN_POINT('',(84.,61.,10.8));
#248 = VECTOR('',#249,1.);
#249 = DIRECTION('',(0.,0.,1.));
#250 = ORIENTED_EDGE('',*,*,#47,.F.);
#251 = PLANE('',#252);
#252 = AXIS2_PLACEMENT_3D('',#253,#254,#255);
#253 = CARTESIAN_POINT('',(84.,5.,10.8));
#254 = DIRECTION('',(1.,0.,0.));
#255 = DIRECTION('',(0.,0.,1.));
#256 = ADVANCED_FACE('',(#257,#282,#293,#304,#315),#326,.T.);
#257 = FACE_BOUND('',#258,.T.);
#258 = EDGE_LOOP('',(#259,#260,#268,#276));
#259 = ORIENTED_EDGE('',*,*,#237,.F.);
#260 = ORIENTED_EDGE('',*,*,#261,.T.);
#261 = EDGE_CURVE('',#230,#262,#264,.T.);
#262 = VERTEX_POINT('',#263);
#263 = CARTESIAN_POINT('',(112.,5.,10.8));
#264 = LINE('',#265,#266);
#265 = CARTESIAN_POINT('',(84.,5.,10.8));
#266 = VECTOR('',#267,1.);
#267 = DIRECTION('',(1.,0.,0.));
#268 = ORIENTED_EDGE('',*,*,#269,.T.);
#269 = EDGE_CURVE('',#262,#270,#272,.T.);
#270 = VERTEX_POINT('',#271);
#271 = CARTESIAN_POINT('',(112.,61.,10.8));
#272 = LINE('',#273,#274);
#273 = CARTESIAN_POINT('',(112.,5.,10.8));
#274 = VECTOR('',#275,1.);
#275 = DIRECTION('',(0.,1.,0.));
#276 = ORIENTED_EDGE('',*,*,#277,.F.);
#277 = EDGE_CURVE('',#238,#270,#278,.T.);
#278 = LINE('',#279,#280);
#279 = CARTESIAN_POINT('',(84.,61.,10.8));
#280 = VECTOR('',#281,1.);
#281 = DIRECTION('',(1.,0.,0.));
#282 = FACE_BOUND('',#283,.T.);
#283 = EDGE_LOOP('',(#284));
#284 = ORIENTED_EDGE('',*,*,#285,.F.);
#285 = EDGE_CURVE('',#286,#286,#288,.T.);
#286 = VERTEX_POINT('',#287);
#287 = CARTESIAN_POINT('',(89.5,9.,10.8));
#288 = CIRCLE('',#289,1.5);
#289 = AXIS2_PLACEMENT_3D('',#290,#291,#292);
#290 = CARTESIAN_POINT('',(88.,9.,10.8));
#291 = DIRECTION('',(0.,0.,1.));
#292 = DIRECTION('',(1.,0.,0.));
#293 = FACE_BOUND('',#294,.T.);
#294 = EDGE_LOOP('',(#295));
#295 = ORIENTED_EDGE('',*,*,#296,.F.);
#296 = EDGE_CURVE('',#297,#297,#299,.T.);
#297 = VERTEX_POINT('',#298);
#298 = CARTESIAN_POINT('',(109.5,9.,10.8));
#299 = CIRCLE('',#300,1.5);
#300 = AXIS2_PLACEMENT_3D('',#301,#302,#303);
#301 = CARTESIAN_POINT('',(108.,9.,10.8));
#302 = DIRECTION('',(0.,0.,1.));
#303 = DIRECTION('',(1.,0.,0.));
#304 = FACE_BOUND('',#305,.T.);
#305 = EDGE_LOOP('',(#306));
#306 = ORIENTED_EDGE('',*,*,#307,.F.);
#307 = EDGE_CURVE('',#308,#308,#310,.T.);
#308 = VERTEX_POINT('',#309);
#309 = CARTESIAN_POINT('',(89.5,57.,10.8));
#310 = CIRCLE('',#311,1.5);
#311 = AXIS2_PLACEMENT_3D('',#312,#313,#314);
#312 = CARTESIAN_POINT('',(88.,57.,10.8));
#313 = DIRECTION('',(0.,0.,1.));
#314 = DIRECTION('',(1.,0.,0.));
#315 = FACE_BOUND('',#316,.T.);
#316 = EDGE_LOOP('',(#317));
#317 = ORIENTED_EDGE('',*,*,#318,.F.);
#318 = EDGE_CURVE('',#319,#319,#321,.T.);
#319 = VERTEX_POINT('',#320);
#320 = CARTESIAN_POINT('',(109.5,57.,10.8));
#321 = CIRCLE('',#322,1.5);
#322 = AXIS2_PLACEMENT_3D('',#323,#324,#325);
#323 = CARTESIAN_POINT('',(108.,57.,10.8));
#324 = DIRECTION('',(0.,0.,1.));
#325 = DIRECTION('',(1.,0.,0.));
#326 = PLANE('',#327);
#327 = AXIS2_PLACEMENT_3D('',#328,#329,#330);
#328 = CARTESIAN_POINT('',(84.,5.,10.8));
#329 = DIRECTION('',(0.,0.,1.));
#330 = DIRECTION('',(1.,0.,0.));
#331 = ADVANCED_FACE('',(#332),#351,.T.);
#332 = FACE_BOUND('',#333,.T.);
#333 = EDGE_LOOP('',(#334,#343,#349,#350));
#334 = ORIENTED_EDGE('',*,*,#335,.F.);
#335 = EDGE_CURVE('',#336,#336,#338,.T.);
#336 = VERTEX_POINT('',#337);
#337 = CARTESIAN_POINT('',(33.5,9.,13.2));
#338 = CIRCLE('',#339,1.5);
#339 = AXIS2_PLACEMENT_3D('',#340,#341,#342);
#340 = CARTESIAN_POINT('',(32.,9.,13.2));
#341 = DIRECTION('',(0.,0.,1.));
#342 = DIRECTION('',(1.,0.,0.));
#343 = ORIENTED_EDGE('',*,*,#344,.F.);
#344 = EDGE_CURVE('',#180,#336,#345,.T.);
#345 = LINE('',#346,#347);
#346 = CARTESIAN_POINT('',(33.5,9.,10.8));
#347 = VECTOR('',#348,1.);
#348 = DIRECTION('',(0.,0.,1.));
#349 = ORIENTED_EDGE('',*,*,#179,.T.);
#350 = ORIENTED_EDGE('',*,*,#344,.T.);
#351 = CYLINDRICAL_SURFACE('',#352,1.5);
#352 = AXIS2_PLACEMENT_3D('',#353,#354,#355);
#353 = CARTESIAN_POINT('',(32.,9.,10.8));
#354 = DIRECTION('',(0.,0.,1.));
#355 = DIRECTION('',(1.,0.,0.));
#356 = ADVANCED_FACE('',(#357),#376,.T.);
#357 = FACE_BOUND('',#358,.T.);
#358 = EDGE_LOOP('',(#359,#368,#374,#375));
#359 = ORIENTED_EDGE('',*,*,#360,.F.);
#360 = EDGE_CURVE('',#361,#361,#363,.T.);
#361 = VERTEX_POINT('',#362);
#362 = CARTESIAN_POINT('',(53.5,9.,13.2));
#363 = CIRCLE('',#364,1.5);
#364 = AXIS2_PLACEMENT_3D('',#365,#366,#367);
#365 = CARTESIAN_POINT('',(52.,9.,13.2));
#366 = DIRECTION('',(0.,0.,1.));
#367 = DIRECTION('',(1.,0.,0.));
#368 = ORIENTED_EDGE('',*,*,#369,.F.);
#369 = EDGE_CURVE('',#191,#361,#370,.T.);
#370 = LINE('',#371,#372);
#371 = CARTESIAN_POINT('',(53.5,9.,10.8));
#372 = VECTOR('',#373,1.);
#373 = DIRECTION('',(0.,0.,1.));
#374 = ORIENTED_EDGE('',*,*,#190,.T.);
#375 = ORIENTED_EDGE('',*,*,#369,.T.);
#376 = CYLINDRICAL_SURFACE('',#377,1.5);
#377 = AXIS2_PLACEMENT_3D('',#378,#379,#380);
#378 = CARTESIAN_POINT('',(52.,9.,10.8));
#379 = DIRECTION('',(0.,0.,1.));
#380 = DIRECTION('',(1.,0.,0.));
#381 = ADVANCED_FACE('',(#382),#401,.T.);
#382 = FACE_BOUND('',#383,.T.);
#383 = EDGE_LOOP('',(#384,#393,#399,#400));
#384 = ORIENTED_EDGE('',*,*,#385,.F.);
#385 = EDGE_CURVE('',#386,#386,#388,.T.);
#386 = VERTEX_POINT('',#387);
#387 = CARTESIAN_POINT('',(33.5,57.,13.2));
#388 = CIRCLE('',#389,1.5);
#389 = AXIS2_PLACEMENT_3D('',#390,#391,#392);
#390 = CARTESIAN_POINT('',(32.,57.,13.2));
#391 = DIRECTION('',(0.,0.,1.));
#392 = DIRECTION('',(1.,0.,0.));
#393 = ORIENTED_EDGE('',*,*,#394,.F.);
#394 = EDGE_CURVE('',#202,#386,#395,.T.);
#395 = LINE('',#396,#397);
#396 = CARTESIAN_POINT('',(33.5,57.,10.8));
#397 = VECTOR('',#398,1.);
#398 = DIRECTION('',(0.,0.,1.));
#399 = ORIENTED_EDGE('',*,*,#201,.T.);
#400 = ORIENTED_EDGE('',*,*,#394,.T.);
#401 = CYLINDRICAL_SURFACE('',#402,1.5);
#402 = AXIS2_PLACEMENT_3D('',#403,#404,#405);
#403 = CARTESIAN_POINT('',(32.,57.,10.8));
#404 = DIRECTION('',(0.,0.,1.));
#405 = DIRECTION('',(1.,0.,0.));
#406 = ADVANCED_FACE('',(#407),#426,.T.);
#407 = FACE_BOUND('',#408,.T.);
#408 = EDGE_LOOP('',(#409,#418,#424,#425));
#409 = ORIENTED_EDGE('',*,*,#410,.F.);
#410 = EDGE_CURVE('',#411,#411,#413,.T.);
#411 = VERTEX_POINT('',#412);
#412 = CARTESIAN_POINT('',(53.5,57.,13.2));
#413 = CIRCLE('',#414,1.5);
#414 = AXIS2_PLACEMENT_3D('',#415,#416,#417);
#415 = CARTESIAN_POINT('',(52.,57.,13.2));
#416 = DIRECTION('',(0.,0.,1.));
#417 = DIRECTION('',(1.,0.,0.));
#418 = ORIENTED_EDGE('',*,*,#419,.F.);
#419 = EDGE_CURVE('',#213,#411,#420,.T.);
#420 = LINE('',#421,#422);
#421 = CARTESIAN_POINT('',(53.5,57.,10.8));
#422 = VECTOR('',#423,1.);
#423 = DIRECTION('',(0.,0.,1.));
#424 = ORIENTED_EDGE('',*,*,#212,.T.);
#425 = ORIENTED_EDGE('',*,*,#419,.T.);
#426 = CYLINDRICAL_SURFACE('',#427,1.5);
#427 = AXIS2_PLACEMENT_3D('',#428,#429,#430);
#428 = CARTESIAN_POINT('',(52.,57.,10.8));
#429 = DIRECTION('',(0.,0.,1.));
#430 = DIRECTION('',(1.,0.,0.));
#431 = ADVANCED_FACE('',(#432),#451,.T.);
#432 = FACE_BOUND('',#433,.T.);
#433 = EDGE_LOOP('',(#434,#443,#449,#450));
#434 = ORIENTED_EDGE('',*,*,#435,.F.);
#435 = EDGE_CURVE('',#436,#436,#438,.T.);
#436 = VERTEX_POINT('',#437);
#437 = CARTESIAN_POINT('',(89.5,9.,13.2));
#438 = CIRCLE('',#439,1.5);
#439 = AXIS2_PLACEMENT_3D('',#440,#441,#442);
#440 = CARTESIAN_POINT('',(88.,9.,13.2));
#441 = DIRECTION('',(0.,0.,1.));
#442 = DIRECTION('',(1.,0.,0.));
#443 = ORIENTED_EDGE('',*,*,#444,.F.);
#444 = EDGE_CURVE('',#286,#436,#445,.T.);
#445 = LINE('',#446,#447);
#446 = CARTESIAN_POINT('',(89.5,9.,10.8));
#447 = VECTOR('',#448,1.);
#448 = DIRECTION('',(0.,0.,1.));
#449 = ORIENTED_EDGE('',*,*,#285,.T.);
#450 = ORIENTED_EDGE('',*,*,#444,.T.);
#451 = CYLINDRICAL_SURFACE('',#452,1.5);
#452 = AXIS2_PLACEMENT_3D('',#453,#454,#455);
#453 = CARTESIAN_POINT('',(88.,9.,10.8));
#454 = DIRECTION('',(0.,0.,1.));
#455 = DIRECTION('',(1.,0.,0.));
#456 = ADVANCED_FACE('',(#457),#476,.T.);
#457 = FACE_BOUND('',#458,.T.);
#458 = EDGE_LOOP('',(#459,#468,#474,#475));
#459 = ORIENTED_EDGE('',*,*,#460,.F.);
#460 = EDGE_CURVE('',#461,#461,#463,.T.);
#461 = VERTEX_POINT('',#462);
#462 = CARTESIAN_POINT('',(109.5,9.,13.2));
#463 = CIRCLE('',#464,1.5);
#464 = AXIS2_PLACEMENT_3D('',#465,#466,#467);
#465 = CARTESIAN_POINT('',(108.,9.,13.2));
#466 = DIRECTION('',(0.,0.,1.));
#467 = DIRECTION('',(1.,0.,0.));
#468 = ORIENTED_EDGE('',*,*,#469,.F.);
#469 = EDGE_CURVE('',#297,#461,#470,.T.);
#470 = LINE('',#471,#472);
#471 = CARTESIAN_POINT('',(109.5,9.,10.8));
#472 = VECTOR('',#473,1.);
#473 = DIRECTION('',(0.,0.,1.));
#474 = ORIENTED_EDGE('',*,*,#296,.T.);
#475 = ORIENTED_EDGE('',*,*,#469,.T.);
#476 = CYLINDRICAL_SURFACE('',#477,1.5);
#477 = AXIS2_PLACEMENT_3D('',#478,#479,#480);
#478 = CARTESIAN_POINT('',(108.,9.,10.8));
#479 = DIRECTION('',(0.,0.,1.));
#480 = DIRECTION('',(1.,0.,0.));
#481 = ADVANCED_FACE('',(#482),#501,.T.);
#482 = FACE_BOUND('',#483,.T.);
#483 = EDGE_LOOP('',(#484,#493,#499,#500));
#484 = ORIENTED_EDGE('',*,*,#485,.F.);
#485 = EDGE_CURVE('',#486,#486,#488,.T.);
#486 = VERTEX_POINT('',#487);
#487 = CARTESIAN_POINT('',(89.5,57.,13.2));
#488 = CIRCLE('',#489,1.5);
#489 = AXIS2_PLACEMENT_3D('',#490,#491,#492);
#490 = CARTESIAN_POINT('',(88.,57.,13.2));
#491 = DIRECTION('',(0.,0.,1.));
#492 = DIRECTION('',(1.,0.,0.));
#493 = ORIENTED_EDGE('',*,*,#494,.F.);
#494 = EDGE_CURVE('',#308,#486,#495,.T.);
#495 = LINE('',#496,#497);
#496 = CARTESIAN_POINT('',(89.5,57.,10.8));
#497 = VECTOR('',#498,1.);
#498 = DIRECTION('',(0.,0.,1.));
#499 = ORIENTED_EDGE('',*,*,#307,.T.);
#500 = ORIENTED_EDGE('',*,*,#494,.T.);
#501 = CYLINDRICAL_SURFACE('',#502,1.5);
#502 = AXIS2_PLACEMENT_3D('',#503,#504,#505);
#503 = CARTESIAN_POINT('',(88.,57.,10.8));
#504 = DIRECTION('',(0.,0.,1.));
#505 = DIRECTION('',(1.,0.,0.));
#506 = ADVANCED_FACE('',(#507),#526,.T.);
#507 = FACE_BOUND('',#508,.T.);
#508 = EDGE_LOOP('',(#509,#518,#524,#525));
#509 = ORIENTED_EDGE('',*,*,#510,.F.);
#510 = EDGE_CURVE('',#511,#511,#513,.T.);
#511 = VERTEX_POINT('',#512);
#512 = CARTESIAN_POINT('',(109.5,57.,13.2));
#513 = CIRCLE('',#514,1.5);
#514 = AXIS2_PLACEMENT_3D('',#515,#516,#517);
#515 = CARTESIAN_POINT('',(108.,57.,13.2));
#516 = DIRECTION('',(0.,0.,1.));
#517 = DIRECTION('',(1.,0.,0.));
#518 = ORIENTED_EDGE('',*,*,#519,.F.);
#519 = EDGE_CURVE('',#319,#511,#520,.T.);
#520 = LINE('',#521,#522);
#521 = CARTESIAN_POINT('',(109.5,57.,10.8));
#522 = VECTOR('',#523,1.);
#523 = DIRECTION('',(0.,0.,1.));
#524 = ORIENTED_EDGE('',*,*,#318,.T.);
#525 = ORIENTED_EDGE('',*,*,#519,.T.);
#526 = CYLINDRICAL_SURFACE('',#527,1.5);
#527 = AXIS2_PLACEMENT_3D('',#528,#529,#530);
#528 = CARTESIAN_POINT('',(108.,57.,10.8));
#529 = DIRECTION('',(0.,0.,1.));
#530 = DIRECTION('',(1.,0.,0.));
#531 = ADVANCED_FACE('',(#532),#535,.T.);
#532 = FACE_BOUND('',#533,.T.);
#533 = EDGE_LOOP('',(#534));
#534 = ORIENTED_EDGE('',*,*,#335,.T.);
#535 = PLANE('',#536);
#536 = AXIS2_PLACEMENT_3D('',#537,#538,#539);
#537 = CARTESIAN_POINT('',(32.,9.,13.2));
#538 = DIRECTION('',(0.,0.,1.));
#539 = DIRECTION('',(1.,0.,0.));
#540 = ADVANCED_FACE('',(#541),#544,.T.);
#541 = FACE_BOUND('',#542,.T.);
#542 = EDGE_LOOP('',(#543));
#543 = ORIENTED_EDGE('',*,*,#360,.T.);
#544 = PLANE('',#545);
#545 = AXIS2_PLACEMENT_3D('',#546,#547,#548);
#546 = CARTESIAN_POINT('',(52.,9.,13.2));
#547 = DIRECTION('',(0.,0.,1.));
#548 = DIRECTION('',(1.,0.,0.));
#549 = ADVANCED_FACE('',(#550),#553,.T.);
#550 = FACE_BOUND('',#551,.T.);
#551 = EDGE_LOOP('',(#552));
#552 = ORIENTED_EDGE('',*,*,#385,.T.);
#553 = PLANE('',#554);
#554 = AXIS2_PLACEMENT_3D('',#555,#556,#557);
#555 = CARTESIAN_POINT('',(32.,57.,13.2));
#556 = DIRECTION('',(0.,0.,1.));
#557 = DIRECTION('',(1.,0.,0.));
#558 = ADVANCED_FACE('',(#559),#562,.T.);
#559 = FACE_BOUND('',#560,.T.);
#560 = EDGE_LOOP('',(#561));
#561 = ORIENTED_EDGE('',*,*,#410,.T.);
#562 = PLANE('',#563);
#563 = AXIS2_PLACEMENT_3D('',#564,#565,#566);
#564 = CARTESIAN_POINT('',(52.,57.,13.2));
#565 = DIRECTION('',(0.,0.,1.));
#566 = DIRECTION('',(1.,0.,0.));
#567 = ADVANCED_FACE('',(#568),#571,.T.);
#568 = FACE_BOUND('',#569,.T.);
#569 = EDGE_LOOP('',(#570));
#570 = ORIENTED_EDGE('',*,*,#435,.T.);
#571 = PLANE('',#572);
#572 = AXIS2_PLACEMENT_3D('',#573,#574,#575);
#573 = CARTESIAN_POINT('',(88.,9.,13.2));
#574 = DIRECTION('',(0.,0.,1.));
#575 = DIRECTION('',(1.,0.,0.));
#576 = ADVANCED_FACE('',(#577),#580,.T.);
#577 = FACE_BOUND('',#578,.T.);
#578 = EDGE_LOOP('',(#579));
#579 = ORIENTED_EDGE('',*,*,#460,.T.);
#580 = PLANE('',#581);
#581 = AXIS2_PLACEMENT_3D('',#582,#583,#584);
#582 = CARTESIAN_POINT('',(108.,9.,13.2));
#583 = DIRECTION('',(0.,0.,1.));
#584 = DIRECTION('',(1.,0.,0.));
#585 = ADVANCED_FACE('',(#586),#589,.T.);
#586 = FACE_BOUND('',#587,.T.);
#587 = EDGE_LOOP('',(#588));
#588 = ORIENTED_EDGE('',*,*,#485,.T.);
#589 = PLANE('',#590);
#590 = AXIS2_PLACEMENT_3D('',#591,#592,#593);
#591 = CARTESIAN_POINT('',(88.,57.,13.2));
#592 = DIRECTION('',(0.,0.,1.));
#593 = DIRECTION('',(1.,0.,0.));
#594 = ADVANCED_FACE('',(#595),#598,.T.);
#595 = FACE_BOUND('',#596,.T.);
#596 = EDGE_LOOP('',(#597));
#597 = ORIENTED_EDGE('',*,*,#510,.T.);
#598 = PLANE('',#599);
#599 = AXIS2_PLACEMENT_3D('',#600,#601,#602);
#600 = CARTESIAN_POINT('',(108.,57.,13.2));
#601 = DIRECTION('',(0.,0.,1.));
#602 = DIRECTION('',(1.,0.,0.));
#603 = ADVANCED_FACE('',(#604),#741,.T.);
#604 = FACE_BOUND('',#605,.T.);
#605 = EDGE_LOOP('',(#606,#607,#615,#623,#631,#639,#647,#655,#663,#671,
    #679,#687,#695,#703,#711,#719,#727,#735));
#606 = ORIENTED_EDGE('',*,*,#102,.T.);
#607 = ORIENTED_EDGE('',*,*,#608,.F.);
#608 = EDGE_CURVE('',#609,#93,#611,.T.);
#609 = VERTEX_POINT('',#610);
#610 = CARTESIAN_POINT('',(0.,61.,32.5));
#611 = LINE('',#612,#613);
#612 = CARTESIAN_POINT('',(0.,61.,32.5));
#613 = VECTOR('',#614,1.);
#614 = DIRECTION('',(0.,0.,-1.));
#615 = ORIENTED_EDGE('',*,*,#616,.F.);
#616 = EDGE_CURVE('',#617,#609,#619,.T.);
#617 = VERTEX_POINT('',#618);
#618 = CARTESIAN_POINT('',(0.,62.5,34.));
#619 = LINE('',#620,#621);
#620 = CARTESIAN_POINT('',(0.,62.5,34.));
#621 = VECTOR('',#622,1.);
#622 = DIRECTION('',(0.,-0.707106781187,-0.707106781187));
#623 = ORIENTED_EDGE('',*,*,#624,.F.);
#624 = EDGE_CURVE('',#625,#617,#627,.T.);
#625 = VERTEX_POINT('',#626);
#626 = CARTESIAN_POINT('',(0.,64.5,34.));
#627 = LINE('',#628,#629);
#628 = CARTESIAN_POINT('',(0.,64.5,34.));
#629 = VECTOR('',#630,1.);
#630 = DIRECTION('',(0.,-1.,0.));
#631 = ORIENTED_EDGE('',*,*,#632,.F.);
#632 = EDGE_CURVE('',#633,#625,#635,.T.);
#633 = VERTEX_POINT('',#634);
#634 = CARTESIAN_POINT('',(0.,66.,32.5));
#635 = LINE('',#636,#637);
#636 = CARTESIAN_POINT('',(0.,66.,32.5));
#637 = VECTOR('',#638,1.);
#638 = DIRECTION('',(0.,-0.707106781187,0.707106781187));
#639 = ORIENTED_EDGE('',*,*,#640,.F.);
#640 = EDGE_CURVE('',#641,#633,#643,.T.);
#641 = VERTEX_POINT('',#642);
#642 = CARTESIAN_POINT('',(0.,66.,10.8));
#643 = LINE('',#644,#645);
#644 = CARTESIAN_POINT('',(0.,66.,14.));
#645 = VECTOR('',#646,1.);
#646 = DIRECTION('',(0.,0.,1.));
#647 = ORIENTED_EDGE('',*,*,#648,.T.);
#648 = EDGE_CURVE('',#641,#649,#651,.T.);
#649 = VERTEX_POINT('',#650);
#650 = CARTESIAN_POINT('',(0.,122.,10.8));
#651 = LINE('',#652,#653);
#652 = CARTESIAN_POINT('',(0.,66.,10.8));
#653 = VECTOR('',#654,1.);
#654 = DIRECTION('',(0.,1.,0.));
#655 = ORIENTED_EDGE('',*,*,#656,.F.);
#656 = EDGE_CURVE('',#657,#649,#659,.T.);
#657 = VERTEX_POINT('',#658);
#658 = CARTESIAN_POINT('',(0.,122.,0.));
#659 = LINE('',#660,#661);
#660 = CARTESIAN_POINT('',(0.,122.,0.));
#661 = VECTOR('',#662,1.);
#662 = DIRECTION('',(0.,0.,1.));
#663 = ORIENTED_EDGE('',*,*,#664,.F.);
#664 = EDGE_CURVE('',#665,#657,#667,.T.);
#665 = VERTEX_POINT('',#666);
#666 = CARTESIAN_POINT('',(0.,65.35,0.));
#667 = LINE('',#668,#669);
#668 = CARTESIAN_POINT('',(0.,0.,0.));
#669 = VECTOR('',#670,1.);
#670 = DIRECTION('',(0.,1.,0.));
#671 = ORIENTED_EDGE('',*,*,#672,.T.);
#672 = EDGE_CURVE('',#665,#673,#675,.T.);
#673 = VERTEX_POINT('',#674);
#674 = CARTESIAN_POINT('',(0.,65.35,5.1));
#675 = LINE('',#676,#677);
#676 = CARTESIAN_POINT('',(0.,65.35,-0.1));
#677 = VECTOR('',#678,1.);
#678 = DIRECTION('',(0.,0.,1.));
#679 = ORIENTED_EDGE('',*,*,#680,.T.);
#680 = EDGE_CURVE('',#673,#681,#683,.T.);
#681 = VERTEX_POINT('',#682);
#682 = CARTESIAN_POINT('',(0.,56.65,5.1));
#683 = LINE('',#684,#685);
#684 = CARTESIAN_POINT('',(0.,30.5,5.1));
#685 = VECTOR('',#686,1.);
#686 = DIRECTION('',(0.,-1.,0.));
#687 = ORIENTED_EDGE('',*,*,#688,.F.);
#688 = EDGE_CURVE('',#689,#681,#691,.T.);
#689 = VERTEX_POINT('',#690);
#690 = CARTESIAN_POINT('',(0.,56.65,0.));
#691 = LINE('',#692,#693);
#692 = CARTESIAN_POINT('',(0.,56.65,-0.1));
#693 = VECTOR('',#694,1.);
#694 = DIRECTION('',(0.,0.,1.));
#695 = ORIENTED_EDGE('',*,*,#696,.F.);
#696 = EDGE_CURVE('',#697,#689,#699,.T.);
#697 = VERTEX_POINT('',#698);
#698 = CARTESIAN_POINT('',(0.,0.,0.));
#699 = LINE('',#700,#701);
#700 = CARTESIAN_POINT('',(0.,0.,0.));
#701 = VECTOR('',#702,1.);
#702 = DIRECTION('',(0.,1.,0.));
#703 = ORIENTED_EDGE('',*,*,#704,.T.);
#704 = EDGE_CURVE('',#697,#705,#707,.T.);
#705 = VERTEX_POINT('',#706);
#706 = CARTESIAN_POINT('',(0.,0.,32.5));
#707 = LINE('',#708,#709);
#708 = CARTESIAN_POINT('',(0.,0.,0.));
#709 = VECTOR('',#710,1.);
#710 = DIRECTION('',(0.,0.,1.));
#711 = ORIENTED_EDGE('',*,*,#712,.F.);
#712 = EDGE_CURVE('',#713,#705,#715,.T.);
#713 = VERTEX_POINT('',#714);
#714 = CARTESIAN_POINT('',(0.,1.5,34.));
#715 = LINE('',#716,#717);
#716 = CARTESIAN_POINT('',(0.,1.5,34.));
#717 = VECTOR('',#718,1.);
#718 = DIRECTION('',(0.,-0.707106781187,-0.707106781187));
#719 = ORIENTED_EDGE('',*,*,#720,.F.);
#720 = EDGE_CURVE('',#721,#713,#723,.T.);
#721 = VERTEX_POINT('',#722);
#722 = CARTESIAN_POINT('',(0.,3.5,34.));
#723 = LINE('',#724,#725);
#724 = CARTESIAN_POINT('',(0.,3.5,34.));
#725 = VECTOR('',#726,1.);
#726 = DIRECTION('',(0.,-1.,0.));
#727 = ORIENTED_EDGE('',*,*,#728,.F.);
#728 = EDGE_CURVE('',#729,#721,#731,.T.);
#729 = VERTEX_POINT('',#730);
#730 = CARTESIAN_POINT('',(0.,5.,32.5));
#731 = LINE('',#732,#733);
#732 = CARTESIAN_POINT('',(0.,5.,32.5));
#733 = VECTOR('',#734,1.);
#734 = DIRECTION('',(0.,-0.707106781187,0.707106781187));
#735 = ORIENTED_EDGE('',*,*,#736,.F.);
#736 = EDGE_CURVE('',#103,#729,#737,.T.);
#737 = LINE('',#738,#739);
#738 = CARTESIAN_POINT('',(0.,5.,14.));
#739 = VECTOR('',#740,1.);
#740 = DIRECTION('',(0.,0.,1.));
#741 = PLANE('',#742);
#742 = AXIS2_PLACEMENT_3D('',#743,#744,#745);
#743 = CARTESIAN_POINT('',(0.,54.529737630753,10.577003860203));
#744 = DIRECTION('',(-1.,-0.,-0.));
#745 = DIRECTION('',(0.,0.,-1.));
#746 = ADVANCED_FACE('',(#747),#772,.F.);
#747 = FACE_BOUND('',#748,.F.);
#748 = EDGE_LOOP('',(#749,#757,#765,#771));
#749 = ORIENTED_EDGE('',*,*,#750,.T.);
#750 = EDGE_CURVE('',#633,#751,#753,.T.);
#751 = VERTEX_POINT('',#752);
#752 = CARTESIAN_POINT('',(112.,66.,32.5));
#753 = LINE('',#754,#755);
#754 = CARTESIAN_POINT('',(0.,66.,32.5));
#755 = VECTOR('',#756,1.);
#756 = DIRECTION('',(1.,0.,0.));
#757 = ORIENTED_EDGE('',*,*,#758,.T.);
#758 = EDGE_CURVE('',#751,#759,#761,.T.);
#759 = VERTEX_POINT('',#760);
#760 = CARTESIAN_POINT('',(112.,64.5,34.));
#761 = LINE('',#762,#763);
#762 = CARTESIAN_POINT('',(112.,66.,32.5));
#763 = VECTOR('',#764,1.);
#764 = DIRECTION('',(0.,-0.707106781187,0.707106781187));
#765 = ORIENTED_EDGE('',*,*,#766,.F.);
#766 = EDGE_CURVE('',#625,#759,#767,.T.);
#767 = LINE('',#768,#769);
#768 = CARTESIAN_POINT('',(0.,64.5,34.));
#769 = VECTOR('',#770,1.);
#770 = DIRECTION('',(1.,0.,0.));
#771 = ORIENTED_EDGE('',*,*,#632,.F.);
#772 = PLANE('',#773);
#773 = AXIS2_PLACEMENT_3D('',#774,#775,#776);
#774 = CARTESIAN_POINT('',(0.,66.,32.5));
#775 = DIRECTION('',(0.,-0.707106781187,-0.707106781187));
#776 = DIRECTION('',(0.,-0.707106781187,0.707106781187));
#777 = ADVANCED_FACE('',(#778),#796,.F.);
#778 = FACE_BOUND('',#779,.F.);
#779 = EDGE_LOOP('',(#780,#781,#789,#795));
#780 = ORIENTED_EDGE('',*,*,#766,.T.);
#781 = ORIENTED_EDGE('',*,*,#782,.T.);
#782 = EDGE_CURVE('',#759,#783,#785,.T.);
#783 = VERTEX_POINT('',#784);
#784 = CARTESIAN_POINT('',(112.,62.5,34.));
#785 = LINE('',#786,#787);
#786 = CARTESIAN_POINT('',(112.,64.5,34.));
#787 = VECTOR('',#788,1.);
#788 = DIRECTION('',(0.,-1.,0.));
#789 = ORIENTED_EDGE('',*,*,#790,.F.);
#790 = EDGE_CURVE('',#617,#783,#791,.T.);
#791 = LINE('',#792,#793);
#792 = CARTESIAN_POINT('',(0.,62.5,34.));
#793 = VECTOR('',#794,1.);
#794 = DIRECTION('',(1.,0.,0.));
#795 = ORIENTED_EDGE('',*,*,#624,.F.);
#796 = PLANE('',#797);
#797 = AXIS2_PLACEMENT_3D('',#798,#799,#800);
#798 = CARTESIAN_POINT('',(0.,64.5,34.));
#799 = DIRECTION('',(0.,0.,-1.));
#800 = DIRECTION('',(0.,-1.,0.));
#801 = ADVANCED_FACE('',(#802),#820,.F.);
#802 = FACE_BOUND('',#803,.F.);
#803 = EDGE_LOOP('',(#804,#805,#813,#819));
#804 = ORIENTED_EDGE('',*,*,#790,.T.);
#805 = ORIENTED_EDGE('',*,*,#806,.T.);
#806 = EDGE_CURVE('',#783,#807,#809,.T.);
#807 = VERTEX_POINT('',#808);
#808 = CARTESIAN_POINT('',(112.,61.,32.5));
#809 = LINE('',#810,#811);
#810 = CARTESIAN_POINT('',(112.,62.5,34.));
#811 = VECTOR('',#812,1.);
#812 = DIRECTION('',(0.,-0.707106781187,-0.707106781187));
#813 = ORIENTED_EDGE('',*,*,#814,.F.);
#814 = EDGE_CURVE('',#609,#807,#815,.T.);
#815 = LINE('',#816,#817);
#816 = CARTESIAN_POINT('',(0.,61.,32.5));
#817 = VECTOR('',#818,1.);
#818 = DIRECTION('',(1.,0.,0.));
#819 = ORIENTED_EDGE('',*,*,#616,.F.);
#820 = PLANE('',#821);
#821 = AXIS2_PLACEMENT_3D('',#822,#823,#824);
#822 = CARTESIAN_POINT('',(0.,62.5,34.));
#823 = DIRECTION('',(0.,0.707106781187,-0.707106781187));
#824 = DIRECTION('',(0.,-0.707106781187,-0.707106781187));
#825 = ADVANCED_FACE('',(#826,#851,#862,#873,#884),#895,.T.);
#826 = FACE_BOUND('',#827,.T.);
#827 = EDGE_LOOP('',(#828,#829,#837,#845));
#828 = ORIENTED_EDGE('',*,*,#648,.F.);
#829 = ORIENTED_EDGE('',*,*,#830,.T.);
#830 = EDGE_CURVE('',#641,#831,#833,.T.);
#831 = VERTEX_POINT('',#832);
#832 = CARTESIAN_POINT('',(28.,66.,10.8));
#833 = LINE('',#834,#835);
#834 = CARTESIAN_POINT('',(0.,66.,10.8));
#835 = VECTOR('',#836,1.);
#836 = DIRECTION('',(1.,0.,0.));
#837 = ORIENTED_EDGE('',*,*,#838,.T.);
#838 = EDGE_CURVE('',#831,#839,#841,.T.);
#839 = VERTEX_POINT('',#840);
#840 = CARTESIAN_POINT('',(28.,122.,10.8));
#841 = LINE('',#842,#843);
#842 = CARTESIAN_POINT('',(28.,66.,10.8));
#843 = VECTOR('',#844,1.);
#844 = DIRECTION('',(0.,1.,0.));
#845 = ORIENTED_EDGE('',*,*,#846,.F.);
#846 = EDGE_CURVE('',#649,#839,#847,.T.);
#847 = LINE('',#848,#849);
#848 = CARTESIAN_POINT('',(0.,122.,10.8));
#849 = VECTOR('',#850,1.);
#850 = DIRECTION('',(1.,0.,0.));
#851 = FACE_BOUND('',#852,.T.);
#852 = EDGE_LOOP('',(#853));
#853 = ORIENTED_EDGE('',*,*,#854,.F.);
#854 = EDGE_CURVE('',#855,#855,#857,.T.);
#855 = VERTEX_POINT('',#856);
#856 = CARTESIAN_POINT('',(5.5,70.,10.8));
#857 = CIRCLE('',#858,1.5);
#858 = AXIS2_PLACEMENT_3D('',#859,#860,#861);
#859 = CARTESIAN_POINT('',(4.,70.,10.8));
#860 = DIRECTION('',(0.,0.,1.));
#861 = DIRECTION('',(1.,0.,0.));
#862 = FACE_BOUND('',#863,.T.);
#863 = EDGE_LOOP('',(#864));
#864 = ORIENTED_EDGE('',*,*,#865,.F.);
#865 = EDGE_CURVE('',#866,#866,#868,.T.);
#866 = VERTEX_POINT('',#867);
#867 = CARTESIAN_POINT('',(25.5,70.,10.8));
#868 = CIRCLE('',#869,1.5);
#869 = AXIS2_PLACEMENT_3D('',#870,#871,#872);
#870 = CARTESIAN_POINT('',(24.,70.,10.8));
#871 = DIRECTION('',(0.,0.,1.));
#872 = DIRECTION('',(1.,0.,0.));
#873 = FACE_BOUND('',#874,.T.);
#874 = EDGE_LOOP('',(#875));
#875 = ORIENTED_EDGE('',*,*,#876,.F.);
#876 = EDGE_CURVE('',#877,#877,#879,.T.);
#877 = VERTEX_POINT('',#878);
#878 = CARTESIAN_POINT('',(5.5,118.,10.8));
#879 = CIRCLE('',#880,1.5);
#880 = AXIS2_PLACEMENT_3D('',#881,#882,#883);
#881 = CARTESIAN_POINT('',(4.,118.,10.8));
#882 = DIRECTION('',(0.,0.,1.));
#883 = DIRECTION('',(1.,0.,0.));
#884 = FACE_BOUND('',#885,.T.);
#885 = EDGE_LOOP('',(#886));
#886 = ORIENTED_EDGE('',*,*,#887,.F.);
#887 = EDGE_CURVE('',#888,#888,#890,.T.);
#888 = VERTEX_POINT('',#889);
#889 = CARTESIAN_POINT('',(25.5,118.,10.8));
#890 = CIRCLE('',#891,1.5);
#891 = AXIS2_PLACEMENT_3D('',#892,#893,#894);
#892 = CARTESIAN_POINT('',(24.,118.,10.8));
#893 = DIRECTION('',(0.,0.,1.));
#894 = DIRECTION('',(1.,0.,0.));
#895 = PLANE('',#896);
#896 = AXIS2_PLACEMENT_3D('',#897,#898,#899);
#897 = CARTESIAN_POINT('',(0.,66.,10.8));
#898 = DIRECTION('',(0.,0.,1.));
#899 = DIRECTION('',(1.,0.,0.));
#900 = ADVANCED_FACE('',(#901),#999,.T.);
#901 = FACE_BOUND('',#902,.T.);
#902 = EDGE_LOOP('',(#903,#913,#921,#929,#937,#945,#953,#961,#967,#968,
    #969,#977,#985,#993));
#903 = ORIENTED_EDGE('',*,*,#904,.T.);
#904 = EDGE_CURVE('',#905,#907,#909,.T.);
#905 = VERTEX_POINT('',#906);
#906 = CARTESIAN_POINT('',(84.,122.,10.8));
#907 = VERTEX_POINT('',#908);
#908 = CARTESIAN_POINT('',(84.,122.,14.));
#909 = LINE('',#910,#911);
#910 = CARTESIAN_POINT('',(84.,122.,10.8));
#911 = VECTOR('',#912,1.);
#912 = DIRECTION('',(0.,0.,1.));
#913 = ORIENTED_EDGE('',*,*,#914,.T.);
#914 = EDGE_CURVE('',#907,#915,#917,.T.);
#915 = VERTEX_POINT('',#916);
#916 = CARTESIAN_POINT('',(112.,122.,14.));
#917 = LINE('',#918,#919);
#918 = CARTESIAN_POINT('',(0.,122.,14.));
#919 = VECTOR('',#920,1.);
#920 = DIRECTION('',(1.,0.,0.));
#921 = ORIENTED_EDGE('',*,*,#922,.F.);
#922 = EDGE_CURVE('',#923,#915,#925,.T.);
#923 = VERTEX_POINT('',#924);
#924 = CARTESIAN_POINT('',(112.,122.,0.));
#925 = LINE('',#926,#927);
#926 = CARTESIAN_POINT('',(112.,122.,0.));
#927 = VECTOR('',#928,1.);
#928 = DIRECTION('',(0.,0.,1.));
#929 = ORIENTED_EDGE('',*,*,#930,.F.);
#930 = EDGE_CURVE('',#931,#923,#933,.T.);
#931 = VERTEX_POINT('',#932);
#932 = CARTESIAN_POINT('',(60.35,122.,0.));
#933 = LINE('',#934,#935);
#934 = CARTESIAN_POINT('',(0.,122.,0.));
#935 = VECTOR('',#936,1.);
#936 = DIRECTION('',(1.,0.,0.));
#937 = ORIENTED_EDGE('',*,*,#938,.T.);
#938 = EDGE_CURVE('',#931,#939,#941,.T.);
#939 = VERTEX_POINT('',#940);
#940 = CARTESIAN_POINT('',(60.35,122.,5.1));
#941 = LINE('',#942,#943);
#942 = CARTESIAN_POINT('',(60.35,122.,-0.1));
#943 = VECTOR('',#944,1.);
#944 = DIRECTION('',(0.,0.,1.));
#945 = ORIENTED_EDGE('',*,*,#946,.F.);
#946 = EDGE_CURVE('',#947,#939,#949,.T.);
#947 = VERTEX_POINT('',#948);
#948 = CARTESIAN_POINT('',(51.65,122.,5.1));
#949 = LINE('',#950,#951);
#950 = CARTESIAN_POINT('',(28.,122.,5.1));
#951 = VECTOR('',#952,1.);
#952 = DIRECTION('',(1.,0.,0.));
#953 = ORIENTED_EDGE('',*,*,#954,.F.);
#954 = EDGE_CURVE('',#955,#947,#957,.T.);
#955 = VERTEX_POINT('',#956);
#956 = CARTESIAN_POINT('',(51.65,122.,0.));
#957 = LINE('',#958,#959);
#958 = CARTESIAN_POINT('',(51.65,122.,-0.1));
#959 = VECTOR('',#960,1.);
#960 = DIRECTION('',(0.,0.,1.));
#961 = ORIENTED_EDGE('',*,*,#962,.F.);
#962 = EDGE_CURVE('',#657,#955,#963,.T.);
#963 = LINE('',#964,#965);
#964 = CARTESIAN_POINT('',(0.,122.,0.));
#965 = VECTOR('',#966,1.);
#966 = DIRECTION('',(1.,0.,0.));
#967 = ORIENTED_EDGE('',*,*,#656,.T.);
#968 = ORIENTED_EDGE('',*,*,#846,.T.);
#969 = ORIENTED_EDGE('',*,*,#970,.T.);
#970 = EDGE_CURVE('',#839,#971,#973,.T.);
#971 = VERTEX_POINT('',#972);
#972 = CARTESIAN_POINT('',(28.,122.,14.));
#973 = LINE('',#974,#975);
#974 = CARTESIAN_POINT('',(28.,122.,10.8));
#975 = VECTOR('',#976,1.);
#976 = DIRECTION('',(0.,0.,1.));
#977 = ORIENTED_EDGE('',*,*,#978,.T.);
#978 = EDGE_CURVE('',#971,#979,#981,.T.);
#979 = VERTEX_POINT('',#980);
#980 = CARTESIAN_POINT('',(56.,122.,14.));
#981 = LINE('',#982,#983);
#982 = CARTESIAN_POINT('',(0.,122.,14.));
#983 = VECTOR('',#984,1.);
#984 = DIRECTION('',(1.,0.,0.));
#985 = ORIENTED_EDGE('',*,*,#986,.F.);
#986 = EDGE_CURVE('',#987,#979,#989,.T.);
#987 = VERTEX_POINT('',#988);
#988 = CARTESIAN_POINT('',(56.,122.,10.8));
#989 = LINE('',#990,#991);
#990 = CARTESIAN_POINT('',(56.,122.,10.8));
#991 = VECTOR('',#992,1.);
#992 = DIRECTION('',(0.,0.,1.));
#993 = ORIENTED_EDGE('',*,*,#994,.T.);
#994 = EDGE_CURVE('',#987,#905,#995,.T.);
#995 = LINE('',#996,#997);
#996 = CARTESIAN_POINT('',(56.,122.,10.8));
#997 = VECTOR('',#998,1.);
#998 = DIRECTION('',(1.,0.,0.));
#999 = PLANE('',#1000);
#1000 = AXIS2_PLACEMENT_3D('',#1001,#1002,#1003);
#1001 = CARTESIAN_POINT('',(0.,122.,0.));
#1002 = DIRECTION('',(0.,1.,0.));
#1003 = DIRECTION('',(0.,0.,1.));
#1004 = ADVANCED_FACE('',(#1005,#1197,#1241),#1285,.F.);
#1005 = FACE_BOUND('',#1006,.F.);
#1006 = EDGE_LOOP('',(#1007,#1008,#1016,#1024,#1032,#1040,#1048,#1056,
    #1064,#1072,#1080,#1088,#1096,#1104,#1112,#1118,#1119,#1127,#1135,
    #1143,#1151,#1157,#1158,#1159,#1167,#1175,#1183,#1191));
#1007 = ORIENTED_EDGE('',*,*,#696,.F.);
#1008 = ORIENTED_EDGE('',*,*,#1009,.T.);
#1009 = EDGE_CURVE('',#697,#1010,#1012,.T.);
#1010 = VERTEX_POINT('',#1011);
#1011 = CARTESIAN_POINT('',(51.65,2.41473507856E-16,0.));
#1012 = LINE('',#1013,#1014);
#1013 = CARTESIAN_POINT('',(0.,0.,0.));
#1014 = VECTOR('',#1015,1.);
#1015 = DIRECTION('',(1.,0.,0.));
#1016 = ORIENTED_EDGE('',*,*,#1017,.T.);
#1017 = EDGE_CURVE('',#1010,#1018,#1020,.T.);
#1018 = VERTEX_POINT('',#1019);
#1019 = CARTESIAN_POINT('',(45.65,8.4735,0.));
#1020 = LINE('',#1021,#1022);
#1021 = CARTESIAN_POINT('',(40.025711913379,16.41640085033,
    1.387778780781E-17));
#1022 = VECTOR('',#1023,1.);
#1023 = DIRECTION('',(-0.577885054295,0.816118167928,0.));
#1024 = ORIENTED_EDGE('',*,*,#1025,.T.);
#1025 = EDGE_CURVE('',#1018,#1026,#1028,.T.);
#1026 = VERTEX_POINT('',#1027);
#1027 = CARTESIAN_POINT('',(45.65,20.175,0.));
#1028 = LINE('',#1029,#1030);
#1029 = CARTESIAN_POINT('',(45.65,10.0875,0.));
#1030 = VECTOR('',#1031,1.);
#1031 = DIRECTION('',(1.110223024625E-16,1.,0.));
#1032 = ORIENTED_EDGE('',*,*,#1033,.T.);
#1033 = EDGE_CURVE('',#1026,#1034,#1036,.T.);
#1034 = VERTEX_POINT('',#1035);
#1035 = CARTESIAN_POINT('',(66.35,20.175,0.));
#1036 = LINE('',#1037,#1038);
#1037 = CARTESIAN_POINT('',(33.175,20.175,0.));
#1038 = VECTOR('',#1039,1.);
#1039 = DIRECTION('',(1.,-1.110223024625E-16,0.));
#1040 = ORIENTED_EDGE('',*,*,#1041,.T.);
#1041 = EDGE_CURVE('',#1034,#1042,#1044,.T.);
#1042 = VERTEX_POINT('',#1043);
#1043 = CARTESIAN_POINT('',(66.35,8.4735,0.));
#1044 = LINE('',#1045,#1046);
#1045 = CARTESIAN_POINT('',(66.35,4.23675,0.));
#1046 = VECTOR('',#1047,1.);
#1047 = DIRECTION('',(-1.110223024625E-16,-1.,0.));
#1048 = ORIENTED_EDGE('',*,*,#1049,.T.);
#1049 = EDGE_CURVE('',#1042,#1050,#1052,.T.);
#1050 = VERTEX_POINT('',#1051);
#1051 = CARTESIAN_POINT('',(60.35,-2.41473507856E-16,0.));
#1052 = LINE('',#1053,#1054);
#1053 = CARTESIAN_POINT('',(50.273024471877,-14.23120868959,0.));
#1054 = VECTOR('',#1055,1.);
#1055 = DIRECTION('',(-0.577885054295,-0.816118167928,0.));
#1056 = ORIENTED_EDGE('',*,*,#1057,.T.);
#1057 = EDGE_CURVE('',#1050,#1058,#1060,.T.);
#1058 = VERTEX_POINT('',#1059);
#1059 = CARTESIAN_POINT('',(112.,0.,0.));
#1060 = LINE('',#1061,#1062);
#1061 = CARTESIAN_POINT('',(0.,0.,0.));
#1062 = VECTOR('',#1063,1.);
#1063 = DIRECTION('',(1.,0.,0.));
#1064 = ORIENTED_EDGE('',*,*,#1065,.T.);
#1065 = EDGE_CURVE('',#1058,#1066,#1068,.T.);
#1066 = VERTEX_POINT('',#1067);
#1067 = CARTESIAN_POINT('',(112.,56.65,0.));
#1068 = LINE('',#1069,#1070);
#1069 = CARTESIAN_POINT('',(112.,0.,0.));
#1070 = VECTOR('',#1071,1.);
#1071 = DIRECTION('',(0.,1.,0.));
#1072 = ORIENTED_EDGE('',*,*,#1073,.T.);
#1073 = EDGE_CURVE('',#1066,#1074,#1076,.T.);
#1074 = VERTEX_POINT('',#1075);
#1075 = CARTESIAN_POINT('',(103.5265,50.65,0.));
#1076 = LINE('',#1077,#1078);
#1077 = CARTESIAN_POINT('',(57.105806534953,17.779974533513,0.));
#1078 = VECTOR('',#1079,1.);
#1079 = DIRECTION('',(-0.816118167928,-0.577885054295,0.));
#1080 = ORIENTED_EDGE('',*,*,#1081,.T.);
#1081 = EDGE_CURVE('',#1074,#1082,#1084,.T.);
#1082 = VERTEX_POINT('',#1083);
#1083 = CARTESIAN_POINT('',(91.825,50.65,0.));
#1084 = LINE('',#1085,#1086);
#1085 = CARTESIAN_POINT('',(45.9125,50.65,0.));
#1086 = VECTOR('',#1087,1.);
#1087 = DIRECTION('',(-1.,0.,0.));
#1088 = ORIENTED_EDGE('',*,*,#1089,.T.);
#1089 = EDGE_CURVE('',#1082,#1090,#1092,.T.);
#1090 = VERTEX_POINT('',#1091);
#1091 = CARTESIAN_POINT('',(91.825,71.35,0.));
#1092 = LINE('',#1093,#1094);
#1093 = CARTESIAN_POINT('',(91.825,35.675,0.));
#1094 = VECTOR('',#1095,1.);
#1095 = DIRECTION('',(0.,1.,0.));
#1096 = ORIENTED_EDGE('',*,*,#1097,.T.);
#1097 = EDGE_CURVE('',#1090,#1098,#1100,.T.);
#1098 = VERTEX_POINT('',#1099);
#1099 = CARTESIAN_POINT('',(103.5265,71.35,0.));
#1100 = LINE('',#1101,#1102);
#1101 = CARTESIAN_POINT('',(51.76325,71.35,0.));
#1102 = VECTOR('',#1103,1.);
#1103 = DIRECTION('',(1.,0.,0.));
#1104 = ORIENTED_EDGE('',*,*,#1105,.T.);
#1105 = EDGE_CURVE('',#1098,#1106,#1108,.T.);
#1106 = VERTEX_POINT('',#1107);
#1107 = CARTESIAN_POINT('',(112.,65.35,0.));
#1108 = LINE('',#1109,#1110);
#1109 = CARTESIAN_POINT('',(90.111528533797,80.849006171855,0.));
#1110 = VECTOR('',#1111,1.);
#1111 = DIRECTION('',(0.816118167928,-0.577885054295,0.));
#1112 = ORIENTED_EDGE('',*,*,#1113,.T.);
#1113 = EDGE_CURVE('',#1106,#923,#1114,.T.);
#1114 = LINE('',#1115,#1116);
#1115 = CARTESIAN_POINT('',(112.,0.,0.));
#1116 = VECTOR('',#1117,1.);
#1117 = DIRECTION('',(0.,1.,0.));
#1118 = ORIENTED_EDGE('',*,*,#930,.F.);
#1119 = ORIENTED_EDGE('',*,*,#1120,.T.);
#1120 = EDGE_CURVE('',#931,#1121,#1123,.T.);
#1121 = VERTEX_POINT('',#1122);
#1122 = CARTESIAN_POINT('',(66.35,113.5265,0.));
#1123 = LINE('',#1124,#1125);
#1124 = CARTESIAN_POINT('',(82.041996470721,91.365477984224,
    1.387778780781E-17));
#1125 = VECTOR('',#1126,1.);
#1126 = DIRECTION('',(0.577885054295,-0.816118167928,0.));
#1127 = ORIENTED_EDGE('',*,*,#1128,.T.);
#1128 = EDGE_CURVE('',#1121,#1129,#1131,.T.);
#1129 = VERTEX_POINT('',#1130);
#1130 = CARTESIAN_POINT('',(66.35,101.825,0.));
#1131 = LINE('',#1132,#1133);
#1132 = CARTESIAN_POINT('',(66.35,50.9125,0.));
#1133 = VECTOR('',#1134,1.);
#1134 = DIRECTION('',(-1.110223024625E-16,-1.,0.));
#1135 = ORIENTED_EDGE('',*,*,#1136,.T.);
#1136 = EDGE_CURVE('',#1129,#1137,#1139,.T.);
#1137 = VERTEX_POINT('',#1138);
#1138 = CARTESIAN_POINT('',(45.65,101.825,0.));
#1139 = LINE('',#1140,#1141);
#1140 = CARTESIAN_POINT('',(22.825,101.825,0.));
#1141 = VECTOR('',#1142,1.);
#1142 = DIRECTION('',(-1.,1.110223024625E-16,0.));
#1143 = ORIENTED_EDGE('',*,*,#1144,.T.);
#1144 = EDGE_CURVE('',#1137,#1145,#1147,.T.);
#1145 = VERTEX_POINT('',#1146);
#1146 = CARTESIAN_POINT('',(45.65,113.5265,0.));
#1147 = LINE('',#1148,#1149);
#1148 = CARTESIAN_POINT('',(45.65,56.76325,0.));
#1149 = VECTOR('',#1150,1.);
#1150 = DIRECTION('',(1.110223024625E-16,1.,0.));
#1151 = ORIENTED_EDGE('',*,*,#1152,.T.);
#1152 = EDGE_CURVE('',#1145,#955,#1153,.T.);
#1153 = LINE('',#1154,#1155);
#1154 = CARTESIAN_POINT('',(14.256739914535,69.191368444302,0.));
#1155 = VECTOR('',#1156,1.);
#1156 = DIRECTION('',(0.577885054295,0.816118167928,0.));
#1157 = ORIENTED_EDGE('',*,*,#962,.F.);
#1158 = ORIENTED_EDGE('',*,*,#664,.F.);
#1159 = ORIENTED_EDGE('',*,*,#1160,.T.);
#1160 = EDGE_CURVE('',#665,#1161,#1163,.T.);
#1161 = VERTEX_POINT('',#1162);
#1162 = CARTESIAN_POINT('',(8.4735,71.35,0.));
#1163 = LINE('',#1164,#1165);
#1164 = CARTESIAN_POINT('',(-11.17351491905,57.438146631933,0.));
#1165 = VECTOR('',#1166,1.);
#1166 = DIRECTION('',(0.816118167928,0.577885054295,0.));
#1167 = ORIENTED_EDGE('',*,*,#1168,.T.);
#1168 = EDGE_CURVE('',#1161,#1169,#1171,.T.);
#1169 = VERTEX_POINT('',#1170);
#1170 = CARTESIAN_POINT('',(20.175,71.35,0.));
#1171 = LINE('',#1172,#1173);
#1172 = CARTESIAN_POINT('',(10.0875,71.35,0.));
#1173 = VECTOR('',#1174,1.);
#1174 = DIRECTION('',(1.,0.,0.));
#1175 = ORIENTED_EDGE('',*,*,#1176,.T.);
#1176 = EDGE_CURVE('',#1169,#1177,#1179,.T.);
#1177 = VERTEX_POINT('',#1178);
#1178 = CARTESIAN_POINT('',(20.175,50.65,0.));
#1179 = LINE('',#1180,#1181);
#1180 = CARTESIAN_POINT('',(20.175,25.325,0.));
#1181 = VECTOR('',#1182,1.);
#1182 = DIRECTION('',(0.,-1.,0.));
#1183 = ORIENTED_EDGE('',*,*,#1184,.T.);
#1184 = EDGE_CURVE('',#1177,#1185,#1187,.T.);
#1185 = VERTEX_POINT('',#1186);
#1186 = CARTESIAN_POINT('',(8.4735,50.65,0.));
#1187 = LINE('',#1188,#1189);
#1188 = CARTESIAN_POINT('',(4.23675,50.65,0.));
#1189 = VECTOR('',#1190,1.);
#1190 = DIRECTION('',(-1.,0.,0.));
#1191 = ORIENTED_EDGE('',*,*,#1192,.T.);
#1192 = EDGE_CURVE('',#1185,#689,#1193,.T.);
#1193 = LINE('',#1194,#1195);
#1194 = CARTESIAN_POINT('',(13.358707079791,47.190834073435,0.));
#1195 = VECTOR('',#1196,1.);
#1196 = DIRECTION('',(-0.816118167928,0.577885054295,0.));
#1197 = FACE_BOUND('',#1198,.F.);
#1198 = EDGE_LOOP('',(#1199,#1210,#1218,#1226,#1234));
#1199 = ORIENTED_EDGE('',*,*,#1200,.F.);
#1200 = EDGE_CURVE('',#1201,#1203,#1205,.T.);
#1201 = VERTEX_POINT('',#1202);
#1202 = CARTESIAN_POINT('',(13.9,115.40440890611,0.));
#1203 = VERTEX_POINT('',#1204);
#1204 = CARTESIAN_POINT('',(20.,112.,0.));
#1205 = CIRCLE('',#1206,4.);
#1206 = AXIS2_PLACEMENT_3D('',#1207,#1208,#1209);
#1207 = CARTESIAN_POINT('',(16.,112.,0.));
#1208 = DIRECTION('',(0.,0.,1.));
#1209 = DIRECTION('',(1.,0.,0.));
#1210 = ORIENTED_EDGE('',*,*,#1211,.T.);
#1211 = EDGE_CURVE('',#1201,#1212,#1214,.T.);
#1212 = VERTEX_POINT('',#1213);
#1213 = CARTESIAN_POINT('',(13.9,120.,0.));
#1214 = LINE('',#1215,#1216);
#1215 = CARTESIAN_POINT('',(13.9,56.,0.));
#1216 = VECTOR('',#1217,1.);
#1217 = DIRECTION('',(0.,1.,0.));
#1218 = ORIENTED_EDGE('',*,*,#1219,.F.);
#1219 = EDGE_CURVE('',#1220,#1212,#1222,.T.);
#1220 = VERTEX_POINT('',#1221);
#1221 = CARTESIAN_POINT('',(18.1,120.,0.));
#1222 = LINE('',#1223,#1224);
#1223 = CARTESIAN_POINT('',(6.95,120.,0.));
#1224 = VECTOR('',#1225,1.);
#1225 = DIRECTION('',(-1.,0.,0.));
#1226 = ORIENTED_EDGE('',*,*,#1227,.F.);
#1227 = EDGE_CURVE('',#1228,#1220,#1230,.T.);
#1228 = VERTEX_POINT('',#1229);
#1229 = CARTESIAN_POINT('',(18.1,115.40440890611,0.));
#1230 = LINE('',#1231,#1232);
#1231 = CARTESIAN_POINT('',(18.1,56.,0.));
#1232 = VECTOR('',#1233,1.);
#1233 = DIRECTION('',(0.,1.,0.));
#1234 = ORIENTED_EDGE('',*,*,#1235,.F.);
#1235 = EDGE_CURVE('',#1203,#1228,#1236,.T.);
#1236 = CIRCLE('',#1237,4.);
#1237 = AXIS2_PLACEMENT_3D('',#1238,#1239,#1240);
#1238 = CARTESIAN_POINT('',(16.,112.,0.));
#1239 = DIRECTION('',(0.,0.,1.));
#1240 = DIRECTION('',(1.,0.,0.));
#1241 = FACE_BOUND('',#1242,.F.);
#1242 = EDGE_LOOP('',(#1243,#1254,#1262,#1270,#1278));
#1243 = ORIENTED_EDGE('',*,*,#1244,.F.);
#1244 = EDGE_CURVE('',#1245,#1247,#1249,.T.);
#1245 = VERTEX_POINT('',#1246);
#1246 = CARTESIAN_POINT('',(93.9,115.40440890611,0.));
#1247 = VERTEX_POINT('',#1248);
#1248 = CARTESIAN_POINT('',(100.,112.,0.));
#1249 = CIRCLE('',#1250,4.);
#1250 = AXIS2_PLACEMENT_3D('',#1251,#1252,#1253);
#1251 = CARTESIAN_POINT('',(96.,112.,0.));
#1252 = DIRECTION('',(0.,0.,1.));
#1253 = DIRECTION('',(1.,0.,0.));
#1254 = ORIENTED_EDGE('',*,*,#1255,.T.);
#1255 = EDGE_CURVE('',#1245,#1256,#1258,.T.);
#1256 = VERTEX_POINT('',#1257);
#1257 = CARTESIAN_POINT('',(93.9,120.,0.));
#1258 = LINE('',#1259,#1260);
#1259 = CARTESIAN_POINT('',(93.9,56.,0.));
#1260 = VECTOR('',#1261,1.);
#1261 = DIRECTION('',(0.,1.,0.));
#1262 = ORIENTED_EDGE('',*,*,#1263,.F.);
#1263 = EDGE_CURVE('',#1264,#1256,#1266,.T.);
#1264 = VERTEX_POINT('',#1265);
#1265 = CARTESIAN_POINT('',(98.1,120.,0.));
#1266 = LINE('',#1267,#1268);
#1267 = CARTESIAN_POINT('',(46.95,120.,0.));
#1268 = VECTOR('',#1269,1.);
#1269 = DIRECTION('',(-1.,0.,0.));
#1270 = ORIENTED_EDGE('',*,*,#1271,.F.);
#1271 = EDGE_CURVE('',#1272,#1264,#1274,.T.);
#1272 = VERTEX_POINT('',#1273);
#1273 = CARTESIAN_POINT('',(98.1,115.40440890611,0.));
#1274 = LINE('',#1275,#1276);
#1275 = CARTESIAN_POINT('',(98.1,56.,0.));
#1276 = VECTOR('',#1277,1.);
#1277 = DIRECTION('',(0.,1.,0.));
#1278 = ORIENTED_EDGE('',*,*,#1279,.F.);
#1279 = EDGE_CURVE('',#1247,#1272,#1280,.T.);
#1280 = CIRCLE('',#1281,4.);
#1281 = AXIS2_PLACEMENT_3D('',#1282,#1283,#1284);
#1282 = CARTESIAN_POINT('',(96.,112.,0.));
#1283 = DIRECTION('',(0.,0.,1.));
#1284 = DIRECTION('',(1.,0.,0.));
#1285 = PLANE('',#1286);
#1286 = AXIS2_PLACEMENT_3D('',#1287,#1288,#1289);
#1287 = CARTESIAN_POINT('',(0.,0.,0.));
#1288 = DIRECTION('',(0.,0.,1.));
#1289 = DIRECTION('',(1.,0.,0.));
#1290 = ADVANCED_FACE('',(#1291),#1309,.T.);
#1291 = FACE_BOUND('',#1292,.T.);
#1292 = EDGE_LOOP('',(#1293,#1294,#1302,#1308));
#1293 = ORIENTED_EDGE('',*,*,#1160,.T.);
#1294 = ORIENTED_EDGE('',*,*,#1295,.T.);
#1295 = EDGE_CURVE('',#1161,#1296,#1298,.T.);
#1296 = VERTEX_POINT('',#1297);
#1297 = CARTESIAN_POINT('',(8.4735,71.35,5.1));
#1298 = LINE('',#1299,#1300);
#1299 = CARTESIAN_POINT('',(8.4735,71.35,-0.1));
#1300 = VECTOR('',#1301,1.);
#1301 = DIRECTION('',(0.,0.,1.));
#1302 = ORIENTED_EDGE('',*,*,#1303,.T.);
#1303 = EDGE_CURVE('',#1296,#673,#1304,.T.);
#1304 = LINE('',#1305,#1306);
#1305 = CARTESIAN_POINT('',(8.4735,71.35,5.1));
#1306 = VECTOR('',#1307,1.);
#1307 = DIRECTION('',(-0.816118167928,-0.577885054295,0.));
#1308 = ORIENTED_EDGE('',*,*,#672,.F.);
#1309 = PLANE('',#1310);
#1310 = AXIS2_PLACEMENT_3D('',#1311,#1312,#1313);
#1311 = CARTESIAN_POINT('',(8.4735,71.35,-0.1));
#1312 = DIRECTION('',(0.577885054295,-0.816118167928,0.));
#1313 = DIRECTION('',(-0.816118167928,-0.577885054295,0.));
#1314 = ADVANCED_FACE('',(#1315),#1349,.F.);
#1315 = FACE_BOUND('',#1316,.F.);
#1316 = EDGE_LOOP('',(#1317,#1318,#1326,#1334,#1342,#1348));
#1317 = ORIENTED_EDGE('',*,*,#680,.T.);
#1318 = ORIENTED_EDGE('',*,*,#1319,.T.);
#1319 = EDGE_CURVE('',#681,#1320,#1322,.T.);
#1320 = VERTEX_POINT('',#1321);
#1321 = CARTESIAN_POINT('',(8.4735,50.65,5.1));
#1322 = LINE('',#1323,#1324);
#1323 = CARTESIAN_POINT('',(0.,56.65,5.1));
#1324 = VECTOR('',#1325,1.);
#1325 = DIRECTION('',(0.816118167928,-0.577885054295,0.));
#1326 = ORIENTED_EDGE('',*,*,#1327,.T.);
#1327 = EDGE_CURVE('',#1320,#1328,#1330,.T.);
#1328 = VERTEX_POINT('',#1329);
#1329 = CARTESIAN_POINT('',(20.175,50.65,5.1));
#1330 = LINE('',#1331,#1332);
#1331 = CARTESIAN_POINT('',(8.4735,50.65,5.1));
#1332 = VECTOR('',#1333,1.);
#1333 = DIRECTION('',(1.,0.,0.));
#1334 = ORIENTED_EDGE('',*,*,#1335,.T.);
#1335 = EDGE_CURVE('',#1328,#1336,#1338,.T.);
#1336 = VERTEX_POINT('',#1337);
#1337 = CARTESIAN_POINT('',(20.175,71.35,5.1));
#1338 = LINE('',#1339,#1340);
#1339 = CARTESIAN_POINT('',(20.175,50.65,5.1));
#1340 = VECTOR('',#1341,1.);
#1341 = DIRECTION('',(0.,1.,0.));
#1342 = ORIENTED_EDGE('',*,*,#1343,.T.);
#1343 = EDGE_CURVE('',#1336,#1296,#1344,.T.);
#1344 = LINE('',#1345,#1346);
#1345 = CARTESIAN_POINT('',(20.175,71.35,5.1));
#1346 = VECTOR('',#1347,1.);
#1347 = DIRECTION('',(-1.,0.,0.));
#1348 = ORIENTED_EDGE('',*,*,#1303,.T.);
#1349 = PLANE('',#1350);
#1350 = AXIS2_PLACEMENT_3D('',#1351,#1352,#1353);
#1351 = CARTESIAN_POINT('',(-1.314432926233E-15,61.,5.1));
#1352 = DIRECTION('',(0.,0.,1.));
#1353 = DIRECTION('',(1.,0.,0.));
#1354 = ADVANCED_FACE('',(#1355),#1366,.T.);
#1355 = FACE_BOUND('',#1356,.T.);
#1356 = EDGE_LOOP('',(#1357,#1358,#1359,#1360));
#1357 = ORIENTED_EDGE('',*,*,#1192,.T.);
#1358 = ORIENTED_EDGE('',*,*,#688,.T.);
#1359 = ORIENTED_EDGE('',*,*,#1319,.T.);
#1360 = ORIENTED_EDGE('',*,*,#1361,.F.);
#1361 = EDGE_CURVE('',#1185,#1320,#1362,.T.);
#1362 = LINE('',#1363,#1364);
#1363 = CARTESIAN_POINT('',(8.4735,50.65,-0.1));
#1364 = VECTOR('',#1365,1.);
#1365 = DIRECTION('',(0.,0.,1.));
#1366 = PLANE('',#1367);
#1367 = AXIS2_PLACEMENT_3D('',#1368,#1369,#1370);
#1368 = CARTESIAN_POINT('',(0.,56.65,-0.1));
#1369 = DIRECTION('',(0.577885054295,0.816118167928,0.));
#1370 = DIRECTION('',(0.816118167928,-0.577885054295,0.));
#1371 = ADVANCED_FACE('',(#1372),#1390,.F.);
#1372 = FACE_BOUND('',#1373,.F.);
#1373 = EDGE_LOOP('',(#1374,#1382,#1383,#1384));
#1374 = ORIENTED_EDGE('',*,*,#1375,.F.);
#1375 = EDGE_CURVE('',#831,#1376,#1378,.T.);
#1376 = VERTEX_POINT('',#1377);
#1377 = CARTESIAN_POINT('',(28.,66.,14.));
#1378 = LINE('',#1379,#1380);
#1379 = CARTESIAN_POINT('',(28.,66.,10.8));
#1380 = VECTOR('',#1381,1.);
#1381 = DIRECTION('',(0.,0.,1.));
#1382 = ORIENTED_EDGE('',*,*,#838,.T.);
#1383 = ORIENTED_EDGE('',*,*,#970,.T.);
#1384 = ORIENTED_EDGE('',*,*,#1385,.F.);
#1385 = EDGE_CURVE('',#1376,#971,#1386,.T.);
#1386 = LINE('',#1387,#1388);
#1387 = CARTESIAN_POINT('',(28.,33.,14.));
#1388 = VECTOR('',#1389,1.);
#1389 = DIRECTION('',(0.,1.,0.));
#1390 = PLANE('',#1391);
#1391 = AXIS2_PLACEMENT_3D('',#1392,#1393,#1394);
#1392 = CARTESIAN_POINT('',(28.,66.,10.8));
#1393 = DIRECTION('',(1.,0.,0.));
#1394 = DIRECTION('',(0.,0.,1.));
#1395 = ADVANCED_FACE('',(#1396),#1415,.T.);
#1396 = FACE_BOUND('',#1397,.T.);
#1397 = EDGE_LOOP('',(#1398,#1407,#1413,#1414));
#1398 = ORIENTED_EDGE('',*,*,#1399,.F.);
#1399 = EDGE_CURVE('',#1400,#1400,#1402,.T.);
#1400 = VERTEX_POINT('',#1401);
#1401 = CARTESIAN_POINT('',(5.5,70.,13.2));
#1402 = CIRCLE('',#1403,1.5);
#1403 = AXIS2_PLACEMENT_3D('',#1404,#1405,#1406);
#1404 = CARTESIAN_POINT('',(4.,70.,13.2));
#1405 = DIRECTION('',(0.,0.,1.));
#1406 = DIRECTION('',(1.,0.,0.));
#1407 = ORIENTED_EDGE('',*,*,#1408,.F.);
#1408 = EDGE_CURVE('',#855,#1400,#1409,.T.);
#1409 = LINE('',#1410,#1411);
#1410 = CARTESIAN_POINT('',(5.5,70.,10.8));
#1411 = VECTOR('',#1412,1.);
#1412 = DIRECTION('',(0.,0.,1.));
#1413 = ORIENTED_EDGE('',*,*,#854,.T.);
#1414 = ORIENTED_EDGE('',*,*,#1408,.T.);
#1415 = CYLINDRICAL_SURFACE('',#1416,1.5);
#1416 = AXIS2_PLACEMENT_3D('',#1417,#1418,#1419);
#1417 = CARTESIAN_POINT('',(4.,70.,10.8));
#1418 = DIRECTION('',(0.,0.,1.));
#1419 = DIRECTION('',(1.,0.,0.));
#1420 = ADVANCED_FACE('',(#1421),#1440,.T.);
#1421 = FACE_BOUND('',#1422,.T.);
#1422 = EDGE_LOOP('',(#1423,#1432,#1438,#1439));
#1423 = ORIENTED_EDGE('',*,*,#1424,.F.);
#1424 = EDGE_CURVE('',#1425,#1425,#1427,.T.);
#1425 = VERTEX_POINT('',#1426);
#1426 = CARTESIAN_POINT('',(25.5,70.,13.2));
#1427 = CIRCLE('',#1428,1.5);
#1428 = AXIS2_PLACEMENT_3D('',#1429,#1430,#1431);
#1429 = CARTESIAN_POINT('',(24.,70.,13.2));
#1430 = DIRECTION('',(0.,0.,1.));
#1431 = DIRECTION('',(1.,0.,0.));
#1432 = ORIENTED_EDGE('',*,*,#1433,.F.);
#1433 = EDGE_CURVE('',#866,#1425,#1434,.T.);
#1434 = LINE('',#1435,#1436);
#1435 = CARTESIAN_POINT('',(25.5,70.,10.8));
#1436 = VECTOR('',#1437,1.);
#1437 = DIRECTION('',(0.,0.,1.));
#1438 = ORIENTED_EDGE('',*,*,#865,.T.);
#1439 = ORIENTED_EDGE('',*,*,#1433,.T.);
#1440 = CYLINDRICAL_SURFACE('',#1441,1.5);
#1441 = AXIS2_PLACEMENT_3D('',#1442,#1443,#1444);
#1442 = CARTESIAN_POINT('',(24.,70.,10.8));
#1443 = DIRECTION('',(0.,0.,1.));
#1444 = DIRECTION('',(1.,0.,0.));
#1445 = ADVANCED_FACE('',(#1446),#1465,.T.);
#1446 = FACE_BOUND('',#1447,.T.);
#1447 = EDGE_LOOP('',(#1448,#1457,#1463,#1464));
#1448 = ORIENTED_EDGE('',*,*,#1449,.F.);
#1449 = EDGE_CURVE('',#1450,#1450,#1452,.T.);
#1450 = VERTEX_POINT('',#1451);
#1451 = CARTESIAN_POINT('',(5.5,118.,13.2));
#1452 = CIRCLE('',#1453,1.5);
#1453 = AXIS2_PLACEMENT_3D('',#1454,#1455,#1456);
#1454 = CARTESIAN_POINT('',(4.,118.,13.2));
#1455 = DIRECTION('',(0.,0.,1.));
#1456 = DIRECTION('',(1.,0.,0.));
#1457 = ORIENTED_EDGE('',*,*,#1458,.F.);
#1458 = EDGE_CURVE('',#877,#1450,#1459,.T.);
#1459 = LINE('',#1460,#1461);
#1460 = CARTESIAN_POINT('',(5.5,118.,10.8));
#1461 = VECTOR('',#1462,1.);
#1462 = DIRECTION('',(0.,0.,1.));
#1463 = ORIENTED_EDGE('',*,*,#876,.T.);
#1464 = ORIENTED_EDGE('',*,*,#1458,.T.);
#1465 = CYLINDRICAL_SURFACE('',#1466,1.5);
#1466 = AXIS2_PLACEMENT_3D('',#1467,#1468,#1469);
#1467 = CARTESIAN_POINT('',(4.,118.,10.8));
#1468 = DIRECTION('',(0.,0.,1.));
#1469 = DIRECTION('',(1.,0.,0.));
#1470 = ADVANCED_FACE('',(#1471),#1490,.T.);
#1471 = FACE_BOUND('',#1472,.T.);
#1472 = EDGE_LOOP('',(#1473,#1482,#1488,#1489));
#1473 = ORIENTED_EDGE('',*,*,#1474,.F.);
#1474 = EDGE_CURVE('',#1475,#1475,#1477,.T.);
#1475 = VERTEX_POINT('',#1476);
#1476 = CARTESIAN_POINT('',(25.5,118.,13.2));
#1477 = CIRCLE('',#1478,1.5);
#1478 = AXIS2_PLACEMENT_3D('',#1479,#1480,#1481);
#1479 = CARTESIAN_POINT('',(24.,118.,13.2));
#1480 = DIRECTION('',(0.,0.,1.));
#1481 = DIRECTION('',(1.,0.,0.));
#1482 = ORIENTED_EDGE('',*,*,#1483,.F.);
#1483 = EDGE_CURVE('',#888,#1475,#1484,.T.);
#1484 = LINE('',#1485,#1486);
#1485 = CARTESIAN_POINT('',(25.5,118.,10.8));
#1486 = VECTOR('',#1487,1.);
#1487 = DIRECTION('',(0.,0.,1.));
#1488 = ORIENTED_EDGE('',*,*,#887,.T.);
#1489 = ORIENTED_EDGE('',*,*,#1483,.T.);
#1490 = CYLINDRICAL_SURFACE('',#1491,1.5);
#1491 = AXIS2_PLACEMENT_3D('',#1492,#1493,#1494);
#1492 = CARTESIAN_POINT('',(24.,118.,10.8));
#1493 = DIRECTION('',(0.,0.,1.));
#1494 = DIRECTION('',(1.,0.,0.));
#1495 = ADVANCED_FACE('',(#1496),#1521,.F.);
#1496 = FACE_BOUND('',#1497,.F.);
#1497 = EDGE_LOOP('',(#1498,#1508,#1514,#1515));
#1498 = ORIENTED_EDGE('',*,*,#1499,.F.);
#1499 = EDGE_CURVE('',#1500,#1502,#1504,.T.);
#1500 = VERTEX_POINT('',#1501);
#1501 = CARTESIAN_POINT('',(84.,66.,10.8));
#1502 = VERTEX_POINT('',#1503);
#1503 = CARTESIAN_POINT('',(84.,66.,14.));
#1504 = LINE('',#1505,#1506);
#1505 = CARTESIAN_POINT('',(84.,66.,10.8));
#1506 = VECTOR('',#1507,1.);
#1507 = DIRECTION('',(0.,0.,1.));
#1508 = ORIENTED_EDGE('',*,*,#1509,.T.);
#1509 = EDGE_CURVE('',#1500,#905,#1510,.T.);
#1510 = LINE('',#1511,#1512);
#1511 = CARTESIAN_POINT('',(84.,66.,10.8));
#1512 = VECTOR('',#1513,1.);
#1513 = DIRECTION('',(0.,1.,0.));
#1514 = ORIENTED_EDGE('',*,*,#904,.T.);
#1515 = ORIENTED_EDGE('',*,*,#1516,.F.);
#1516 = EDGE_CURVE('',#1502,#907,#1517,.T.);
#1517 = LINE('',#1518,#1519);
#1518 = CARTESIAN_POINT('',(84.,33.,14.));
#1519 = VECTOR('',#1520,1.);
#1520 = DIRECTION('',(0.,1.,0.));
#1521 = PLANE('',#1522);
#1522 = AXIS2_PLACEMENT_3D('',#1523,#1524,#1525);
#1523 = CARTESIAN_POINT('',(84.,66.,10.8));
#1524 = DIRECTION('',(1.,0.,0.));
#1525 = DIRECTION('',(0.,0.,1.));
#1526 = ADVANCED_FACE('',(#1527,#1545,#1556,#1567,#1578),#1589,.T.);
#1527 = FACE_BOUND('',#1528,.T.);
#1528 = EDGE_LOOP('',(#1529,#1537,#1543,#1544));
#1529 = ORIENTED_EDGE('',*,*,#1530,.F.);
#1530 = EDGE_CURVE('',#1531,#987,#1533,.T.);
#1531 = VERTEX_POINT('',#1532);
#1532 = CARTESIAN_POINT('',(56.,66.,10.8));
#1533 = LINE('',#1534,#1535);
#1534 = CARTESIAN_POINT('',(56.,66.,10.8));
#1535 = VECTOR('',#1536,1.);
#1536 = DIRECTION('',(0.,1.,0.));
#1537 = ORIENTED_EDGE('',*,*,#1538,.T.);
#1538 = EDGE_CURVE('',#1531,#1500,#1539,.T.);
#1539 = LINE('',#1540,#1541);
#1540 = CARTESIAN_POINT('',(56.,66.,10.8));
#1541 = VECTOR('',#1542,1.);
#1542 = DIRECTION('',(1.,0.,0.));
#1543 = ORIENTED_EDGE('',*,*,#1509,.T.);
#1544 = ORIENTED_EDGE('',*,*,#994,.F.);
#1545 = FACE_BOUND('',#1546,.T.);
#1546 = EDGE_LOOP('',(#1547));
#1547 = ORIENTED_EDGE('',*,*,#1548,.F.);
#1548 = EDGE_CURVE('',#1549,#1549,#1551,.T.);
#1549 = VERTEX_POINT('',#1550);
#1550 = CARTESIAN_POINT('',(61.5,70.,10.8));
#1551 = CIRCLE('',#1552,1.5);
#1552 = AXIS2_PLACEMENT_3D('',#1553,#1554,#1555);
#1553 = CARTESIAN_POINT('',(60.,70.,10.8));
#1554 = DIRECTION('',(0.,0.,1.));
#1555 = DIRECTION('',(1.,0.,0.));
#1556 = FACE_BOUND('',#1557,.T.);
#1557 = EDGE_LOOP('',(#1558));
#1558 = ORIENTED_EDGE('',*,*,#1559,.F.);
#1559 = EDGE_CURVE('',#1560,#1560,#1562,.T.);
#1560 = VERTEX_POINT('',#1561);
#1561 = CARTESIAN_POINT('',(81.5,70.,10.8));
#1562 = CIRCLE('',#1563,1.5);
#1563 = AXIS2_PLACEMENT_3D('',#1564,#1565,#1566);
#1564 = CARTESIAN_POINT('',(80.,70.,10.8));
#1565 = DIRECTION('',(0.,0.,1.));
#1566 = DIRECTION('',(1.,0.,0.));
#1567 = FACE_BOUND('',#1568,.T.);
#1568 = EDGE_LOOP('',(#1569));
#1569 = ORIENTED_EDGE('',*,*,#1570,.F.);
#1570 = EDGE_CURVE('',#1571,#1571,#1573,.T.);
#1571 = VERTEX_POINT('',#1572);
#1572 = CARTESIAN_POINT('',(61.5,118.,10.8));
#1573 = CIRCLE('',#1574,1.5);
#1574 = AXIS2_PLACEMENT_3D('',#1575,#1576,#1577);
#1575 = CARTESIAN_POINT('',(60.,118.,10.8));
#1576 = DIRECTION('',(0.,0.,1.));
#1577 = DIRECTION('',(1.,0.,0.));
#1578 = FACE_BOUND('',#1579,.T.);
#1579 = EDGE_LOOP('',(#1580));
#1580 = ORIENTED_EDGE('',*,*,#1581,.F.);
#1581 = EDGE_CURVE('',#1582,#1582,#1584,.T.);
#1582 = VERTEX_POINT('',#1583);
#1583 = CARTESIAN_POINT('',(81.5,118.,10.8));
#1584 = CIRCLE('',#1585,1.5);
#1585 = AXIS2_PLACEMENT_3D('',#1586,#1587,#1588);
#1586 = CARTESIAN_POINT('',(80.,118.,10.8));
#1587 = DIRECTION('',(0.,0.,1.));
#1588 = DIRECTION('',(1.,0.,0.));
#1589 = PLANE('',#1590);
#1590 = AXIS2_PLACEMENT_3D('',#1591,#1592,#1593);
#1591 = CARTESIAN_POINT('',(56.,66.,10.8));
#1592 = DIRECTION('',(0.,0.,1.));
#1593 = DIRECTION('',(1.,0.,0.));
#1594 = ADVANCED_FACE('',(#1595),#1613,.T.);
#1595 = FACE_BOUND('',#1596,.T.);
#1596 = EDGE_LOOP('',(#1597,#1605,#1606,#1607));
#1597 = ORIENTED_EDGE('',*,*,#1598,.F.);
#1598 = EDGE_CURVE('',#1531,#1599,#1601,.T.);
#1599 = VERTEX_POINT('',#1600);
#1600 = CARTESIAN_POINT('',(56.,66.,14.));
#1601 = LINE('',#1602,#1603);
#1602 = CARTESIAN_POINT('',(56.,66.,10.8));
#1603 = VECTOR('',#1604,1.);
#1604 = DIRECTION('',(0.,0.,1.));
#1605 = ORIENTED_EDGE('',*,*,#1530,.T.);
#1606 = ORIENTED_EDGE('',*,*,#986,.T.);
#1607 = ORIENTED_EDGE('',*,*,#1608,.F.);
#1608 = EDGE_CURVE('',#1599,#979,#1609,.T.);
#1609 = LINE('',#1610,#1611);
#1610 = CARTESIAN_POINT('',(56.,33.,14.));
#1611 = VECTOR('',#1612,1.);
#1612 = DIRECTION('',(0.,1.,0.));
#1613 = PLANE('',#1614);
#1614 = AXIS2_PLACEMENT_3D('',#1615,#1616,#1617);
#1615 = CARTESIAN_POINT('',(56.,66.,10.8));
#1616 = DIRECTION('',(1.,0.,0.));
#1617 = DIRECTION('',(0.,0.,1.));
#1618 = ADVANCED_FACE('',(#1619),#1630,.T.);
#1619 = FACE_BOUND('',#1620,.T.);
#1620 = EDGE_LOOP('',(#1621,#1622,#1623,#1629));
#1621 = ORIENTED_EDGE('',*,*,#978,.F.);
#1622 = ORIENTED_EDGE('',*,*,#1385,.F.);
#1623 = ORIENTED_EDGE('',*,*,#1624,.T.);
#1624 = EDGE_CURVE('',#1376,#1599,#1625,.T.);
#1625 = LINE('',#1626,#1627);
#1626 = CARTESIAN_POINT('',(0.,66.,14.));
#1627 = VECTOR('',#1628,1.);
#1628 = DIRECTION('',(1.,0.,0.));
#1629 = ORIENTED_EDGE('',*,*,#1608,.T.);
#1630 = PLANE('',#1631);
#1631 = AXIS2_PLACEMENT_3D('',#1632,#1633,#1634);
#1632 = CARTESIAN_POINT('',(0.,0.,14.));
#1633 = DIRECTION('',(0.,0.,1.));
#1634 = DIRECTION('',(1.,0.,0.));
#1635 = ADVANCED_FACE('',(#1636),#1654,.T.);
#1636 = FACE_BOUND('',#1637,.T.);
#1637 = EDGE_LOOP('',(#1638,#1639,#1640,#1648));
#1638 = ORIENTED_EDGE('',*,*,#1152,.T.);
#1639 = ORIENTED_EDGE('',*,*,#954,.T.);
#1640 = ORIENTED_EDGE('',*,*,#1641,.T.);
#1641 = EDGE_CURVE('',#947,#1642,#1644,.T.);
#1642 = VERTEX_POINT('',#1643);
#1643 = CARTESIAN_POINT('',(45.65,113.5265,5.1));
#1644 = LINE('',#1645,#1646);
#1645 = CARTESIAN_POINT('',(51.65,122.,5.1));
#1646 = VECTOR('',#1647,1.);
#1647 = DIRECTION('',(-0.577885054295,-0.816118167928,0.));
#1648 = ORIENTED_EDGE('',*,*,#1649,.F.);
#1649 = EDGE_CURVE('',#1145,#1642,#1650,.T.);
#1650 = LINE('',#1651,#1652);
#1651 = CARTESIAN_POINT('',(45.65,113.5265,-0.1));
#1652 = VECTOR('',#1653,1.);
#1653 = DIRECTION('',(0.,0.,1.));
#1654 = PLANE('',#1655);
#1655 = AXIS2_PLACEMENT_3D('',#1656,#1657,#1658);
#1656 = CARTESIAN_POINT('',(51.65,122.,-0.1));
#1657 = DIRECTION('',(0.816118167928,-0.577885054295,0.));
#1658 = DIRECTION('',(-0.577885054295,-0.816118167928,0.));
#1659 = ADVANCED_FACE('',(#1660),#1694,.F.);
#1660 = FACE_BOUND('',#1661,.F.);
#1661 = EDGE_LOOP('',(#1662,#1672,#1680,#1686,#1687,#1688));
#1662 = ORIENTED_EDGE('',*,*,#1663,.T.);
#1663 = EDGE_CURVE('',#1664,#1666,#1668,.T.);
#1664 = VERTEX_POINT('',#1665);
#1665 = CARTESIAN_POINT('',(45.65,101.825,5.1));
#1666 = VERTEX_POINT('',#1667);
#1667 = CARTESIAN_POINT('',(66.35,101.825,5.1));
#1668 = LINE('',#1669,#1670);
#1669 = CARTESIAN_POINT('',(45.65,101.825,5.1));
#1670 = VECTOR('',#1671,1.);
#1671 = DIRECTION('',(1.,-1.110223024625E-16,0.));
#1672 = ORIENTED_EDGE('',*,*,#1673,.T.);
#1673 = EDGE_CURVE('',#1666,#1674,#1676,.T.);
#1674 = VERTEX_POINT('',#1675);
#1675 = CARTESIAN_POINT('',(66.35,113.5265,5.1));
#1676 = LINE('',#1677,#1678);
#1677 = CARTESIAN_POINT('',(66.35,101.825,5.1));
#1678 = VECTOR('',#1679,1.);
#1679 = DIRECTION('',(1.110223024625E-16,1.,0.));
#1680 = ORIENTED_EDGE('',*,*,#1681,.T.);
#1681 = EDGE_CURVE('',#1674,#939,#1682,.T.);
#1682 = LINE('',#1683,#1684);
#1683 = CARTESIAN_POINT('',(66.35,113.5265,5.1));
#1684 = VECTOR('',#1685,1.);
#1685 = DIRECTION('',(-0.577885054295,0.816118167928,0.));
#1686 = ORIENTED_EDGE('',*,*,#946,.F.);
#1687 = ORIENTED_EDGE('',*,*,#1641,.T.);
#1688 = ORIENTED_EDGE('',*,*,#1689,.T.);
#1689 = EDGE_CURVE('',#1642,#1664,#1690,.T.);
#1690 = LINE('',#1691,#1692);
#1691 = CARTESIAN_POINT('',(45.65,113.5265,5.1));
#1692 = VECTOR('',#1693,1.);
#1693 = DIRECTION('',(-1.110223024625E-16,-1.,0.));
#1694 = PLANE('',#1695);
#1695 = AXIS2_PLACEMENT_3D('',#1696,#1697,#1698);
#1696 = CARTESIAN_POINT('',(56.,122.,5.1));
#1697 = DIRECTION('',(0.,0.,1.));
#1698 = DIRECTION('',(1.110223024625E-16,1.,0.));
#1699 = ADVANCED_FACE('',(#1700),#1711,.T.);
#1700 = FACE_BOUND('',#1701,.T.);
#1701 = EDGE_LOOP('',(#1702,#1703,#1709,#1710));
#1702 = ORIENTED_EDGE('',*,*,#1120,.T.);
#1703 = ORIENTED_EDGE('',*,*,#1704,.T.);
#1704 = EDGE_CURVE('',#1121,#1674,#1705,.T.);
#1705 = LINE('',#1706,#1707);
#1706 = CARTESIAN_POINT('',(66.35,113.5265,-0.1));
#1707 = VECTOR('',#1708,1.);
#1708 = DIRECTION('',(0.,0.,1.));
#1709 = ORIENTED_EDGE('',*,*,#1681,.T.);
#1710 = ORIENTED_EDGE('',*,*,#938,.F.);
#1711 = PLANE('',#1712);
#1712 = AXIS2_PLACEMENT_3D('',#1713,#1714,#1715);
#1713 = CARTESIAN_POINT('',(66.35,113.5265,-0.1));
#1714 = DIRECTION('',(-0.816118167928,-0.577885054295,0.));
#1715 = DIRECTION('',(-0.577885054295,0.816118167928,0.));
#1716 = ADVANCED_FACE('',(#1717),#1735,.T.);
#1717 = FACE_BOUND('',#1718,.T.);
#1718 = EDGE_LOOP('',(#1719,#1720,#1728,#1734));
#1719 = ORIENTED_EDGE('',*,*,#1516,.F.);
#1720 = ORIENTED_EDGE('',*,*,#1721,.T.);
#1721 = EDGE_CURVE('',#1502,#1722,#1724,.T.);
#1722 = VERTEX_POINT('',#1723);
#1723 = CARTESIAN_POINT('',(112.,66.,14.));
#1724 = LINE('',#1725,#1726);
#1725 = CARTESIAN_POINT('',(0.,66.,14.));
#1726 = VECTOR('',#1727,1.);
#1727 = DIRECTION('',(1.,0.,0.));
#1728 = ORIENTED_EDGE('',*,*,#1729,.T.);
#1729 = EDGE_CURVE('',#1722,#915,#1730,.T.);
#1730 = LINE('',#1731,#1732);
#1731 = CARTESIAN_POINT('',(112.,0.,14.));
#1732 = VECTOR('',#1733,1.);
#1733 = DIRECTION('',(0.,1.,0.));
#1734 = ORIENTED_EDGE('',*,*,#914,.F.);
#1735 = PLANE('',#1736);
#1736 = AXIS2_PLACEMENT_3D('',#1737,#1738,#1739);
#1737 = CARTESIAN_POINT('',(0.,0.,14.));
#1738 = DIRECTION('',(0.,0.,1.));
#1739 = DIRECTION('',(1.,0.,0.));
#1740 = ADVANCED_FACE('',(#1741),#1766,.T.);
#1741 = FACE_BOUND('',#1742,.T.);
#1742 = EDGE_LOOP('',(#1743,#1744,#1752,#1760));
#1743 = ORIENTED_EDGE('',*,*,#1017,.T.);
#1744 = ORIENTED_EDGE('',*,*,#1745,.T.);
#1745 = EDGE_CURVE('',#1018,#1746,#1748,.T.);
#1746 = VERTEX_POINT('',#1747);
#1747 = CARTESIAN_POINT('',(45.65,8.4735,5.1));
#1748 = LINE('',#1749,#1750);
#1749 = CARTESIAN_POINT('',(45.65,8.4735,-0.1));
#1750 = VECTOR('',#1751,1.);
#1751 = DIRECTION('',(0.,0.,1.));
#1752 = ORIENTED_EDGE('',*,*,#1753,.T.);
#1753 = EDGE_CURVE('',#1746,#1754,#1756,.T.);
#1754 = VERTEX_POINT('',#1755);
#1755 = CARTESIAN_POINT('',(51.65,4.829470157119E-16,5.1));
#1756 = LINE('',#1757,#1758);
#1757 = CARTESIAN_POINT('',(45.65,8.4735,5.1));
#1758 = VECTOR('',#1759,1.);
#1759 = DIRECTION('',(0.577885054295,-0.816118167928,0.));
#1760 = ORIENTED_EDGE('',*,*,#1761,.F.);
#1761 = EDGE_CURVE('',#1010,#1754,#1762,.T.);
#1762 = LINE('',#1763,#1764);
#1763 = CARTESIAN_POINT('',(51.65,4.829470157119E-16,-0.1));
#1764 = VECTOR('',#1765,1.);
#1765 = DIRECTION('',(0.,0.,1.));
#1766 = PLANE('',#1767);
#1767 = AXIS2_PLACEMENT_3D('',#1768,#1769,#1770);
#1768 = CARTESIAN_POINT('',(45.65,8.4735,-0.1));
#1769 = DIRECTION('',(0.816118167928,0.577885054295,0.));
#1770 = DIRECTION('',(0.577885054295,-0.816118167928,0.));
#1771 = ADVANCED_FACE('',(#1772),#1783,.T.);
#1772 = FACE_BOUND('',#1773,.T.);
#1773 = EDGE_LOOP('',(#1774,#1775,#1776,#1777));
#1774 = ORIENTED_EDGE('',*,*,#1184,.T.);
#1775 = ORIENTED_EDGE('',*,*,#1361,.T.);
#1776 = ORIENTED_EDGE('',*,*,#1327,.T.);
#1777 = ORIENTED_EDGE('',*,*,#1778,.F.);
#1778 = EDGE_CURVE('',#1177,#1328,#1779,.T.);
#1779 = LINE('',#1780,#1781);
#1780 = CARTESIAN_POINT('',(20.175,50.65,-0.1));
#1781 = VECTOR('',#1782,1.);
#1782 = DIRECTION('',(0.,0.,1.));
#1783 = PLANE('',#1784);
#1784 = AXIS2_PLACEMENT_3D('',#1785,#1786,#1787);
#1785 = CARTESIAN_POINT('',(8.4735,50.65,-0.1));
#1786 = DIRECTION('',(0.,1.,0.));
#1787 = DIRECTION('',(1.,0.,0.));
#1788 = ADVANCED_FACE('',(#1789),#1807,.T.);
#1789 = FACE_BOUND('',#1790,.T.);
#1790 = EDGE_LOOP('',(#1791,#1792,#1800,#1806));
#1791 = ORIENTED_EDGE('',*,*,#1025,.T.);
#1792 = ORIENTED_EDGE('',*,*,#1793,.T.);
#1793 = EDGE_CURVE('',#1026,#1794,#1796,.T.);
#1794 = VERTEX_POINT('',#1795);
#1795 = CARTESIAN_POINT('',(45.65,20.175,5.1));
#1796 = LINE('',#1797,#1798);
#1797 = CARTESIAN_POINT('',(45.65,20.175,-0.1));
#1798 = VECTOR('',#1799,1.);
#1799 = DIRECTION('',(0.,0.,1.));
#1800 = ORIENTED_EDGE('',*,*,#1801,.T.);
#1801 = EDGE_CURVE('',#1794,#1746,#1802,.T.);
#1802 = LINE('',#1803,#1804);
#1803 = CARTESIAN_POINT('',(45.65,20.175,5.1));
#1804 = VECTOR('',#1805,1.);
#1805 = DIRECTION('',(-1.110223024625E-16,-1.,0.));
#1806 = ORIENTED_EDGE('',*,*,#1745,.F.);
#1807 = PLANE('',#1808);
#1808 = AXIS2_PLACEMENT_3D('',#1809,#1810,#1811);
#1809 = CARTESIAN_POINT('',(45.65,20.175,-0.1));
#1810 = DIRECTION('',(1.,-1.110223024625E-16,0.));
#1811 = DIRECTION('',(-1.110223024625E-16,-1.,0.));
#1812 = ADVANCED_FACE('',(#1813),#1824,.T.);
#1813 = FACE_BOUND('',#1814,.T.);
#1814 = EDGE_LOOP('',(#1815,#1816,#1817,#1818));
#1815 = ORIENTED_EDGE('',*,*,#1176,.T.);
#1816 = ORIENTED_EDGE('',*,*,#1778,.T.);
#1817 = ORIENTED_EDGE('',*,*,#1335,.T.);
#1818 = ORIENTED_EDGE('',*,*,#1819,.F.);
#1819 = EDGE_CURVE('',#1169,#1336,#1820,.T.);
#1820 = LINE('',#1821,#1822);
#1821 = CARTESIAN_POINT('',(20.175,71.35,-0.1));
#1822 = VECTOR('',#1823,1.);
#1823 = DIRECTION('',(0.,0.,1.));
#1824 = PLANE('',#1825);
#1825 = AXIS2_PLACEMENT_3D('',#1826,#1827,#1828);
#1826 = CARTESIAN_POINT('',(20.175,50.65,-0.1));
#1827 = DIRECTION('',(-1.,0.,0.));
#1828 = DIRECTION('',(0.,1.,0.));
#1829 = ADVANCED_FACE('',(#1830),#1848,.T.);
#1830 = FACE_BOUND('',#1831,.T.);
#1831 = EDGE_LOOP('',(#1832,#1833,#1841,#1847));
#1832 = ORIENTED_EDGE('',*,*,#1033,.T.);
#1833 = ORIENTED_EDGE('',*,*,#1834,.T.);
#1834 = EDGE_CURVE('',#1034,#1835,#1837,.T.);
#1835 = VERTEX_POINT('',#1836);
#1836 = CARTESIAN_POINT('',(66.35,20.175,5.1));
#1837 = LINE('',#1838,#1839);
#1838 = CARTESIAN_POINT('',(66.35,20.175,-0.1));
#1839 = VECTOR('',#1840,1.);
#1840 = DIRECTION('',(0.,0.,1.));
#1841 = ORIENTED_EDGE('',*,*,#1842,.T.);
#1842 = EDGE_CURVE('',#1835,#1794,#1843,.T.);
#1843 = LINE('',#1844,#1845);
#1844 = CARTESIAN_POINT('',(66.35,20.175,5.1));
#1845 = VECTOR('',#1846,1.);
#1846 = DIRECTION('',(-1.,1.110223024625E-16,0.));
#1847 = ORIENTED_EDGE('',*,*,#1793,.F.);
#1848 = PLANE('',#1849);
#1849 = AXIS2_PLACEMENT_3D('',#1850,#1851,#1852);
#1850 = CARTESIAN_POINT('',(66.35,20.175,-0.1));
#1851 = DIRECTION('',(-1.110223024625E-16,-1.,0.));
#1852 = DIRECTION('',(-1.,1.110223024625E-16,0.));
#1853 = ADVANCED_FACE('',(#1854),#1860,.T.);
#1854 = FACE_BOUND('',#1855,.T.);
#1855 = EDGE_LOOP('',(#1856,#1857,#1858,#1859));
#1856 = ORIENTED_EDGE('',*,*,#1168,.T.);
#1857 = ORIENTED_EDGE('',*,*,#1819,.T.);
#1858 = ORIENTED_EDGE('',*,*,#1343,.T.);
#1859 = ORIENTED_EDGE('',*,*,#1295,.F.);
#1860 = PLANE('',#1861);
#1861 = AXIS2_PLACEMENT_3D('',#1862,#1863,#1864);
#1862 = CARTESIAN_POINT('',(20.175,71.35,-0.1));
#1863 = DIRECTION('',(0.,-1.,0.));
#1864 = DIRECTION('',(-1.,0.,0.));
#1865 = ADVANCED_FACE('',(#1866),#1884,.T.);
#1866 = FACE_BOUND('',#1867,.T.);
#1867 = EDGE_LOOP('',(#1868,#1869,#1877,#1883));
#1868 = ORIENTED_EDGE('',*,*,#1041,.T.);
#1869 = ORIENTED_EDGE('',*,*,#1870,.T.);
#1870 = EDGE_CURVE('',#1042,#1871,#1873,.T.);
#1871 = VERTEX_POINT('',#1872);
#1872 = CARTESIAN_POINT('',(66.35,8.4735,5.1));
#1873 = LINE('',#1874,#1875);
#1874 = CARTESIAN_POINT('',(66.35,8.4735,-0.1));
#1875 = VECTOR('',#1876,1.);
#1876 = DIRECTION('',(0.,0.,1.));
#1877 = ORIENTED_EDGE('',*,*,#1878,.T.);
#1878 = EDGE_CURVE('',#1871,#1835,#1879,.T.);
#1879 = LINE('',#1880,#1881);
#1880 = CARTESIAN_POINT('',(66.35,8.4735,5.1));
#1881 = VECTOR('',#1882,1.);
#1882 = DIRECTION('',(1.110223024625E-16,1.,0.));
#1883 = ORIENTED_EDGE('',*,*,#1834,.F.);
#1884 = PLANE('',#1885);
#1885 = AXIS2_PLACEMENT_3D('',#1886,#1887,#1888);
#1886 = CARTESIAN_POINT('',(66.35,8.4735,-0.1));
#1887 = DIRECTION('',(-1.,1.110223024625E-16,0.));
#1888 = DIRECTION('',(1.110223024625E-16,1.,0.));
#1889 = ADVANCED_FACE('',(#1890),#1908,.T.);
#1890 = FACE_BOUND('',#1891,.T.);
#1891 = EDGE_LOOP('',(#1892,#1893,#1901,#1907));
#1892 = ORIENTED_EDGE('',*,*,#1049,.T.);
#1893 = ORIENTED_EDGE('',*,*,#1894,.T.);
#1894 = EDGE_CURVE('',#1050,#1895,#1897,.T.);
#1895 = VERTEX_POINT('',#1896);
#1896 = CARTESIAN_POINT('',(60.35,-4.829470157119E-16,5.1));
#1897 = LINE('',#1898,#1899);
#1898 = CARTESIAN_POINT('',(60.35,-4.829470157119E-16,-0.1));
#1899 = VECTOR('',#1900,1.);
#1900 = DIRECTION('',(0.,0.,1.));
#1901 = ORIENTED_EDGE('',*,*,#1902,.T.);
#1902 = EDGE_CURVE('',#1895,#1871,#1903,.T.);
#1903 = LINE('',#1904,#1905);
#1904 = CARTESIAN_POINT('',(60.35,-4.829470157119E-16,5.1));
#1905 = VECTOR('',#1906,1.);
#1906 = DIRECTION('',(0.577885054295,0.816118167928,0.));
#1907 = ORIENTED_EDGE('',*,*,#1870,.F.);
#1908 = PLANE('',#1909);
#1909 = AXIS2_PLACEMENT_3D('',#1910,#1911,#1912);
#1910 = CARTESIAN_POINT('',(60.35,-4.829470157119E-16,-0.1));
#1911 = DIRECTION('',(-0.816118167928,0.577885054295,0.));
#1912 = DIRECTION('',(0.577885054295,0.816118167928,0.));
#1913 = ADVANCED_FACE('',(#1914),#1939,.T.);
#1914 = FACE_BOUND('',#1915,.T.);
#1915 = EDGE_LOOP('',(#1916,#1917,#1925,#1933));
#1916 = ORIENTED_EDGE('',*,*,#1073,.T.);
#1917 = ORIENTED_EDGE('',*,*,#1918,.T.);
#1918 = EDGE_CURVE('',#1074,#1919,#1921,.T.);
#1919 = VERTEX_POINT('',#1920);
#1920 = CARTESIAN_POINT('',(103.5265,50.65,5.1));
#1921 = LINE('',#1922,#1923);
#1922 = CARTESIAN_POINT('',(103.5265,50.65,-0.1));
#1923 = VECTOR('',#1924,1.);
#1924 = DIRECTION('',(0.,0.,1.));
#1925 = ORIENTED_EDGE('',*,*,#1926,.T.);
#1926 = EDGE_CURVE('',#1919,#1927,#1929,.T.);
#1927 = VERTEX_POINT('',#1928);
#1928 = CARTESIAN_POINT('',(112.,56.65,5.1));
#1929 = LINE('',#1930,#1931);
#1930 = CARTESIAN_POINT('',(103.5265,50.65,5.1));
#1931 = VECTOR('',#1932,1.);
#1932 = DIRECTION('',(0.816118167928,0.577885054295,0.));
#1933 = ORIENTED_EDGE('',*,*,#1934,.F.);
#1934 = EDGE_CURVE('',#1066,#1927,#1935,.T.);
#1935 = LINE('',#1936,#1937);
#1936 = CARTESIAN_POINT('',(112.,56.65,-0.1));
#1937 = VECTOR('',#1938,1.);
#1938 = DIRECTION('',(0.,0.,1.));
#1939 = PLANE('',#1940);
#1940 = AXIS2_PLACEMENT_3D('',#1941,#1942,#1943);
#1941 = CARTESIAN_POINT('',(103.5265,50.65,-0.1));
#1942 = DIRECTION('',(-0.577885054295,0.816118167928,0.));
#1943 = DIRECTION('',(0.816118167928,0.577885054295,0.));
#1944 = ADVANCED_FACE('',(#1945),#1956,.T.);
#1945 = FACE_BOUND('',#1946,.T.);
#1946 = EDGE_LOOP('',(#1947,#1948,#1949,#1950));
#1947 = ORIENTED_EDGE('',*,*,#1144,.T.);
#1948 = ORIENTED_EDGE('',*,*,#1649,.T.);
#1949 = ORIENTED_EDGE('',*,*,#1689,.T.);
#1950 = ORIENTED_EDGE('',*,*,#1951,.F.);
#1951 = EDGE_CURVE('',#1137,#1664,#1952,.T.);
#1952 = LINE('',#1953,#1954);
#1953 = CARTESIAN_POINT('',(45.65,101.825,-0.1));
#1954 = VECTOR('',#1955,1.);
#1955 = DIRECTION('',(0.,0.,1.));
#1956 = PLANE('',#1957);
#1957 = AXIS2_PLACEMENT_3D('',#1958,#1959,#1960);
#1958 = CARTESIAN_POINT('',(45.65,113.5265,-0.1));
#1959 = DIRECTION('',(1.,-1.110223024625E-16,0.));
#1960 = DIRECTION('',(-1.110223024625E-16,-1.,0.));
#1961 = ADVANCED_FACE('',(#1962),#1980,.T.);
#1962 = FACE_BOUND('',#1963,.T.);
#1963 = EDGE_LOOP('',(#1964,#1965,#1973,#1979));
#1964 = ORIENTED_EDGE('',*,*,#1081,.T.);
#1965 = ORIENTED_EDGE('',*,*,#1966,.T.);
#1966 = EDGE_CURVE('',#1082,#1967,#1969,.T.);
#1967 = VERTEX_POINT('',#1968);
#1968 = CARTESIAN_POINT('',(91.825,50.65,5.1));
#1969 = LINE('',#1970,#1971);
#1970 = CARTESIAN_POINT('',(91.825,50.65,-0.1));
#1971 = VECTOR('',#1972,1.);
#1972 = DIRECTION('',(0.,0.,1.));
#1973 = ORIENTED_EDGE('',*,*,#1974,.T.);
#1974 = EDGE_CURVE('',#1967,#1919,#1975,.T.);
#1975 = LINE('',#1976,#1977);
#1976 = CARTESIAN_POINT('',(91.825,50.65,5.1));
#1977 = VECTOR('',#1978,1.);
#1978 = DIRECTION('',(1.,0.,0.));
#1979 = ORIENTED_EDGE('',*,*,#1918,.F.);
#1980 = PLANE('',#1981);
#1981 = AXIS2_PLACEMENT_3D('',#1982,#1983,#1984);
#1982 = CARTESIAN_POINT('',(91.825,50.65,-0.1));
#1983 = DIRECTION('',(0.,1.,0.));
#1984 = DIRECTION('',(1.,0.,0.));
#1985 = ADVANCED_FACE('',(#1986),#1997,.T.);
#1986 = FACE_BOUND('',#1987,.T.);
#1987 = EDGE_LOOP('',(#1988,#1989,#1990,#1991));
#1988 = ORIENTED_EDGE('',*,*,#1136,.T.);
#1989 = ORIENTED_EDGE('',*,*,#1951,.T.);
#1990 = ORIENTED_EDGE('',*,*,#1663,.T.);
#1991 = ORIENTED_EDGE('',*,*,#1992,.F.);
#1992 = EDGE_CURVE('',#1129,#1666,#1993,.T.);
#1993 = LINE('',#1994,#1995);
#1994 = CARTESIAN_POINT('',(66.35,101.825,-0.1));
#1995 = VECTOR('',#1996,1.);
#1996 = DIRECTION('',(0.,0.,1.));
#1997 = PLANE('',#1998);
#1998 = AXIS2_PLACEMENT_3D('',#1999,#2000,#2001);
#1999 = CARTESIAN_POINT('',(45.65,101.825,-0.1));
#2000 = DIRECTION('',(1.110223024625E-16,1.,0.));
#2001 = DIRECTION('',(1.,-1.110223024625E-16,0.));
#2002 = ADVANCED_FACE('',(#2003),#2021,.T.);
#2003 = FACE_BOUND('',#2004,.T.);
#2004 = EDGE_LOOP('',(#2005,#2006,#2014,#2020));
#2005 = ORIENTED_EDGE('',*,*,#1089,.T.);
#2006 = ORIENTED_EDGE('',*,*,#2007,.T.);
#2007 = EDGE_CURVE('',#1090,#2008,#2010,.T.);
#2008 = VERTEX_POINT('',#2009);
#2009 = CARTESIAN_POINT('',(91.825,71.35,5.1));
#2010 = LINE('',#2011,#2012);
#2011 = CARTESIAN_POINT('',(91.825,71.35,-0.1));
#2012 = VECTOR('',#2013,1.);
#2013 = DIRECTION('',(0.,0.,1.));
#2014 = ORIENTED_EDGE('',*,*,#2015,.T.);
#2015 = EDGE_CURVE('',#2008,#1967,#2016,.T.);
#2016 = LINE('',#2017,#2018);
#2017 = CARTESIAN_POINT('',(91.825,71.35,5.1));
#2018 = VECTOR('',#2019,1.);
#2019 = DIRECTION('',(0.,-1.,0.));
#2020 = ORIENTED_EDGE('',*,*,#1966,.F.);
#2021 = PLANE('',#2022);
#2022 = AXIS2_PLACEMENT_3D('',#2023,#2024,#2025);
#2023 = CARTESIAN_POINT('',(91.825,71.35,-0.1));
#2024 = DIRECTION('',(1.,0.,0.));
#2025 = DIRECTION('',(0.,-1.,0.));
#2026 = ADVANCED_FACE('',(#2027),#2033,.T.);
#2027 = FACE_BOUND('',#2028,.T.);
#2028 = EDGE_LOOP('',(#2029,#2030,#2031,#2032));
#2029 = ORIENTED_EDGE('',*,*,#1128,.T.);
#2030 = ORIENTED_EDGE('',*,*,#1992,.T.);
#2031 = ORIENTED_EDGE('',*,*,#1673,.T.);
#2032 = ORIENTED_EDGE('',*,*,#1704,.F.);
#2033 = PLANE('',#2034);
#2034 = AXIS2_PLACEMENT_3D('',#2035,#2036,#2037);
#2035 = CARTESIAN_POINT('',(66.35,101.825,-0.1));
#2036 = DIRECTION('',(-1.,1.110223024625E-16,0.));
#2037 = DIRECTION('',(1.110223024625E-16,1.,0.));
#2038 = ADVANCED_FACE('',(#2039),#2057,.T.);
#2039 = FACE_BOUND('',#2040,.T.);
#2040 = EDGE_LOOP('',(#2041,#2042,#2050,#2056));
#2041 = ORIENTED_EDGE('',*,*,#1097,.T.);
#2042 = ORIENTED_EDGE('',*,*,#2043,.T.);
#2043 = EDGE_CURVE('',#1098,#2044,#2046,.T.);
#2044 = VERTEX_POINT('',#2045);
#2045 = CARTESIAN_POINT('',(103.5265,71.35,5.1));
#2046 = LINE('',#2047,#2048);
#2047 = CARTESIAN_POINT('',(103.5265,71.35,-0.1));
#2048 = VECTOR('',#2049,1.);
#2049 = DIRECTION('',(0.,0.,1.));
#2050 = ORIENTED_EDGE('',*,*,#2051,.T.);
#2051 = EDGE_CURVE('',#2044,#2008,#2052,.T.);
#2052 = LINE('',#2053,#2054);
#2053 = CARTESIAN_POINT('',(103.5265,71.35,5.1));
#2054 = VECTOR('',#2055,1.);
#2055 = DIRECTION('',(-1.,0.,0.));
#2056 = ORIENTED_EDGE('',*,*,#2007,.F.);
#2057 = PLANE('',#2058);
#2058 = AXIS2_PLACEMENT_3D('',#2059,#2060,#2061);
#2059 = CARTESIAN_POINT('',(103.5265,71.35,-0.1));
#2060 = DIRECTION('',(0.,-1.,0.));
#2061 = DIRECTION('',(-1.,0.,0.));
#2062 = ADVANCED_FACE('',(#2063),#2081,.T.);
#2063 = FACE_BOUND('',#2064,.T.);
#2064 = EDGE_LOOP('',(#2065,#2066,#2074,#2080));
#2065 = ORIENTED_EDGE('',*,*,#1105,.T.);
#2066 = ORIENTED_EDGE('',*,*,#2067,.T.);
#2067 = EDGE_CURVE('',#1106,#2068,#2070,.T.);
#2068 = VERTEX_POINT('',#2069);
#2069 = CARTESIAN_POINT('',(112.,65.35,5.1));
#2070 = LINE('',#2071,#2072);
#2071 = CARTESIAN_POINT('',(112.,65.35,-0.1));
#2072 = VECTOR('',#2073,1.);
#2073 = DIRECTION('',(0.,0.,1.));
#2074 = ORIENTED_EDGE('',*,*,#2075,.T.);
#2075 = EDGE_CURVE('',#2068,#2044,#2076,.T.);
#2076 = LINE('',#2077,#2078);
#2077 = CARTESIAN_POINT('',(112.,65.35,5.1));
#2078 = VECTOR('',#2079,1.);
#2079 = DIRECTION('',(-0.816118167928,0.577885054295,0.));
#2080 = ORIENTED_EDGE('',*,*,#2043,.F.);
#2081 = PLANE('',#2082);
#2082 = AXIS2_PLACEMENT_3D('',#2083,#2084,#2085);
#2083 = CARTESIAN_POINT('',(112.,65.35,-0.1));
#2084 = DIRECTION('',(-0.577885054295,-0.816118167928,0.));
#2085 = DIRECTION('',(-0.816118167928,0.577885054295,0.));
#2086 = ADVANCED_FACE('',(#2087),#2112,.T.);
#2087 = FACE_BOUND('',#2088,.T.);
#2088 = EDGE_LOOP('',(#2089,#2097,#2098,#2106));
#2089 = ORIENTED_EDGE('',*,*,#2090,.F.);
#2090 = EDGE_CURVE('',#1201,#2091,#2093,.T.);
#2091 = VERTEX_POINT('',#2092);
#2092 = CARTESIAN_POINT('',(13.9,115.40440890611,2.));
#2093 = LINE('',#2094,#2095);
#2094 = CARTESIAN_POINT('',(13.9,115.40440890611,-0.1));
#2095 = VECTOR('',#2096,1.);
#2096 = DIRECTION('',(0.,0.,1.));
#2097 = ORIENTED_EDGE('',*,*,#1211,.T.);
#2098 = ORIENTED_EDGE('',*,*,#2099,.T.);
#2099 = EDGE_CURVE('',#1212,#2100,#2102,.T.);
#2100 = VERTEX_POINT('',#2101);
#2101 = CARTESIAN_POINT('',(13.9,120.,2.));
#2102 = LINE('',#2103,#2104);
#2103 = CARTESIAN_POINT('',(13.9,120.,-0.1));
#2104 = VECTOR('',#2105,1.);
#2105 = DIRECTION('',(0.,0.,1.));
#2106 = ORIENTED_EDGE('',*,*,#2107,.F.);
#2107 = EDGE_CURVE('',#2091,#2100,#2108,.T.);
#2108 = LINE('',#2109,#2110);
#2109 = CARTESIAN_POINT('',(13.9,112.,2.));
#2110 = VECTOR('',#2111,1.);
#2111 = DIRECTION('',(0.,1.,0.));
#2112 = PLANE('',#2113);
#2113 = AXIS2_PLACEMENT_3D('',#2114,#2115,#2116);
#2114 = CARTESIAN_POINT('',(13.9,112.,-0.1));
#2115 = DIRECTION('',(1.,0.,0.));
#2116 = DIRECTION('',(0.,0.,1.));
#2117 = ADVANCED_FACE('',(#2118),#2143,.F.);
#2118 = FACE_BOUND('',#2119,.F.);
#2119 = EDGE_LOOP('',(#2120,#2128,#2129,#2137));
#2120 = ORIENTED_EDGE('',*,*,#2121,.F.);
#2121 = EDGE_CURVE('',#1228,#2122,#2124,.T.);
#2122 = VERTEX_POINT('',#2123);
#2123 = CARTESIAN_POINT('',(18.1,115.40440890611,2.));
#2124 = LINE('',#2125,#2126);
#2125 = CARTESIAN_POINT('',(18.1,115.40440890611,-0.1));
#2126 = VECTOR('',#2127,1.);
#2127 = DIRECTION('',(0.,0.,1.));
#2128 = ORIENTED_EDGE('',*,*,#1227,.T.);
#2129 = ORIENTED_EDGE('',*,*,#2130,.T.);
#2130 = EDGE_CURVE('',#1220,#2131,#2133,.T.);
#2131 = VERTEX_POINT('',#2132);
#2132 = CARTESIAN_POINT('',(18.1,120.,2.));
#2133 = LINE('',#2134,#2135);
#2134 = CARTESIAN_POINT('',(18.1,120.,-0.1));
#2135 = VECTOR('',#2136,1.);
#2136 = DIRECTION('',(0.,0.,1.));
#2137 = ORIENTED_EDGE('',*,*,#2138,.F.);
#2138 = EDGE_CURVE('',#2122,#2131,#2139,.T.);
#2139 = LINE('',#2140,#2141);
#2140 = CARTESIAN_POINT('',(18.1,112.,2.));
#2141 = VECTOR('',#2142,1.);
#2142 = DIRECTION('',(0.,1.,0.));
#2143 = PLANE('',#2144);
#2144 = AXIS2_PLACEMENT_3D('',#2145,#2146,#2147);
#2145 = CARTESIAN_POINT('',(18.1,112.,-0.1));
#2146 = DIRECTION('',(1.,0.,0.));
#2147 = DIRECTION('',(0.,0.,1.));
#2148 = ADVANCED_FACE('',(#2149),#2174,.F.);
#2149 = FACE_BOUND('',#2150,.F.);
#2150 = EDGE_LOOP('',(#2151,#2159,#2160,#2168));
#2151 = ORIENTED_EDGE('',*,*,#2152,.F.);
#2152 = EDGE_CURVE('',#1272,#2153,#2155,.T.);
#2153 = VERTEX_POINT('',#2154);
#2154 = CARTESIAN_POINT('',(98.1,115.4044089061,2.));
#2155 = LINE('',#2156,#2157);
#2156 = CARTESIAN_POINT('',(98.1,115.40440890611,-0.1));
#2157 = VECTOR('',#2158,1.);
#2158 = DIRECTION('',(0.,0.,1.));
#2159 = ORIENTED_EDGE('',*,*,#1271,.T.);
#2160 = ORIENTED_EDGE('',*,*,#2161,.T.);
#2161 = EDGE_CURVE('',#1264,#2162,#2164,.T.);
#2162 = VERTEX_POINT('',#2163);
#2163 = CARTESIAN_POINT('',(98.1,120.,2.));
#2164 = LINE('',#2165,#2166);
#2165 = CARTESIAN_POINT('',(98.1,120.,-0.1));
#2166 = VECTOR('',#2167,1.);
#2167 = DIRECTION('',(0.,0.,1.));
#2168 = ORIENTED_EDGE('',*,*,#2169,.F.);
#2169 = EDGE_CURVE('',#2153,#2162,#2170,.T.);
#2170 = LINE('',#2171,#2172);
#2171 = CARTESIAN_POINT('',(98.1,112.,2.));
#2172 = VECTOR('',#2173,1.);
#2173 = DIRECTION('',(0.,1.,0.));
#2174 = PLANE('',#2175);
#2175 = AXIS2_PLACEMENT_3D('',#2176,#2177,#2178);
#2176 = CARTESIAN_POINT('',(98.1,112.,-0.1));
#2177 = DIRECTION('',(1.,0.,0.));
#2178 = DIRECTION('',(0.,0.,1.));
#2179 = ADVANCED_FACE('',(#2180),#2205,.T.);
#2180 = FACE_BOUND('',#2181,.T.);
#2181 = EDGE_LOOP('',(#2182,#2190,#2191,#2199));
#2182 = ORIENTED_EDGE('',*,*,#2183,.F.);
#2183 = EDGE_CURVE('',#1245,#2184,#2186,.T.);
#2184 = VERTEX_POINT('',#2185);
#2185 = CARTESIAN_POINT('',(93.9,115.40440890611,2.));
#2186 = LINE('',#2187,#2188);
#2187 = CARTESIAN_POINT('',(93.9,115.40440890611,-0.1));
#2188 = VECTOR('',#2189,1.);
#2189 = DIRECTION('',(0.,0.,1.));
#2190 = ORIENTED_EDGE('',*,*,#1255,.T.);
#2191 = ORIENTED_EDGE('',*,*,#2192,.T.);
#2192 = EDGE_CURVE('',#1256,#2193,#2195,.T.);
#2193 = VERTEX_POINT('',#2194);
#2194 = CARTESIAN_POINT('',(93.9,120.,2.));
#2195 = LINE('',#2196,#2197);
#2196 = CARTESIAN_POINT('',(93.9,120.,-0.1));
#2197 = VECTOR('',#2198,1.);
#2198 = DIRECTION('',(0.,0.,1.));
#2199 = ORIENTED_EDGE('',*,*,#2200,.F.);
#2200 = EDGE_CURVE('',#2184,#2193,#2201,.T.);
#2201 = LINE('',#2202,#2203);
#2202 = CARTESIAN_POINT('',(93.9,112.,2.));
#2203 = VECTOR('',#2204,1.);
#2204 = DIRECTION('',(0.,1.,0.));
#2205 = PLANE('',#2206);
#2206 = AXIS2_PLACEMENT_3D('',#2207,#2208,#2209);
#2207 = CARTESIAN_POINT('',(93.9,112.,-0.1));
#2208 = DIRECTION('',(1.,0.,0.));
#2209 = DIRECTION('',(0.,0.,1.));
#2210 = ADVANCED_FACE('',(#2211),#2224,.F.);
#2211 = FACE_BOUND('',#2212,.F.);
#2212 = EDGE_LOOP('',(#2213,#2219,#2220,#2221,#2222,#2223));
#2213 = ORIENTED_EDGE('',*,*,#2214,.T.);
#2214 = EDGE_CURVE('',#1754,#1895,#2215,.T.);
#2215 = LINE('',#2216,#2217);
#2216 = CARTESIAN_POINT('',(28.,0.,5.1));
#2217 = VECTOR('',#2218,1.);
#2218 = DIRECTION('',(1.,0.,0.));
#2219 = ORIENTED_EDGE('',*,*,#1902,.T.);
#2220 = ORIENTED_EDGE('',*,*,#1878,.T.);
#2221 = ORIENTED_EDGE('',*,*,#1842,.T.);
#2222 = ORIENTED_EDGE('',*,*,#1801,.T.);
#2223 = ORIENTED_EDGE('',*,*,#1753,.T.);
#2224 = PLANE('',#2225);
#2225 = AXIS2_PLACEMENT_3D('',#2226,#2227,#2228);
#2226 = CARTESIAN_POINT('',(56.,-1.314432926233E-15,5.1));
#2227 = DIRECTION('',(0.,0.,1.));
#2228 = DIRECTION('',(1.110223024625E-16,1.,0.));
#2229 = ADVANCED_FACE('',(#2230),#2233,.T.);
#2230 = FACE_BOUND('',#2231,.T.);
#2231 = EDGE_LOOP('',(#2232));
#2232 = ORIENTED_EDGE('',*,*,#1399,.T.);
#2233 = PLANE('',#2234);
#2234 = AXIS2_PLACEMENT_3D('',#2235,#2236,#2237);
#2235 = CARTESIAN_POINT('',(4.,70.,13.2));
#2236 = DIRECTION('',(0.,0.,1.));
#2237 = DIRECTION('',(1.,0.,0.));
#2238 = ADVANCED_FACE('',(#2239),#2242,.T.);
#2239 = FACE_BOUND('',#2240,.T.);
#2240 = EDGE_LOOP('',(#2241));
#2241 = ORIENTED_EDGE('',*,*,#1424,.T.);
#2242 = PLANE('',#2243);
#2243 = AXIS2_PLACEMENT_3D('',#2244,#2245,#2246);
#2244 = CARTESIAN_POINT('',(24.,70.,13.2));
#2245 = DIRECTION('',(0.,0.,1.));
#2246 = DIRECTION('',(1.,0.,0.));
#2247 = ADVANCED_FACE('',(#2248),#2251,.T.);
#2248 = FACE_BOUND('',#2249,.T.);
#2249 = EDGE_LOOP('',(#2250));
#2250 = ORIENTED_EDGE('',*,*,#1449,.T.);
#2251 = PLANE('',#2252);
#2252 = AXIS2_PLACEMENT_3D('',#2253,#2254,#2255);
#2253 = CARTESIAN_POINT('',(4.,118.,13.2));
#2254 = DIRECTION('',(0.,0.,1.));
#2255 = DIRECTION('',(1.,0.,0.));
#2256 = ADVANCED_FACE('',(#2257),#2260,.T.);
#2257 = FACE_BOUND('',#2258,.T.);
#2258 = EDGE_LOOP('',(#2259));
#2259 = ORIENTED_EDGE('',*,*,#1474,.T.);
#2260 = PLANE('',#2261);
#2261 = AXIS2_PLACEMENT_3D('',#2262,#2263,#2264);
#2262 = CARTESIAN_POINT('',(24.,118.,13.2));
#2263 = DIRECTION('',(0.,0.,1.));
#2264 = DIRECTION('',(1.,0.,0.));
#2265 = ADVANCED_FACE('',(#2266),#2285,.T.);
#2266 = FACE_BOUND('',#2267,.T.);
#2267 = EDGE_LOOP('',(#2268,#2277,#2283,#2284));
#2268 = ORIENTED_EDGE('',*,*,#2269,.F.);
#2269 = EDGE_CURVE('',#2270,#2270,#2272,.T.);
#2270 = VERTEX_POINT('',#2271);
#2271 = CARTESIAN_POINT('',(61.5,70.,13.2));
#2272 = CIRCLE('',#2273,1.5);
#2273 = AXIS2_PLACEMENT_3D('',#2274,#2275,#2276);
#2274 = CARTESIAN_POINT('',(60.,70.,13.2));
#2275 = DIRECTION('',(0.,0.,1.));
#2276 = DIRECTION('',(1.,0.,0.));
#2277 = ORIENTED_EDGE('',*,*,#2278,.F.);
#2278 = EDGE_CURVE('',#1549,#2270,#2279,.T.);
#2279 = LINE('',#2280,#2281);
#2280 = CARTESIAN_POINT('',(61.5,70.,10.8));
#2281 = VECTOR('',#2282,1.);
#2282 = DIRECTION('',(0.,0.,1.));
#2283 = ORIENTED_EDGE('',*,*,#1548,.T.);
#2284 = ORIENTED_EDGE('',*,*,#2278,.T.);
#2285 = CYLINDRICAL_SURFACE('',#2286,1.5);
#2286 = AXIS2_PLACEMENT_3D('',#2287,#2288,#2289);
#2287 = CARTESIAN_POINT('',(60.,70.,10.8));
#2288 = DIRECTION('',(0.,0.,1.));
#2289 = DIRECTION('',(1.,0.,0.));
#2290 = ADVANCED_FACE('',(#2291),#2310,.T.);
#2291 = FACE_BOUND('',#2292,.T.);
#2292 = EDGE_LOOP('',(#2293,#2302,#2308,#2309));
#2293 = ORIENTED_EDGE('',*,*,#2294,.F.);
#2294 = EDGE_CURVE('',#2295,#2295,#2297,.T.);
#2295 = VERTEX_POINT('',#2296);
#2296 = CARTESIAN_POINT('',(81.5,70.,13.2));
#2297 = CIRCLE('',#2298,1.5);
#2298 = AXIS2_PLACEMENT_3D('',#2299,#2300,#2301);
#2299 = CARTESIAN_POINT('',(80.,70.,13.2));
#2300 = DIRECTION('',(0.,0.,1.));
#2301 = DIRECTION('',(1.,0.,0.));
#2302 = ORIENTED_EDGE('',*,*,#2303,.F.);
#2303 = EDGE_CURVE('',#1560,#2295,#2304,.T.);
#2304 = LINE('',#2305,#2306);
#2305 = CARTESIAN_POINT('',(81.5,70.,10.8));
#2306 = VECTOR('',#2307,1.);
#2307 = DIRECTION('',(0.,0.,1.));
#2308 = ORIENTED_EDGE('',*,*,#1559,.T.);
#2309 = ORIENTED_EDGE('',*,*,#2303,.T.);
#2310 = CYLINDRICAL_SURFACE('',#2311,1.5);
#2311 = AXIS2_PLACEMENT_3D('',#2312,#2313,#2314);
#2312 = CARTESIAN_POINT('',(80.,70.,10.8));
#2313 = DIRECTION('',(0.,0.,1.));
#2314 = DIRECTION('',(1.,0.,0.));
#2315 = ADVANCED_FACE('',(#2316),#2335,.T.);
#2316 = FACE_BOUND('',#2317,.T.);
#2317 = EDGE_LOOP('',(#2318,#2327,#2333,#2334));
#2318 = ORIENTED_EDGE('',*,*,#2319,.F.);
#2319 = EDGE_CURVE('',#2320,#2320,#2322,.T.);
#2320 = VERTEX_POINT('',#2321);
#2321 = CARTESIAN_POINT('',(61.5,118.,13.2));
#2322 = CIRCLE('',#2323,1.5);
#2323 = AXIS2_PLACEMENT_3D('',#2324,#2325,#2326);
#2324 = CARTESIAN_POINT('',(60.,118.,13.2));
#2325 = DIRECTION('',(0.,0.,1.));
#2326 = DIRECTION('',(1.,0.,0.));
#2327 = ORIENTED_EDGE('',*,*,#2328,.F.);
#2328 = EDGE_CURVE('',#1571,#2320,#2329,.T.);
#2329 = LINE('',#2330,#2331);
#2330 = CARTESIAN_POINT('',(61.5,118.,10.8));
#2331 = VECTOR('',#2332,1.);
#2332 = DIRECTION('',(0.,0.,1.));
#2333 = ORIENTED_EDGE('',*,*,#1570,.T.);
#2334 = ORIENTED_EDGE('',*,*,#2328,.T.);
#2335 = CYLINDRICAL_SURFACE('',#2336,1.5);
#2336 = AXIS2_PLACEMENT_3D('',#2337,#2338,#2339);
#2337 = CARTESIAN_POINT('',(60.,118.,10.8));
#2338 = DIRECTION('',(0.,0.,1.));
#2339 = DIRECTION('',(1.,0.,0.));
#2340 = ADVANCED_FACE('',(#2341),#2360,.T.);
#2341 = FACE_BOUND('',#2342,.T.);
#2342 = EDGE_LOOP('',(#2343,#2352,#2358,#2359));
#2343 = ORIENTED_EDGE('',*,*,#2344,.F.);
#2344 = EDGE_CURVE('',#2345,#2345,#2347,.T.);
#2345 = VERTEX_POINT('',#2346);
#2346 = CARTESIAN_POINT('',(81.5,118.,13.2));
#2347 = CIRCLE('',#2348,1.5);
#2348 = AXIS2_PLACEMENT_3D('',#2349,#2350,#2351);
#2349 = CARTESIAN_POINT('',(80.,118.,13.2));
#2350 = DIRECTION('',(0.,0.,1.));
#2351 = DIRECTION('',(1.,0.,0.));
#2352 = ORIENTED_EDGE('',*,*,#2353,.F.);
#2353 = EDGE_CURVE('',#1582,#2345,#2354,.T.);
#2354 = LINE('',#2355,#2356);
#2355 = CARTESIAN_POINT('',(81.5,118.,10.8));
#2356 = VECTOR('',#2357,1.);
#2357 = DIRECTION('',(0.,0.,1.));
#2358 = ORIENTED_EDGE('',*,*,#1581,.T.);
#2359 = ORIENTED_EDGE('',*,*,#2353,.T.);
#2360 = CYLINDRICAL_SURFACE('',#2361,1.5);
#2361 = AXIS2_PLACEMENT_3D('',#2362,#2363,#2364);
#2362 = CARTESIAN_POINT('',(80.,118.,10.8));
#2363 = DIRECTION('',(0.,0.,1.));
#2364 = DIRECTION('',(1.,0.,0.));
#2365 = ADVANCED_FACE('',(#2366),#2379,.F.);
#2366 = FACE_BOUND('',#2367,.F.);
#2367 = EDGE_LOOP('',(#2368,#2369,#2370,#2371,#2377,#2378));
#2368 = ORIENTED_EDGE('',*,*,#2015,.T.);
#2369 = ORIENTED_EDGE('',*,*,#1974,.T.);
#2370 = ORIENTED_EDGE('',*,*,#1926,.T.);
#2371 = ORIENTED_EDGE('',*,*,#2372,.F.);
#2372 = EDGE_CURVE('',#2068,#1927,#2373,.T.);
#2373 = LINE('',#2374,#2375);
#2374 = CARTESIAN_POINT('',(112.,30.5,5.1));
#2375 = VECTOR('',#2376,1.);
#2376 = DIRECTION('',(0.,-1.,0.));
#2377 = ORIENTED_EDGE('',*,*,#2075,.T.);
#2378 = ORIENTED_EDGE('',*,*,#2051,.T.);
#2379 = PLANE('',#2380);
#2380 = AXIS2_PLACEMENT_3D('',#2381,#2382,#2383);
#2381 = CARTESIAN_POINT('',(112.,61.,5.1));
#2382 = DIRECTION('',(0.,0.,1.));
#2383 = DIRECTION('',(1.,0.,0.));
#2384 = ADVANCED_FACE('',(#2385),#2411,.T.);
#2385 = FACE_BOUND('',#2386,.T.);
#2386 = EDGE_LOOP('',(#2387,#2397,#2404,#2405));
#2387 = ORIENTED_EDGE('',*,*,#2388,.F.);
#2388 = EDGE_CURVE('',#2389,#2391,#2393,.T.);
#2389 = VERTEX_POINT('',#2390);
#2390 = CARTESIAN_POINT('',(12.,112.,2.));
#2391 = VERTEX_POINT('',#2392);
#2392 = CARTESIAN_POINT('',(12.,120.,2.));
#2393 = LINE('',#2394,#2395);
#2394 = CARTESIAN_POINT('',(12.,112.,2.));
#2395 = VECTOR('',#2396,1.);
#2396 = DIRECTION('',(0.,1.,0.));
#2397 = ORIENTED_EDGE('',*,*,#2398,.F.);
#2398 = EDGE_CURVE('',#2091,#2389,#2399,.T.);
#2399 = CIRCLE('',#2400,4.);
#2400 = AXIS2_PLACEMENT_3D('',#2401,#2402,#2403);
#2401 = CARTESIAN_POINT('',(16.,112.,2.));
#2402 = DIRECTION('',(0.,0.,1.));
#2403 = DIRECTION('',(1.,0.,0.));
#2404 = ORIENTED_EDGE('',*,*,#2107,.T.);
#2405 = ORIENTED_EDGE('',*,*,#2406,.F.);
#2406 = EDGE_CURVE('',#2391,#2100,#2407,.T.);
#2407 = LINE('',#2408,#2409);
#2408 = CARTESIAN_POINT('',(12.,120.,2.));
#2409 = VECTOR('',#2410,1.);
#2410 = DIRECTION('',(1.,0.,0.));
#2411 = PLANE('',#2412);
#2412 = AXIS2_PLACEMENT_3D('',#2413,#2414,#2415);
#2413 = CARTESIAN_POINT('',(12.,112.,2.));
#2414 = DIRECTION('',(0.,0.,1.));
#2415 = DIRECTION('',(1.,0.,0.));
#2416 = ADVANCED_FACE('',(#2417),#2442,.T.);
#2417 = FACE_BOUND('',#2418,.T.);
#2418 = EDGE_LOOP('',(#2419,#2427,#2428,#2436));
#2419 = ORIENTED_EDGE('',*,*,#2420,.F.);
#2420 = EDGE_CURVE('',#2389,#2421,#2423,.T.);
#2421 = VERTEX_POINT('',#2422);
#2422 = CARTESIAN_POINT('',(12.,112.,4.1));
#2423 = LINE('',#2424,#2425);
#2424 = CARTESIAN_POINT('',(12.,112.,2.));
#2425 = VECTOR('',#2426,1.);
#2426 = DIRECTION('',(0.,0.,1.));
#2427 = ORIENTED_EDGE('',*,*,#2388,.T.);
#2428 = ORIENTED_EDGE('',*,*,#2429,.T.);
#2429 = EDGE_CURVE('',#2391,#2430,#2432,.T.);
#2430 = VERTEX_POINT('',#2431);
#2431 = CARTESIAN_POINT('',(12.,120.,4.1));
#2432 = LINE('',#2433,#2434);
#2433 = CARTESIAN_POINT('',(12.,120.,2.));
#2434 = VECTOR('',#2435,1.);
#2435 = DIRECTION('',(0.,0.,1.));
#2436 = ORIENTED_EDGE('',*,*,#2437,.F.);
#2437 = EDGE_CURVE('',#2421,#2430,#2438,.T.);
#2438 = LINE('',#2439,#2440);
#2439 = CARTESIAN_POINT('',(12.,112.,4.1));
#2440 = VECTOR('',#2441,1.);
#2441 = DIRECTION('',(0.,1.,0.));
#2442 = PLANE('',#2443);
#2443 = AXIS2_PLACEMENT_3D('',#2444,#2445,#2446);
#2444 = CARTESIAN_POINT('',(12.,112.,2.));
#2445 = DIRECTION('',(1.,0.,0.));
#2446 = DIRECTION('',(0.,0.,1.));
#2447 = ADVANCED_FACE('',(#2448),#2474,.T.);
#2448 = FACE_BOUND('',#2449,.T.);
#2449 = EDGE_LOOP('',(#2450,#2459,#2467,#2473));
#2450 = ORIENTED_EDGE('',*,*,#2451,.F.);
#2451 = EDGE_CURVE('',#2452,#2122,#2454,.T.);
#2452 = VERTEX_POINT('',#2453);
#2453 = CARTESIAN_POINT('',(20.,112.,2.));
#2454 = CIRCLE('',#2455,4.);
#2455 = AXIS2_PLACEMENT_3D('',#2456,#2457,#2458);
#2456 = CARTESIAN_POINT('',(16.,112.,2.));
#2457 = DIRECTION('',(0.,0.,1.));
#2458 = DIRECTION('',(1.,0.,0.));
#2459 = ORIENTED_EDGE('',*,*,#2460,.T.);
#2460 = EDGE_CURVE('',#2452,#2461,#2463,.T.);
#2461 = VERTEX_POINT('',#2462);
#2462 = CARTESIAN_POINT('',(20.,120.,2.));
#2463 = LINE('',#2464,#2465);
#2464 = CARTESIAN_POINT('',(20.,112.,2.));
#2465 = VECTOR('',#2466,1.);
#2466 = DIRECTION('',(0.,1.,0.));
#2467 = ORIENTED_EDGE('',*,*,#2468,.F.);
#2468 = EDGE_CURVE('',#2131,#2461,#2469,.T.);
#2469 = LINE('',#2470,#2471);
#2470 = CARTESIAN_POINT('',(12.,120.,2.));
#2471 = VECTOR('',#2472,1.);
#2472 = DIRECTION('',(1.,0.,0.));
#2473 = ORIENTED_EDGE('',*,*,#2138,.F.);
#2474 = PLANE('',#2475);
#2475 = AXIS2_PLACEMENT_3D('',#2476,#2477,#2478);
#2476 = CARTESIAN_POINT('',(12.,112.,2.));
#2477 = DIRECTION('',(0.,0.,1.));
#2478 = DIRECTION('',(1.,0.,0.));
#2479 = ADVANCED_FACE('',(#2480),#2505,.F.);
#2480 = FACE_BOUND('',#2481,.F.);
#2481 = EDGE_LOOP('',(#2482,#2490,#2491,#2499));
#2482 = ORIENTED_EDGE('',*,*,#2483,.F.);
#2483 = EDGE_CURVE('',#2452,#2484,#2486,.T.);
#2484 = VERTEX_POINT('',#2485);
#2485 = CARTESIAN_POINT('',(20.,112.,4.1));
#2486 = LINE('',#2487,#2488);
#2487 = CARTESIAN_POINT('',(20.,112.,-0.1));
#2488 = VECTOR('',#2489,1.);
#2489 = DIRECTION('',(0.,0.,1.));
#2490 = ORIENTED_EDGE('',*,*,#2460,.T.);
#2491 = ORIENTED_EDGE('',*,*,#2492,.T.);
#2492 = EDGE_CURVE('',#2461,#2493,#2495,.T.);
#2493 = VERTEX_POINT('',#2494);
#2494 = CARTESIAN_POINT('',(20.,120.,4.1));
#2495 = LINE('',#2496,#2497);
#2496 = CARTESIAN_POINT('',(20.,120.,2.));
#2497 = VECTOR('',#2498,1.);
#2498 = DIRECTION('',(0.,0.,1.));
#2499 = ORIENTED_EDGE('',*,*,#2500,.F.);
#2500 = EDGE_CURVE('',#2484,#2493,#2501,.T.);
#2501 = LINE('',#2502,#2503);
#2502 = CARTESIAN_POINT('',(20.,112.,4.1));
#2503 = VECTOR('',#2504,1.);
#2504 = DIRECTION('',(0.,1.,0.));
#2505 = PLANE('',#2506);
#2506 = AXIS2_PLACEMENT_3D('',#2507,#2508,#2509);
#2507 = CARTESIAN_POINT('',(20.,112.,2.));
#2508 = DIRECTION('',(1.,0.,0.));
#2509 = DIRECTION('',(0.,0.,1.));
#2510 = ADVANCED_FACE('',(#2511),#2537,.T.);
#2511 = FACE_BOUND('',#2512,.T.);
#2512 = EDGE_LOOP('',(#2513,#2523,#2530,#2531));
#2513 = ORIENTED_EDGE('',*,*,#2514,.F.);
#2514 = EDGE_CURVE('',#2515,#2517,#2519,.T.);
#2515 = VERTEX_POINT('',#2516);
#2516 = CARTESIAN_POINT('',(92.,112.,2.));
#2517 = VERTEX_POINT('',#2518);
#2518 = CARTESIAN_POINT('',(92.,120.,2.));
#2519 = LINE('',#2520,#2521);
#2520 = CARTESIAN_POINT('',(92.,112.,2.));
#2521 = VECTOR('',#2522,1.);
#2522 = DIRECTION('',(0.,1.,0.));
#2523 = ORIENTED_EDGE('',*,*,#2524,.F.);
#2524 = EDGE_CURVE('',#2184,#2515,#2525,.T.);
#2525 = CIRCLE('',#2526,4.);
#2526 = AXIS2_PLACEMENT_3D('',#2527,#2528,#2529);
#2527 = CARTESIAN_POINT('',(96.,112.,2.));
#2528 = DIRECTION('',(0.,0.,1.));
#2529 = DIRECTION('',(1.,0.,0.));
#2530 = ORIENTED_EDGE('',*,*,#2200,.T.);
#2531 = ORIENTED_EDGE('',*,*,#2532,.F.);
#2532 = EDGE_CURVE('',#2517,#2193,#2533,.T.);
#2533 = LINE('',#2534,#2535);
#2534 = CARTESIAN_POINT('',(92.,120.,2.));
#2535 = VECTOR('',#2536,1.);
#2536 = DIRECTION('',(1.,0.,0.));
#2537 = PLANE('',#2538);
#2538 = AXIS2_PLACEMENT_3D('',#2539,#2540,#2541);
#2539 = CARTESIAN_POINT('',(92.,112.,2.));
#2540 = DIRECTION('',(0.,0.,1.));
#2541 = DIRECTION('',(1.,0.,0.));
#2542 = ADVANCED_FACE('',(#2543),#2568,.T.);
#2543 = FACE_BOUND('',#2544,.T.);
#2544 = EDGE_LOOP('',(#2545,#2553,#2554,#2562));
#2545 = ORIENTED_EDGE('',*,*,#2546,.F.);
#2546 = EDGE_CURVE('',#2515,#2547,#2549,.T.);
#2547 = VERTEX_POINT('',#2548);
#2548 = CARTESIAN_POINT('',(92.,112.,4.1));
#2549 = LINE('',#2550,#2551);
#2550 = CARTESIAN_POINT('',(92.,112.,2.));
#2551 = VECTOR('',#2552,1.);
#2552 = DIRECTION('',(0.,0.,1.));
#2553 = ORIENTED_EDGE('',*,*,#2514,.T.);
#2554 = ORIENTED_EDGE('',*,*,#2555,.T.);
#2555 = EDGE_CURVE('',#2517,#2556,#2558,.T.);
#2556 = VERTEX_POINT('',#2557);
#2557 = CARTESIAN_POINT('',(92.,120.,4.1));
#2558 = LINE('',#2559,#2560);
#2559 = CARTESIAN_POINT('',(92.,120.,2.));
#2560 = VECTOR('',#2561,1.);
#2561 = DIRECTION('',(0.,0.,1.));
#2562 = ORIENTED_EDGE('',*,*,#2563,.F.);
#2563 = EDGE_CURVE('',#2547,#2556,#2564,.T.);
#2564 = LINE('',#2565,#2566);
#2565 = CARTESIAN_POINT('',(92.,112.,4.1));
#2566 = VECTOR('',#2567,1.);
#2567 = DIRECTION('',(0.,1.,0.));
#2568 = PLANE('',#2569);
#2569 = AXIS2_PLACEMENT_3D('',#2570,#2571,#2572);
#2570 = CARTESIAN_POINT('',(92.,112.,2.));
#2571 = DIRECTION('',(1.,0.,0.));
#2572 = DIRECTION('',(0.,0.,1.));
#2573 = ADVANCED_FACE('',(#2574),#2600,.T.);
#2574 = FACE_BOUND('',#2575,.T.);
#2575 = EDGE_LOOP('',(#2576,#2585,#2593,#2599));
#2576 = ORIENTED_EDGE('',*,*,#2577,.F.);
#2577 = EDGE_CURVE('',#2578,#2153,#2580,.T.);
#2578 = VERTEX_POINT('',#2579);
#2579 = CARTESIAN_POINT('',(100.,112.,2.));
#2580 = CIRCLE('',#2581,4.);
#2581 = AXIS2_PLACEMENT_3D('',#2582,#2583,#2584);
#2582 = CARTESIAN_POINT('',(96.,112.,2.));
#2583 = DIRECTION('',(0.,0.,1.));
#2584 = DIRECTION('',(1.,0.,0.));
#2585 = ORIENTED_EDGE('',*,*,#2586,.T.);
#2586 = EDGE_CURVE('',#2578,#2587,#2589,.T.);
#2587 = VERTEX_POINT('',#2588);
#2588 = CARTESIAN_POINT('',(100.,120.,2.));
#2589 = LINE('',#2590,#2591);
#2590 = CARTESIAN_POINT('',(100.,112.,2.));
#2591 = VECTOR('',#2592,1.);
#2592 = DIRECTION('',(0.,1.,0.));
#2593 = ORIENTED_EDGE('',*,*,#2594,.F.);
#2594 = EDGE_CURVE('',#2162,#2587,#2595,.T.);
#2595 = LINE('',#2596,#2597);
#2596 = CARTESIAN_POINT('',(92.,120.,2.));
#2597 = VECTOR('',#2598,1.);
#2598 = DIRECTION('',(1.,0.,0.));
#2599 = ORIENTED_EDGE('',*,*,#2169,.F.);
#2600 = PLANE('',#2601);
#2601 = AXIS2_PLACEMENT_3D('',#2602,#2603,#2604);
#2602 = CARTESIAN_POINT('',(92.,112.,2.));
#2603 = DIRECTION('',(0.,0.,1.));
#2604 = DIRECTION('',(1.,0.,0.));
#2605 = ADVANCED_FACE('',(#2606),#2631,.F.);
#2606 = FACE_BOUND('',#2607,.F.);
#2607 = EDGE_LOOP('',(#2608,#2616,#2617,#2625));
#2608 = ORIENTED_EDGE('',*,*,#2609,.F.);
#2609 = EDGE_CURVE('',#2578,#2610,#2612,.T.);
#2610 = VERTEX_POINT('',#2611);
#2611 = CARTESIAN_POINT('',(100.,112.,4.1));
#2612 = LINE('',#2613,#2614);
#2613 = CARTESIAN_POINT('',(100.,112.,-0.1));
#2614 = VECTOR('',#2615,1.);
#2615 = DIRECTION('',(0.,0.,1.));
#2616 = ORIENTED_EDGE('',*,*,#2586,.T.);
#2617 = ORIENTED_EDGE('',*,*,#2618,.T.);
#2618 = EDGE_CURVE('',#2587,#2619,#2621,.T.);
#2619 = VERTEX_POINT('',#2620);
#2620 = CARTESIAN_POINT('',(100.,120.,4.1));
#2621 = LINE('',#2622,#2623);
#2622 = CARTESIAN_POINT('',(100.,120.,2.));
#2623 = VECTOR('',#2624,1.);
#2624 = DIRECTION('',(0.,0.,1.));
#2625 = ORIENTED_EDGE('',*,*,#2626,.F.);
#2626 = EDGE_CURVE('',#2610,#2619,#2627,.T.);
#2627 = LINE('',#2628,#2629);
#2628 = CARTESIAN_POINT('',(100.,112.,4.1));
#2629 = VECTOR('',#2630,1.);
#2630 = DIRECTION('',(0.,1.,0.));
#2631 = PLANE('',#2632);
#2632 = AXIS2_PLACEMENT_3D('',#2633,#2634,#2635);
#2633 = CARTESIAN_POINT('',(100.,112.,2.));
#2634 = DIRECTION('',(1.,0.,0.));
#2635 = DIRECTION('',(0.,0.,1.));
#2636 = ADVANCED_FACE('',(#2637),#2640,.T.);
#2637 = FACE_BOUND('',#2638,.T.);
#2638 = EDGE_LOOP('',(#2639));
#2639 = ORIENTED_EDGE('',*,*,#2269,.T.);
#2640 = PLANE('',#2641);
#2641 = AXIS2_PLACEMENT_3D('',#2642,#2643,#2644);
#2642 = CARTESIAN_POINT('',(60.,70.,13.2));
#2643 = DIRECTION('',(0.,0.,1.));
#2644 = DIRECTION('',(1.,0.,0.));
#2645 = ADVANCED_FACE('',(#2646),#2649,.T.);
#2646 = FACE_BOUND('',#2647,.T.);
#2647 = EDGE_LOOP('',(#2648));
#2648 = ORIENTED_EDGE('',*,*,#2294,.T.);
#2649 = PLANE('',#2650);
#2650 = AXIS2_PLACEMENT_3D('',#2651,#2652,#2653);
#2651 = CARTESIAN_POINT('',(80.,70.,13.2));
#2652 = DIRECTION('',(0.,0.,1.));
#2653 = DIRECTION('',(1.,0.,0.));
#2654 = ADVANCED_FACE('',(#2655),#2658,.T.);
#2655 = FACE_BOUND('',#2656,.T.);
#2656 = EDGE_LOOP('',(#2657));
#2657 = ORIENTED_EDGE('',*,*,#2319,.T.);
#2658 = PLANE('',#2659);
#2659 = AXIS2_PLACEMENT_3D('',#2660,#2661,#2662);
#2660 = CARTESIAN_POINT('',(60.,118.,13.2));
#2661 = DIRECTION('',(0.,0.,1.));
#2662 = DIRECTION('',(1.,0.,0.));
#2663 = ADVANCED_FACE('',(#2664),#2667,.T.);
#2664 = FACE_BOUND('',#2665,.T.);
#2665 = EDGE_LOOP('',(#2666));
#2666 = ORIENTED_EDGE('',*,*,#2344,.T.);
#2667 = PLANE('',#2668);
#2668 = AXIS2_PLACEMENT_3D('',#2669,#2670,#2671);
#2669 = CARTESIAN_POINT('',(80.,118.,13.2));
#2670 = DIRECTION('',(0.,0.,1.));
#2671 = DIRECTION('',(1.,0.,0.));
#2672 = ADVANCED_FACE('',(#2673),#2698,.F.);
#2673 = FACE_BOUND('',#2674,.F.);
#2674 = EDGE_LOOP('',(#2675,#2683,#2691,#2697));
#2675 = ORIENTED_EDGE('',*,*,#2676,.T.);
#2676 = EDGE_CURVE('',#729,#2677,#2679,.T.);
#2677 = VERTEX_POINT('',#2678);
#2678 = CARTESIAN_POINT('',(112.,5.,32.5));
#2679 = LINE('',#2680,#2681);
#2680 = CARTESIAN_POINT('',(0.,5.,32.5));
#2681 = VECTOR('',#2682,1.);
#2682 = DIRECTION('',(1.,0.,0.));
#2683 = ORIENTED_EDGE('',*,*,#2684,.T.);
#2684 = EDGE_CURVE('',#2677,#2685,#2687,.T.);
#2685 = VERTEX_POINT('',#2686);
#2686 = CARTESIAN_POINT('',(112.,3.5,34.));
#2687 = LINE('',#2688,#2689);
#2688 = CARTESIAN_POINT('',(112.,5.,32.5));
#2689 = VECTOR('',#2690,1.);
#2690 = DIRECTION('',(0.,-0.707106781187,0.707106781187));
#2691 = ORIENTED_EDGE('',*,*,#2692,.F.);
#2692 = EDGE_CURVE('',#721,#2685,#2693,.T.);
#2693 = LINE('',#2694,#2695);
#2694 = CARTESIAN_POINT('',(0.,3.5,34.));
#2695 = VECTOR('',#2696,1.);
#2696 = DIRECTION('',(1.,0.,0.));
#2697 = ORIENTED_EDGE('',*,*,#728,.F.);
#2698 = PLANE('',#2699);
#2699 = AXIS2_PLACEMENT_3D('',#2700,#2701,#2702);
#2700 = CARTESIAN_POINT('',(0.,5.,32.5));
#2701 = DIRECTION('',(0.,-0.707106781187,-0.707106781187));
#2702 = DIRECTION('',(0.,-0.707106781187,0.707106781187));
#2703 = ADVANCED_FACE('',(#2704),#2722,.F.);
#2704 = FACE_BOUND('',#2705,.F.);
#2705 = EDGE_LOOP('',(#2706,#2707,#2715,#2721));
#2706 = ORIENTED_EDGE('',*,*,#2692,.T.);
#2707 = ORIENTED_EDGE('',*,*,#2708,.T.);
#2708 = EDGE_CURVE('',#2685,#2709,#2711,.T.);
#2709 = VERTEX_POINT('',#2710);
#2710 = CARTESIAN_POINT('',(112.,1.5,34.));
#2711 = LINE('',#2712,#2713);
#2712 = CARTESIAN_POINT('',(112.,3.5,34.));
#2713 = VECTOR('',#2714,1.);
#2714 = DIRECTION('',(0.,-1.,0.));
#2715 = ORIENTED_EDGE('',*,*,#2716,.F.);
#2716 = EDGE_CURVE('',#713,#2709,#2717,.T.);
#2717 = LINE('',#2718,#2719);
#2718 = CARTESIAN_POINT('',(0.,1.5,34.));
#2719 = VECTOR('',#2720,1.);
#2720 = DIRECTION('',(1.,0.,0.));
#2721 = ORIENTED_EDGE('',*,*,#720,.F.);
#2722 = PLANE('',#2723);
#2723 = AXIS2_PLACEMENT_3D('',#2724,#2725,#2726);
#2724 = CARTESIAN_POINT('',(0.,3.5,34.));
#2725 = DIRECTION('',(0.,0.,-1.));
#2726 = DIRECTION('',(0.,-1.,0.));
#2727 = ADVANCED_FACE('',(#2728),#2746,.F.);
#2728 = FACE_BOUND('',#2729,.F.);
#2729 = EDGE_LOOP('',(#2730,#2731,#2739,#2745));
#2730 = ORIENTED_EDGE('',*,*,#2716,.T.);
#2731 = ORIENTED_EDGE('',*,*,#2732,.T.);
#2732 = EDGE_CURVE('',#2709,#2733,#2735,.T.);
#2733 = VERTEX_POINT('',#2734);
#2734 = CARTESIAN_POINT('',(112.,0.,32.5));
#2735 = LINE('',#2736,#2737);
#2736 = CARTESIAN_POINT('',(112.,1.5,34.));
#2737 = VECTOR('',#2738,1.);
#2738 = DIRECTION('',(0.,-0.707106781187,-0.707106781187));
#2739 = ORIENTED_EDGE('',*,*,#2740,.F.);
#2740 = EDGE_CURVE('',#705,#2733,#2741,.T.);
#2741 = LINE('',#2742,#2743);
#2742 = CARTESIAN_POINT('',(0.,0.,32.5));
#2743 = VECTOR('',#2744,1.);
#2744 = DIRECTION('',(1.,0.,0.));
#2745 = ORIENTED_EDGE('',*,*,#712,.F.);
#2746 = PLANE('',#2747);
#2747 = AXIS2_PLACEMENT_3D('',#2748,#2749,#2750);
#2748 = CARTESIAN_POINT('',(0.,1.5,34.));
#2749 = DIRECTION('',(0.,0.707106781187,-0.707106781187));
#2750 = DIRECTION('',(0.,-0.707106781187,-0.707106781187));
#2751 = ADVANCED_FACE('',(#2752,#2769,#2780,#2791,#2802),#2813,.T.);
#2752 = FACE_BOUND('',#2753,.T.);
#2753 = EDGE_LOOP('',(#2754,#2755,#2756,#2757,#2763,#2764,#2765,#2766,
    #2767,#2768));
#2754 = ORIENTED_EDGE('',*,*,#830,.F.);
#2755 = ORIENTED_EDGE('',*,*,#640,.T.);
#2756 = ORIENTED_EDGE('',*,*,#750,.T.);
#2757 = ORIENTED_EDGE('',*,*,#2758,.F.);
#2758 = EDGE_CURVE('',#1722,#751,#2759,.T.);
#2759 = LINE('',#2760,#2761);
#2760 = CARTESIAN_POINT('',(112.,66.,14.));
#2761 = VECTOR('',#2762,1.);
#2762 = DIRECTION('',(0.,0.,1.));
#2763 = ORIENTED_EDGE('',*,*,#1721,.F.);
#2764 = ORIENTED_EDGE('',*,*,#1499,.F.);
#2765 = ORIENTED_EDGE('',*,*,#1538,.F.);
#2766 = ORIENTED_EDGE('',*,*,#1598,.T.);
#2767 = ORIENTED_EDGE('',*,*,#1624,.F.);
#2768 = ORIENTED_EDGE('',*,*,#1375,.F.);
#2769 = FACE_BOUND('',#2770,.T.);
#2770 = EDGE_LOOP('',(#2771));
#2771 = ORIENTED_EDGE('',*,*,#2772,.T.);
#2772 = EDGE_CURVE('',#2773,#2773,#2775,.T.);
#2773 = VERTEX_POINT('',#2774);
#2774 = CARTESIAN_POINT('',(98.,66.,22.));
#2775 = CIRCLE('',#2776,2.);
#2776 = AXIS2_PLACEMENT_3D('',#2777,#2778,#2779);
#2777 = CARTESIAN_POINT('',(98.,66.,24.));
#2778 = DIRECTION('',(0.,-1.,0.));
#2779 = DIRECTION('',(0.,0.,-1.));
#2780 = FACE_BOUND('',#2781,.T.);
#2781 = EDGE_LOOP('',(#2782));
#2782 = ORIENTED_EDGE('',*,*,#2783,.T.);
#2783 = EDGE_CURVE('',#2784,#2784,#2786,.T.);
#2784 = VERTEX_POINT('',#2785);
#2785 = CARTESIAN_POINT('',(70.,66.,22.));
#2786 = CIRCLE('',#2787,2.);
#2787 = AXIS2_PLACEMENT_3D('',#2788,#2789,#2790);
#2788 = CARTESIAN_POINT('',(70.,66.,24.));
#2789 = DIRECTION('',(0.,-1.,0.));
#2790 = DIRECTION('',(0.,0.,-1.));
#2791 = FACE_BOUND('',#2792,.T.);
#2792 = EDGE_LOOP('',(#2793));
#2793 = ORIENTED_EDGE('',*,*,#2794,.T.);
#2794 = EDGE_CURVE('',#2795,#2795,#2797,.T.);
#2795 = VERTEX_POINT('',#2796);
#2796 = CARTESIAN_POINT('',(42.,66.,22.));
#2797 = CIRCLE('',#2798,2.);
#2798 = AXIS2_PLACEMENT_3D('',#2799,#2800,#2801);
#2799 = CARTESIAN_POINT('',(42.,66.,24.));
#2800 = DIRECTION('',(0.,-1.,0.));
#2801 = DIRECTION('',(0.,0.,-1.));
#2802 = FACE_BOUND('',#2803,.T.);
#2803 = EDGE_LOOP('',(#2804));
#2804 = ORIENTED_EDGE('',*,*,#2805,.T.);
#2805 = EDGE_CURVE('',#2806,#2806,#2808,.T.);
#2806 = VERTEX_POINT('',#2807);
#2807 = CARTESIAN_POINT('',(14.,66.,22.));
#2808 = CIRCLE('',#2809,2.);
#2809 = AXIS2_PLACEMENT_3D('',#2810,#2811,#2812);
#2810 = CARTESIAN_POINT('',(14.,66.,24.));
#2811 = DIRECTION('',(0.,-1.,0.));
#2812 = DIRECTION('',(0.,0.,-1.));
#2813 = PLANE('',#2814);
#2814 = AXIS2_PLACEMENT_3D('',#2815,#2816,#2817);
#2815 = CARTESIAN_POINT('',(55.345507669832,66.,22.088276113952));
#2816 = DIRECTION('',(0.,1.,0.));
#2817 = DIRECTION('',(0.,0.,1.));
#2818 = ADVANCED_FACE('',(#2819),#2838,.F.);
#2819 = FACE_BOUND('',#2820,.F.);
#2820 = EDGE_LOOP('',(#2821,#2830,#2836,#2837));
#2821 = ORIENTED_EDGE('',*,*,#2822,.F.);
#2822 = EDGE_CURVE('',#2823,#2823,#2825,.T.);
#2823 = VERTEX_POINT('',#2824);
#2824 = CARTESIAN_POINT('',(98.,62.,22.));
#2825 = CIRCLE('',#2826,2.);
#2826 = AXIS2_PLACEMENT_3D('',#2827,#2828,#2829);
#2827 = CARTESIAN_POINT('',(98.,62.,24.));
#2828 = DIRECTION('',(0.,-1.,0.));
#2829 = DIRECTION('',(0.,0.,-1.));
#2830 = ORIENTED_EDGE('',*,*,#2831,.F.);
#2831 = EDGE_CURVE('',#2773,#2823,#2832,.T.);
#2832 = LINE('',#2833,#2834);
#2833 = CARTESIAN_POINT('',(98.,66.,22.));
#2834 = VECTOR('',#2835,1.);
#2835 = DIRECTION('',(0.,-1.,0.));
#2836 = ORIENTED_EDGE('',*,*,#2772,.T.);
#2837 = ORIENTED_EDGE('',*,*,#2831,.T.);
#2838 = CYLINDRICAL_SURFACE('',#2839,2.);
#2839 = AXIS2_PLACEMENT_3D('',#2840,#2841,#2842);
#2840 = CARTESIAN_POINT('',(98.,66.,24.));
#2841 = DIRECTION('',(0.,-1.,0.));
#2842 = DIRECTION('',(0.,0.,-1.));
#2843 = ADVANCED_FACE('',(#2844),#2847,.F.);
#2844 = FACE_BOUND('',#2845,.F.);
#2845 = EDGE_LOOP('',(#2846));
#2846 = ORIENTED_EDGE('',*,*,#2822,.T.);
#2847 = PLANE('',#2848);
#2848 = AXIS2_PLACEMENT_3D('',#2849,#2850,#2851);
#2849 = CARTESIAN_POINT('',(98.,62.,24.));
#2850 = DIRECTION('',(0.,-1.,0.));
#2851 = DIRECTION('',(0.,0.,-1.));
#2852 = ADVANCED_FACE('',(#2853),#2872,.F.);
#2853 = FACE_BOUND('',#2854,.F.);
#2854 = EDGE_LOOP('',(#2855,#2864,#2870,#2871));
#2855 = ORIENTED_EDGE('',*,*,#2856,.F.);
#2856 = EDGE_CURVE('',#2857,#2857,#2859,.T.);
#2857 = VERTEX_POINT('',#2858);
#2858 = CARTESIAN_POINT('',(70.,62.,22.));
#2859 = CIRCLE('',#2860,2.);
#2860 = AXIS2_PLACEMENT_3D('',#2861,#2862,#2863);
#2861 = CARTESIAN_POINT('',(70.,62.,24.));
#2862 = DIRECTION('',(0.,-1.,0.));
#2863 = DIRECTION('',(0.,0.,-1.));
#2864 = ORIENTED_EDGE('',*,*,#2865,.F.);
#2865 = EDGE_CURVE('',#2784,#2857,#2866,.T.);
#2866 = LINE('',#2867,#2868);
#2867 = CARTESIAN_POINT('',(70.,66.,22.));
#2868 = VECTOR('',#2869,1.);
#2869 = DIRECTION('',(0.,-1.,0.));
#2870 = ORIENTED_EDGE('',*,*,#2783,.T.);
#2871 = ORIENTED_EDGE('',*,*,#2865,.T.);
#2872 = CYLINDRICAL_SURFACE('',#2873,2.);
#2873 = AXIS2_PLACEMENT_3D('',#2874,#2875,#2876);
#2874 = CARTESIAN_POINT('',(70.,66.,24.));
#2875 = DIRECTION('',(0.,-1.,0.));
#2876 = DIRECTION('',(0.,0.,-1.));
#2877 = ADVANCED_FACE('',(#2878),#2881,.F.);
#2878 = FACE_BOUND('',#2879,.F.);
#2879 = EDGE_LOOP('',(#2880));
#2880 = ORIENTED_EDGE('',*,*,#2856,.T.);
#2881 = PLANE('',#2882);
#2882 = AXIS2_PLACEMENT_3D('',#2883,#2884,#2885);
#2883 = CARTESIAN_POINT('',(70.,62.,24.));
#2884 = DIRECTION('',(0.,-1.,0.));
#2885 = DIRECTION('',(0.,0.,-1.));
#2886 = ADVANCED_FACE('',(#2887),#2906,.F.);
#2887 = FACE_BOUND('',#2888,.F.);
#2888 = EDGE_LOOP('',(#2889,#2898,#2904,#2905));
#2889 = ORIENTED_EDGE('',*,*,#2890,.F.);
#2890 = EDGE_CURVE('',#2891,#2891,#2893,.T.);
#2891 = VERTEX_POINT('',#2892);
#2892 = CARTESIAN_POINT('',(42.,62.,22.));
#2893 = CIRCLE('',#2894,2.);
#2894 = AXIS2_PLACEMENT_3D('',#2895,#2896,#2897);
#2895 = CARTESIAN_POINT('',(42.,62.,24.));
#2896 = DIRECTION('',(0.,-1.,0.));
#2897 = DIRECTION('',(0.,0.,-1.));
#2898 = ORIENTED_EDGE('',*,*,#2899,.F.);
#2899 = EDGE_CURVE('',#2795,#2891,#2900,.T.);
#2900 = LINE('',#2901,#2902);
#2901 = CARTESIAN_POINT('',(42.,66.,22.));
#2902 = VECTOR('',#2903,1.);
#2903 = DIRECTION('',(0.,-1.,0.));
#2904 = ORIENTED_EDGE('',*,*,#2794,.T.);
#2905 = ORIENTED_EDGE('',*,*,#2899,.T.);
#2906 = CYLINDRICAL_SURFACE('',#2907,2.);
#2907 = AXIS2_PLACEMENT_3D('',#2908,#2909,#2910);
#2908 = CARTESIAN_POINT('',(42.,66.,24.));
#2909 = DIRECTION('',(0.,-1.,0.));
#2910 = DIRECTION('',(0.,0.,-1.));
#2911 = ADVANCED_FACE('',(#2912),#2915,.F.);
#2912 = FACE_BOUND('',#2913,.F.);
#2913 = EDGE_LOOP('',(#2914));
#2914 = ORIENTED_EDGE('',*,*,#2890,.T.);
#2915 = PLANE('',#2916);
#2916 = AXIS2_PLACEMENT_3D('',#2917,#2918,#2919);
#2917 = CARTESIAN_POINT('',(42.,62.,24.));
#2918 = DIRECTION('',(0.,-1.,0.));
#2919 = DIRECTION('',(0.,0.,-1.));
#2920 = ADVANCED_FACE('',(#2921),#2940,.F.);
#2921 = FACE_BOUND('',#2922,.F.);
#2922 = EDGE_LOOP('',(#2923,#2932,#2938,#2939));
#2923 = ORIENTED_EDGE('',*,*,#2924,.F.);
#2924 = EDGE_CURVE('',#2925,#2925,#2927,.T.);
#2925 = VERTEX_POINT('',#2926);
#2926 = CARTESIAN_POINT('',(14.,62.,22.));
#2927 = CIRCLE('',#2928,2.);
#2928 = AXIS2_PLACEMENT_3D('',#2929,#2930,#2931);
#2929 = CARTESIAN_POINT('',(14.,62.,24.));
#2930 = DIRECTION('',(0.,-1.,0.));
#2931 = DIRECTION('',(0.,0.,-1.));
#2932 = ORIENTED_EDGE('',*,*,#2933,.F.);
#2933 = EDGE_CURVE('',#2806,#2925,#2934,.T.);
#2934 = LINE('',#2935,#2936);
#2935 = CARTESIAN_POINT('',(14.,66.,22.));
#2936 = VECTOR('',#2937,1.);
#2937 = DIRECTION('',(0.,-1.,0.));
#2938 = ORIENTED_EDGE('',*,*,#2805,.T.);
#2939 = ORIENTED_EDGE('',*,*,#2933,.T.);
#2940 = CYLINDRICAL_SURFACE('',#2941,2.);
#2941 = AXIS2_PLACEMENT_3D('',#2942,#2943,#2944);
#2942 = CARTESIAN_POINT('',(14.,66.,24.));
#2943 = DIRECTION('',(0.,-1.,0.));
#2944 = DIRECTION('',(0.,0.,-1.));
#2945 = ADVANCED_FACE('',(#2946),#2949,.F.);
#2946 = FACE_BOUND('',#2947,.F.);
#2947 = EDGE_LOOP('',(#2948));
#2948 = ORIENTED_EDGE('',*,*,#2924,.T.);
#2949 = PLANE('',#2950);
#2950 = AXIS2_PLACEMENT_3D('',#2951,#2952,#2953);
#2951 = CARTESIAN_POINT('',(14.,62.,24.));
#2952 = DIRECTION('',(0.,-1.,0.));
#2953 = DIRECTION('',(0.,0.,-1.));
#2954 = ADVANCED_FACE('',(#2955),#2970,.T.);
#2955 = FACE_BOUND('',#2956,.T.);
#2956 = EDGE_LOOP('',(#2957,#2958,#2959,#2960,#2961,#2962,#2968,#2969));
#2957 = ORIENTED_EDGE('',*,*,#1009,.T.);
#2958 = ORIENTED_EDGE('',*,*,#1761,.T.);
#2959 = ORIENTED_EDGE('',*,*,#2214,.T.);
#2960 = ORIENTED_EDGE('',*,*,#1894,.F.);
#2961 = ORIENTED_EDGE('',*,*,#1057,.T.);
#2962 = ORIENTED_EDGE('',*,*,#2963,.T.);
#2963 = EDGE_CURVE('',#1058,#2733,#2964,.T.);
#2964 = LINE('',#2965,#2966);
#2965 = CARTESIAN_POINT('',(112.,0.,0.));
#2966 = VECTOR('',#2967,1.);
#2967 = DIRECTION('',(0.,0.,1.));
#2968 = ORIENTED_EDGE('',*,*,#2740,.F.);
#2969 = ORIENTED_EDGE('',*,*,#704,.F.);
#2970 = PLANE('',#2971);
#2971 = AXIS2_PLACEMENT_3D('',#2972,#2973,#2974);
#2972 = CARTESIAN_POINT('',(56.,0.,15.93125));
#2973 = DIRECTION('',(-0.,-1.,-0.));
#2974 = DIRECTION('',(0.,0.,-1.));
#2975 = ADVANCED_FACE('',(#2976,#2993,#3004,#3015,#3026),#3037,.T.);
#2976 = FACE_BOUND('',#2977,.T.);
#2977 = EDGE_LOOP('',(#2978,#2979,#2980,#2981,#2987,#2988,#2989,#2990,
    #2991,#2992));
#2978 = ORIENTED_EDGE('',*,*,#110,.F.);
#2979 = ORIENTED_EDGE('',*,*,#736,.T.);
#2980 = ORIENTED_EDGE('',*,*,#2676,.T.);
#2981 = ORIENTED_EDGE('',*,*,#2982,.F.);
#2982 = EDGE_CURVE('',#262,#2677,#2983,.T.);
#2983 = LINE('',#2984,#2985);
#2984 = CARTESIAN_POINT('',(112.,5.,14.));
#2985 = VECTOR('',#2986,1.);
#2986 = DIRECTION('',(0.,0.,1.));
#2987 = ORIENTED_EDGE('',*,*,#261,.F.);
#2988 = ORIENTED_EDGE('',*,*,#229,.T.);
#2989 = ORIENTED_EDGE('',*,*,#39,.F.);
#2990 = ORIENTED_EDGE('',*,*,#61,.F.);
#2991 = ORIENTED_EDGE('',*,*,#164,.F.);
#2992 = ORIENTED_EDGE('',*,*,#132,.T.);
#2993 = FACE_BOUND('',#2994,.T.);
#2994 = EDGE_LOOP('',(#2995));
#2995 = ORIENTED_EDGE('',*,*,#2996,.T.);
#2996 = EDGE_CURVE('',#2997,#2997,#2999,.T.);
#2997 = VERTEX_POINT('',#2998);
#2998 = CARTESIAN_POINT('',(98.,5.,22.));
#2999 = CIRCLE('',#3000,2.);
#3000 = AXIS2_PLACEMENT_3D('',#3001,#3002,#3003);
#3001 = CARTESIAN_POINT('',(98.,5.,24.));
#3002 = DIRECTION('',(0.,-1.,0.));
#3003 = DIRECTION('',(0.,0.,-1.));
#3004 = FACE_BOUND('',#3005,.T.);
#3005 = EDGE_LOOP('',(#3006));
#3006 = ORIENTED_EDGE('',*,*,#3007,.T.);
#3007 = EDGE_CURVE('',#3008,#3008,#3010,.T.);
#3008 = VERTEX_POINT('',#3009);
#3009 = CARTESIAN_POINT('',(70.,5.,22.));
#3010 = CIRCLE('',#3011,2.);
#3011 = AXIS2_PLACEMENT_3D('',#3012,#3013,#3014);
#3012 = CARTESIAN_POINT('',(70.,5.,24.));
#3013 = DIRECTION('',(0.,-1.,0.));
#3014 = DIRECTION('',(0.,0.,-1.));
#3015 = FACE_BOUND('',#3016,.T.);
#3016 = EDGE_LOOP('',(#3017));
#3017 = ORIENTED_EDGE('',*,*,#3018,.T.);
#3018 = EDGE_CURVE('',#3019,#3019,#3021,.T.);
#3019 = VERTEX_POINT('',#3020);
#3020 = CARTESIAN_POINT('',(42.,5.,22.));
#3021 = CIRCLE('',#3022,2.);
#3022 = AXIS2_PLACEMENT_3D('',#3023,#3024,#3025);
#3023 = CARTESIAN_POINT('',(42.,5.,24.));
#3024 = DIRECTION('',(0.,-1.,0.));
#3025 = DIRECTION('',(0.,0.,-1.));
#3026 = FACE_BOUND('',#3027,.T.);
#3027 = EDGE_LOOP('',(#3028));
#3028 = ORIENTED_EDGE('',*,*,#3029,.T.);
#3029 = EDGE_CURVE('',#3030,#3030,#3032,.T.);
#3030 = VERTEX_POINT('',#3031);
#3031 = CARTESIAN_POINT('',(14.,5.,22.));
#3032 = CIRCLE('',#3033,2.);
#3033 = AXIS2_PLACEMENT_3D('',#3034,#3035,#3036);
#3034 = CARTESIAN_POINT('',(14.,5.,24.));
#3035 = DIRECTION('',(0.,-1.,0.));
#3036 = DIRECTION('',(0.,0.,-1.));
#3037 = PLANE('',#3038);
#3038 = AXIS2_PLACEMENT_3D('',#3039,#3040,#3041);
#3039 = CARTESIAN_POINT('',(56.654492330168,5.,22.088276113952));
#3040 = DIRECTION('',(0.,1.,0.));
#3041 = DIRECTION('',(0.,0.,1.));
#3042 = ADVANCED_FACE('',(#3043),#3062,.F.);
#3043 = FACE_BOUND('',#3044,.F.);
#3044 = EDGE_LOOP('',(#3045,#3054,#3060,#3061));
#3045 = ORIENTED_EDGE('',*,*,#3046,.F.);
#3046 = EDGE_CURVE('',#3047,#3047,#3049,.T.);
#3047 = VERTEX_POINT('',#3048);
#3048 = CARTESIAN_POINT('',(98.,1.,22.));
#3049 = CIRCLE('',#3050,2.);
#3050 = AXIS2_PLACEMENT_3D('',#3051,#3052,#3053);
#3051 = CARTESIAN_POINT('',(98.,1.,24.));
#3052 = DIRECTION('',(0.,-1.,0.));
#3053 = DIRECTION('',(0.,0.,-1.));
#3054 = ORIENTED_EDGE('',*,*,#3055,.F.);
#3055 = EDGE_CURVE('',#2997,#3047,#3056,.T.);
#3056 = LINE('',#3057,#3058);
#3057 = CARTESIAN_POINT('',(98.,5.,22.));
#3058 = VECTOR('',#3059,1.);
#3059 = DIRECTION('',(0.,-1.,0.));
#3060 = ORIENTED_EDGE('',*,*,#2996,.T.);
#3061 = ORIENTED_EDGE('',*,*,#3055,.T.);
#3062 = CYLINDRICAL_SURFACE('',#3063,2.);
#3063 = AXIS2_PLACEMENT_3D('',#3064,#3065,#3066);
#3064 = CARTESIAN_POINT('',(98.,5.,24.));
#3065 = DIRECTION('',(0.,-1.,0.));
#3066 = DIRECTION('',(0.,0.,-1.));
#3067 = ADVANCED_FACE('',(#3068),#3071,.F.);
#3068 = FACE_BOUND('',#3069,.F.);
#3069 = EDGE_LOOP('',(#3070));
#3070 = ORIENTED_EDGE('',*,*,#3046,.T.);
#3071 = PLANE('',#3072);
#3072 = AXIS2_PLACEMENT_3D('',#3073,#3074,#3075);
#3073 = CARTESIAN_POINT('',(98.,1.,24.));
#3074 = DIRECTION('',(0.,-1.,0.));
#3075 = DIRECTION('',(0.,0.,-1.));
#3076 = ADVANCED_FACE('',(#3077),#3096,.F.);
#3077 = FACE_BOUND('',#3078,.F.);
#3078 = EDGE_LOOP('',(#3079,#3088,#3094,#3095));
#3079 = ORIENTED_EDGE('',*,*,#3080,.F.);
#3080 = EDGE_CURVE('',#3081,#3081,#3083,.T.);
#3081 = VERTEX_POINT('',#3082);
#3082 = CARTESIAN_POINT('',(70.,1.,22.));
#3083 = CIRCLE('',#3084,2.);
#3084 = AXIS2_PLACEMENT_3D('',#3085,#3086,#3087);
#3085 = CARTESIAN_POINT('',(70.,1.,24.));
#3086 = DIRECTION('',(0.,-1.,0.));
#3087 = DIRECTION('',(0.,0.,-1.));
#3088 = ORIENTED_EDGE('',*,*,#3089,.F.);
#3089 = EDGE_CURVE('',#3008,#3081,#3090,.T.);
#3090 = LINE('',#3091,#3092);
#3091 = CARTESIAN_POINT('',(70.,5.,22.));
#3092 = VECTOR('',#3093,1.);
#3093 = DIRECTION('',(0.,-1.,0.));
#3094 = ORIENTED_EDGE('',*,*,#3007,.T.);
#3095 = ORIENTED_EDGE('',*,*,#3089,.T.);
#3096 = CYLINDRICAL_SURFACE('',#3097,2.);
#3097 = AXIS2_PLACEMENT_3D('',#3098,#3099,#3100);
#3098 = CARTESIAN_POINT('',(70.,5.,24.));
#3099 = DIRECTION('',(0.,-1.,0.));
#3100 = DIRECTION('',(0.,0.,-1.));
#3101 = ADVANCED_FACE('',(#3102),#3105,.F.);
#3102 = FACE_BOUND('',#3103,.F.);
#3103 = EDGE_LOOP('',(#3104));
#3104 = ORIENTED_EDGE('',*,*,#3080,.T.);
#3105 = PLANE('',#3106);
#3106 = AXIS2_PLACEMENT_3D('',#3107,#3108,#3109);
#3107 = CARTESIAN_POINT('',(70.,1.,24.));
#3108 = DIRECTION('',(0.,-1.,0.));
#3109 = DIRECTION('',(0.,0.,-1.));
#3110 = ADVANCED_FACE('',(#3111),#3130,.F.);
#3111 = FACE_BOUND('',#3112,.F.);
#3112 = EDGE_LOOP('',(#3113,#3122,#3128,#3129));
#3113 = ORIENTED_EDGE('',*,*,#3114,.F.);
#3114 = EDGE_CURVE('',#3115,#3115,#3117,.T.);
#3115 = VERTEX_POINT('',#3116);
#3116 = CARTESIAN_POINT('',(42.,1.,22.));
#3117 = CIRCLE('',#3118,2.);
#3118 = AXIS2_PLACEMENT_3D('',#3119,#3120,#3121);
#3119 = CARTESIAN_POINT('',(42.,1.,24.));
#3120 = DIRECTION('',(0.,-1.,0.));
#3121 = DIRECTION('',(0.,0.,-1.));
#3122 = ORIENTED_EDGE('',*,*,#3123,.F.);
#3123 = EDGE_CURVE('',#3019,#3115,#3124,.T.);
#3124 = LINE('',#3125,#3126);
#3125 = CARTESIAN_POINT('',(42.,5.,22.));
#3126 = VECTOR('',#3127,1.);
#3127 = DIRECTION('',(0.,-1.,0.));
#3128 = ORIENTED_EDGE('',*,*,#3018,.T.);
#3129 = ORIENTED_EDGE('',*,*,#3123,.T.);
#3130 = CYLINDRICAL_SURFACE('',#3131,2.);
#3131 = AXIS2_PLACEMENT_3D('',#3132,#3133,#3134);
#3132 = CARTESIAN_POINT('',(42.,5.,24.));
#3133 = DIRECTION('',(0.,-1.,0.));
#3134 = DIRECTION('',(0.,0.,-1.));
#3135 = ADVANCED_FACE('',(#3136),#3139,.F.);
#3136 = FACE_BOUND('',#3137,.F.);
#3137 = EDGE_LOOP('',(#3138));
#3138 = ORIENTED_EDGE('',*,*,#3114,.T.);
#3139 = PLANE('',#3140);
#3140 = AXIS2_PLACEMENT_3D('',#3141,#3142,#3143);
#3141 = CARTESIAN_POINT('',(42.,1.,24.));
#3142 = DIRECTION('',(0.,-1.,0.));
#3143 = DIRECTION('',(0.,0.,-1.));
#3144 = ADVANCED_FACE('',(#3145),#3164,.F.);
#3145 = FACE_BOUND('',#3146,.F.);
#3146 = EDGE_LOOP('',(#3147,#3156,#3162,#3163));
#3147 = ORIENTED_EDGE('',*,*,#3148,.F.);
#3148 = EDGE_CURVE('',#3149,#3149,#3151,.T.);
#3149 = VERTEX_POINT('',#3150);
#3150 = CARTESIAN_POINT('',(14.,1.,22.));
#3151 = CIRCLE('',#3152,2.);
#3152 = AXIS2_PLACEMENT_3D('',#3153,#3154,#3155);
#3153 = CARTESIAN_POINT('',(14.,1.,24.));
#3154 = DIRECTION('',(0.,-1.,0.));
#3155 = DIRECTION('',(0.,0.,-1.));
#3156 = ORIENTED_EDGE('',*,*,#3157,.F.);
#3157 = EDGE_CURVE('',#3030,#3149,#3158,.T.);
#3158 = LINE('',#3159,#3160);
#3159 = CARTESIAN_POINT('',(14.,5.,22.));
#3160 = VECTOR('',#3161,1.);
#3161 = DIRECTION('',(0.,-1.,0.));
#3162 = ORIENTED_EDGE('',*,*,#3029,.T.);
#3163 = ORIENTED_EDGE('',*,*,#3157,.T.);
#3164 = CYLINDRICAL_SURFACE('',#3165,2.);
#3165 = AXIS2_PLACEMENT_3D('',#3166,#3167,#3168);
#3166 = CARTESIAN_POINT('',(14.,5.,24.));
#3167 = DIRECTION('',(0.,-1.,0.));
#3168 = DIRECTION('',(0.,0.,-1.));
#3169 = ADVANCED_FACE('',(#3170),#3173,.F.);
#3170 = FACE_BOUND('',#3171,.F.);
#3171 = EDGE_LOOP('',(#3172));
#3172 = ORIENTED_EDGE('',*,*,#3148,.T.);
#3173 = PLANE('',#3174);
#3174 = AXIS2_PLACEMENT_3D('',#3175,#3176,#3177);
#3175 = CARTESIAN_POINT('',(14.,1.,24.));
#3176 = DIRECTION('',(0.,-1.,0.));
#3177 = DIRECTION('',(0.,0.,-1.));
#3178 = ADVANCED_FACE('',(#3179),#3196,.T.);
#3179 = FACE_BOUND('',#3180,.T.);
#3180 = EDGE_LOOP('',(#3181,#3182,#3183,#3184,#3185,#3186,#3187,#3188,
    #3189,#3190));
#3181 = ORIENTED_EDGE('',*,*,#814,.F.);
#3182 = ORIENTED_EDGE('',*,*,#608,.T.);
#3183 = ORIENTED_EDGE('',*,*,#92,.T.);
#3184 = ORIENTED_EDGE('',*,*,#148,.F.);
#3185 = ORIENTED_EDGE('',*,*,#171,.T.);
#3186 = ORIENTED_EDGE('',*,*,#77,.T.);
#3187 = ORIENTED_EDGE('',*,*,#21,.T.);
#3188 = ORIENTED_EDGE('',*,*,#245,.F.);
#3189 = ORIENTED_EDGE('',*,*,#277,.T.);
#3190 = ORIENTED_EDGE('',*,*,#3191,.T.);
#3191 = EDGE_CURVE('',#270,#807,#3192,.T.);
#3192 = LINE('',#3193,#3194);
#3193 = CARTESIAN_POINT('',(112.,61.,10.8));
#3194 = VECTOR('',#3195,1.);
#3195 = DIRECTION('',(0.,0.,1.));
#3196 = PLANE('',#3197);
#3197 = AXIS2_PLACEMENT_3D('',#3198,#3199,#3200);
#3198 = CARTESIAN_POINT('',(56.654492330168,61.,22.088276113952));
#3199 = DIRECTION('',(-0.,-1.,-0.));
#3200 = DIRECTION('',(0.,0.,-1.));
#3201 = ADVANCED_FACE('',(#3202),#3222,.T.);
#3202 = FACE_BOUND('',#3203,.T.);
#3203 = EDGE_LOOP('',(#3204,#3205,#3206,#3207,#3208,#3209,#3210,#3211,
    #3212,#3213,#3214,#3215,#3216,#3217,#3218,#3219,#3220,#3221));
#3204 = ORIENTED_EDGE('',*,*,#2982,.T.);
#3205 = ORIENTED_EDGE('',*,*,#2684,.T.);
#3206 = ORIENTED_EDGE('',*,*,#2708,.T.);
#3207 = ORIENTED_EDGE('',*,*,#2732,.T.);
#3208 = ORIENTED_EDGE('',*,*,#2963,.F.);
#3209 = ORIENTED_EDGE('',*,*,#1065,.T.);
#3210 = ORIENTED_EDGE('',*,*,#1934,.T.);
#3211 = ORIENTED_EDGE('',*,*,#2372,.F.);
#3212 = ORIENTED_EDGE('',*,*,#2067,.F.);
#3213 = ORIENTED_EDGE('',*,*,#1113,.T.);
#3214 = ORIENTED_EDGE('',*,*,#922,.T.);
#3215 = ORIENTED_EDGE('',*,*,#1729,.F.);
#3216 = ORIENTED_EDGE('',*,*,#2758,.T.);
#3217 = ORIENTED_EDGE('',*,*,#758,.T.);
#3218 = ORIENTED_EDGE('',*,*,#782,.T.);
#3219 = ORIENTED_EDGE('',*,*,#806,.T.);
#3220 = ORIENTED_EDGE('',*,*,#3191,.F.);
#3221 = ORIENTED_EDGE('',*,*,#269,.F.);
#3222 = PLANE('',#3223);
#3223 = AXIS2_PLACEMENT_3D('',#3224,#3225,#3226);
#3224 = CARTESIAN_POINT('',(112.,54.643162305139,10.608961257255));
#3225 = DIRECTION('',(1.,0.,0.));
#3226 = DIRECTION('',(0.,0.,1.));
#3227 = ADVANCED_FACE('',(#3228),#3243,.T.);
#3228 = FACE_BOUND('',#3229,.T.);
#3229 = EDGE_LOOP('',(#3230,#3231,#3232,#3233,#3239,#3240,#3241,#3242));
#3230 = ORIENTED_EDGE('',*,*,#2130,.T.);
#3231 = ORIENTED_EDGE('',*,*,#2468,.T.);
#3232 = ORIENTED_EDGE('',*,*,#2492,.T.);
#3233 = ORIENTED_EDGE('',*,*,#3234,.F.);
#3234 = EDGE_CURVE('',#2430,#2493,#3235,.T.);
#3235 = LINE('',#3236,#3237);
#3236 = CARTESIAN_POINT('',(12.,120.,4.1));
#3237 = VECTOR('',#3238,1.);
#3238 = DIRECTION('',(1.,0.,0.));
#3239 = ORIENTED_EDGE('',*,*,#2429,.F.);
#3240 = ORIENTED_EDGE('',*,*,#2406,.T.);
#3241 = ORIENTED_EDGE('',*,*,#2099,.F.);
#3242 = ORIENTED_EDGE('',*,*,#1219,.F.);
#3243 = PLANE('',#3244);
#3244 = AXIS2_PLACEMENT_3D('',#3245,#3246,#3247);
#3245 = CARTESIAN_POINT('',(16.,120.,2.364049586777));
#3246 = DIRECTION('',(-0.,-1.,-0.));
#3247 = DIRECTION('',(0.,0.,-1.));
#3248 = ADVANCED_FACE('',(#3249),#3264,.T.);
#3249 = FACE_BOUND('',#3250,.T.);
#3250 = EDGE_LOOP('',(#3251,#3252,#3253,#3254,#3260,#3261,#3262,#3263));
#3251 = ORIENTED_EDGE('',*,*,#2161,.T.);
#3252 = ORIENTED_EDGE('',*,*,#2594,.T.);
#3253 = ORIENTED_EDGE('',*,*,#2618,.T.);
#3254 = ORIENTED_EDGE('',*,*,#3255,.F.);
#3255 = EDGE_CURVE('',#2556,#2619,#3256,.T.);
#3256 = LINE('',#3257,#3258);
#3257 = CARTESIAN_POINT('',(92.,120.,4.1));
#3258 = VECTOR('',#3259,1.);
#3259 = DIRECTION('',(1.,0.,0.));
#3260 = ORIENTED_EDGE('',*,*,#2555,.F.);
#3261 = ORIENTED_EDGE('',*,*,#2532,.T.);
#3262 = ORIENTED_EDGE('',*,*,#2192,.F.);
#3263 = ORIENTED_EDGE('',*,*,#1263,.F.);
#3264 = PLANE('',#3265);
#3265 = AXIS2_PLACEMENT_3D('',#3266,#3267,#3268);
#3266 = CARTESIAN_POINT('',(96.,120.,2.364049586777));
#3267 = DIRECTION('',(-0.,-1.,-0.));
#3268 = DIRECTION('',(0.,0.,-1.));
#3269 = ADVANCED_FACE('',(#3270),#3282,.T.);
#3270 = FACE_BOUND('',#3271,.T.);
#3271 = EDGE_LOOP('',(#3272,#3279,#3280,#3281));
#3272 = ORIENTED_EDGE('',*,*,#3273,.F.);
#3273 = EDGE_CURVE('',#2421,#2484,#3274,.T.);
#3274 = CIRCLE('',#3275,4.);
#3275 = AXIS2_PLACEMENT_3D('',#3276,#3277,#3278);
#3276 = CARTESIAN_POINT('',(16.,112.,4.1));
#3277 = DIRECTION('',(0.,0.,1.));
#3278 = DIRECTION('',(1.,0.,0.));
#3279 = ORIENTED_EDGE('',*,*,#2437,.T.);
#3280 = ORIENTED_EDGE('',*,*,#3234,.T.);
#3281 = ORIENTED_EDGE('',*,*,#2500,.F.);
#3282 = PLANE('',#3283);
#3283 = AXIS2_PLACEMENT_3D('',#3284,#3285,#3286);
#3284 = CARTESIAN_POINT('',(16.,114.78575519663,4.1));
#3285 = DIRECTION('',(-0.,-0.,-1.));
#3286 = DIRECTION('',(-1.,0.,0.));
#3287 = ADVANCED_FACE('',(#3288),#3300,.T.);
#3288 = FACE_BOUND('',#3289,.T.);
#3289 = EDGE_LOOP('',(#3290,#3297,#3298,#3299));
#3290 = ORIENTED_EDGE('',*,*,#3291,.F.);
#3291 = EDGE_CURVE('',#2547,#2610,#3292,.T.);
#3292 = CIRCLE('',#3293,4.);
#3293 = AXIS2_PLACEMENT_3D('',#3294,#3295,#3296);
#3294 = CARTESIAN_POINT('',(96.,112.,4.1));
#3295 = DIRECTION('',(0.,0.,1.));
#3296 = DIRECTION('',(1.,0.,0.));
#3297 = ORIENTED_EDGE('',*,*,#2563,.T.);
#3298 = ORIENTED_EDGE('',*,*,#3255,.T.);
#3299 = ORIENTED_EDGE('',*,*,#2626,.F.);
#3300 = PLANE('',#3301);
#3301 = AXIS2_PLACEMENT_3D('',#3302,#3303,#3304);
#3302 = CARTESIAN_POINT('',(96.,114.78575519663,4.1));
#3303 = DIRECTION('',(-0.,-0.,-1.));
#3304 = DIRECTION('',(-1.,0.,0.));
#3305 = ADVANCED_FACE('',(#3306),#3317,.F.);
#3306 = FACE_BOUND('',#3307,.F.);
#3307 = EDGE_LOOP('',(#3308,#3309,#3310,#3311,#3312,#3313,#3314,#3315,
    #3316));
#3308 = ORIENTED_EDGE('',*,*,#2121,.T.);
#3309 = ORIENTED_EDGE('',*,*,#2451,.F.);
#3310 = ORIENTED_EDGE('',*,*,#2483,.T.);
#3311 = ORIENTED_EDGE('',*,*,#3273,.F.);
#3312 = ORIENTED_EDGE('',*,*,#2420,.F.);
#3313 = ORIENTED_EDGE('',*,*,#2398,.F.);
#3314 = ORIENTED_EDGE('',*,*,#2090,.F.);
#3315 = ORIENTED_EDGE('',*,*,#1200,.T.);
#3316 = ORIENTED_EDGE('',*,*,#1235,.T.);
#3317 = CYLINDRICAL_SURFACE('',#3318,4.);
#3318 = AXIS2_PLACEMENT_3D('',#3319,#3320,#3321);
#3319 = CARTESIAN_POINT('',(16.,112.,-0.1));
#3320 = DIRECTION('',(0.,0.,1.));
#3321 = DIRECTION('',(1.,0.,0.));
#3322 = ADVANCED_FACE('',(#3323),#3334,.F.);
#3323 = FACE_BOUND('',#3324,.F.);
#3324 = EDGE_LOOP('',(#3325,#3326,#3327,#3328,#3329,#3330,#3331,#3332,
    #3333));
#3325 = ORIENTED_EDGE('',*,*,#2152,.T.);
#3326 = ORIENTED_EDGE('',*,*,#2577,.F.);
#3327 = ORIENTED_EDGE('',*,*,#2609,.T.);
#3328 = ORIENTED_EDGE('',*,*,#3291,.F.);
#3329 = ORIENTED_EDGE('',*,*,#2546,.F.);
#3330 = ORIENTED_EDGE('',*,*,#2524,.F.);
#3331 = ORIENTED_EDGE('',*,*,#2183,.F.);
#3332 = ORIENTED_EDGE('',*,*,#1244,.T.);
#3333 = ORIENTED_EDGE('',*,*,#1279,.T.);
#3334 = CYLINDRICAL_SURFACE('',#3335,4.);
#3335 = AXIS2_PLACEMENT_3D('',#3336,#3337,#3338);
#3336 = CARTESIAN_POINT('',(96.,112.,-0.1));
#3337 = DIRECTION('',(0.,0.,1.));
#3338 = DIRECTION('',(1.,0.,0.));
#3339 = ( GEOMETRIC_REPRESENTATION_CONTEXT(3) 
GLOBAL_UNCERTAINTY_ASSIGNED_CONTEXT((#3343)) 
GLOBAL_UNIT_ASSIGNED_CONTEXT((#3340,#3341,#3342)) REPRESENTATION_CONTEXT
('Context #1','3D Context with UNIT and UNCERTAINTY') );
#3340 = ( LENGTH_UNIT() NAMED_UNIT(*) SI_UNIT(.MILLI.,.METRE.) );
#3341 = ( NAMED_UNIT(*) PLANE_ANGLE_UNIT() SI_UNIT($,.RADIAN.) );
#3342 = ( NAMED_UNIT(*) SI_UNIT($,.STERADIAN.) SOLID_ANGLE_UNIT() );
#3343 = UNCERTAINTY_MEASURE_WITH_UNIT(LENGTH_MEASURE(1.E-07),#3340,
  'distance_accuracy_value','confusion accuracy');
#3344 = PRODUCT_RELATED_PRODUCT_CATEGORY('part',$,(#7));
ENDSEC;
END-ISO-10303-21;
