ISO-10303-21;
HEADER;
FILE_DESCRIPTION(('FreeCAD Model'),'2;1');
FILE_NAME('Open CASCADE Shape Model','2026-10-07T20:54:59',('FreeCAD'),(
    'FreeCAD'),'Open CASCADE STEP processor 7.8','FreeCAD','Unknown');
FILE_SCHEMA(('AUTOMOTIVE_DESIGN { 1 0 10303 214 1 1 1 1 }'));
ENDSEC;
DATA;
#1 = APPLICATION_PROTOCOL_DEFINITION('international standard',
  'automotive_design',2000,#2);
#2 = APPLICATION_CONTEXT(
  'core data for automotive mechanical design processes');
#3 = SHAPE_DEFINITION_REPRESENTATION(#4,#10);
#4 = PRODUCT_DEFINITION_SHAPE('','',#5);
#5 = PRODUCT_DEFINITION('design','',#6,#9);
#6 = PRODUCT_DEFINITION_FORMATION('','',#7);
#7 = PRODUCT('Open CASCADE STEP translator 7.8 4',
  'Open CASCADE STEP translator 7.8 4','',(#8));
#8 = PRODUCT_CONTEXT('',#2,'mechanical');
#9 = PRODUCT_DEFINITION_CONTEXT('part definition',#2,'design');
#10 = ADVANCED_BREP_SHAPE_REPRESENTATION('',(#11,#15),#4926);
#11 = AXIS2_PLACEMENT_3D('',#12,#13,#14);
#12 = CARTESIAN_POINT('',(0.,0.,0.));
#13 = DIRECTION('',(0.,0.,1.));
#14 = DIRECTION('',(1.,0.,-0.));
#15 = MANIFOLD_SOLID_BREP('',#16);
#16 = CLOSED_SHELL('',(#17,#57,#90,#121,#248,#273,#298,#322,#1433,#1450,
    #1474,#1499,#1524,#1541,#1572,#1612,#1652,#1669,#1700,#1740,#1764,
    #1797,#1814,#1831,#1848,#1865,#1877,#1908,#1932,#1956,#1980,#2004,
    #2028,#2052,#2076,#2100,#2124,#2148,#2172,#2189,#2222,#2248,#2274,
    #2300,#2326,#2352,#2378,#2404,#2430,#2449,#2480,#2504,#2528,#2552,
    #2576,#2600,#2617,#2648,#2672,#2696,#2720,#2744,#2768,#2792,#2816,
    #2840,#2864,#2888,#2905,#2936,#2960,#2984,#3008,#3032,#3049,#3080,
    #3104,#3128,#3152,#3176,#3200,#3224,#3241,#3272,#3298,#3324,#3350,
    #3376,#3402,#3428,#3454,#3480,#3506,#3532,#3558,#3584,#3610,#3636,
    #3660,#3686,#3712,#3738,#3764,#3790,#3816,#3842,#3868,#3894,#3920,
    #3946,#3972,#3998,#4017,#4048,#4072,#4096,#4120,#4144,#4168,#4192,
    #4209,#4226,#4243,#4255,#4272,#4289,#4301,#4322,#4406,#4421,#4441,
    #4455,#4497,#4535,#4551,#4593,#4626,#4659,#4694,#4729,#4764,#4799,
    #4827,#4858,#4882,#4899,#4915));
#17 = ADVANCED_FACE('',(#18),#52,.F.);
#18 = FACE_BOUND('',#19,.F.);
#19 = EDGE_LOOP('',(#20,#30,#38,#46));
#20 = ORIENTED_EDGE('',*,*,#21,.F.);
#21 = EDGE_CURVE('',#22,#24,#26,.T.);
#22 = VERTEX_POINT('',#23);
#23 = CARTESIAN_POINT('',(-4.440892098501E-16,3.,6.5));
#24 = VERTEX_POINT('',#25);
#25 = CARTESIAN_POINT('',(4.718447854657E-16,3.,9.));
#26 = LINE('',#27,#28);
#27 = CARTESIAN_POINT('',(-4.440892098501E-16,3.,6.5));
#28 = VECTOR('',#29,1.);
#29 = DIRECTION('',(0.,0.,1.));
#30 = ORIENTED_EDGE('',*,*,#31,.T.);
#31 = EDGE_CURVE('',#22,#32,#34,.T.);
#32 = VERTEX_POINT('',#33);
#33 = CARTESIAN_POINT('',(-4.440892098501E-16,11.,6.5));
#34 = LINE('',#35,#36);
#35 = CARTESIAN_POINT('',(0.,0.,6.5));
#36 = VECTOR('',#37,1.);
#37 = DIRECTION('',(0.,1.,0.));
#38 = ORIENTED_EDGE('',*,*,#39,.T.);
#39 = EDGE_CURVE('',#32,#40,#42,.T.);
#40 = VERTEX_POINT('',#41);
#41 = CARTESIAN_POINT('',(4.718447854657E-16,11.,9.));
#42 = LINE('',#43,#44);
#43 = CARTESIAN_POINT('',(-4.440892098501E-16,11.,6.5));
#44 = VECTOR('',#45,1.);
#45 = DIRECTION('',(0.,0.,1.));
#46 = ORIENTED_EDGE('',*,*,#47,.F.);
#47 = EDGE_CURVE('',#24,#40,#48,.T.);
#48 = LINE('',#49,#50);
#49 = CARTESIAN_POINT('',(0.,3.,9.));
#50 = VECTOR('',#51,1.);
#51 = DIRECTION('',(0.,1.,0.));
#52 = PLANE('',#53);
#53 = AXIS2_PLACEMENT_3D('',#54,#55,#56);
#54 = CARTESIAN_POINT('',(0.,0.,6.5));
#55 = DIRECTION('',(1.,0.,0.));
#56 = DIRECTION('',(0.,0.,1.));
#57 = ADVANCED_FACE('',(#58),#85,.T.);
#58 = FACE_BOUND('',#59,.T.);
#59 = EDGE_LOOP('',(#60,#61,#70,#78));
#60 = ORIENTED_EDGE('',*,*,#21,.F.);
#61 = ORIENTED_EDGE('',*,*,#62,.T.);
#62 = EDGE_CURVE('',#22,#63,#65,.T.);
#63 = VERTEX_POINT('',#64);
#64 = CARTESIAN_POINT('',(3.,-4.440892098501E-16,6.5));
#65 = CIRCLE('',#66,3.);
#66 = AXIS2_PLACEMENT_3D('',#67,#68,#69);
#67 = CARTESIAN_POINT('',(3.,3.,6.5));
#68 = DIRECTION('',(-0.,0.,1.));
#69 = DIRECTION('',(0.,-1.,0.));
#70 = ORIENTED_EDGE('',*,*,#71,.T.);
#71 = EDGE_CURVE('',#63,#72,#74,.T.);
#72 = VERTEX_POINT('',#73);
#73 = CARTESIAN_POINT('',(3.,4.718447854657E-16,9.));
#74 = LINE('',#75,#76);
#75 = CARTESIAN_POINT('',(3.,-4.440892098501E-16,6.5));
#76 = VECTOR('',#77,1.);
#77 = DIRECTION('',(0.,0.,1.));
#78 = ORIENTED_EDGE('',*,*,#79,.T.);
#79 = EDGE_CURVE('',#72,#24,#80,.T.);
#80 = CIRCLE('',#81,3.);
#81 = AXIS2_PLACEMENT_3D('',#82,#83,#84);
#82 = CARTESIAN_POINT('',(3.,3.,9.));
#83 = DIRECTION('',(-0.,0.,-1.));
#84 = DIRECTION('',(-2.960594732334E-16,-1.,0.));
#85 = CYLINDRICAL_SURFACE('',#86,3.);
#86 = AXIS2_PLACEMENT_3D('',#87,#88,#89);
#87 = CARTESIAN_POINT('',(3.,3.,6.5));
#88 = DIRECTION('',(0.,0.,1.));
#89 = DIRECTION('',(-1.,0.,0.));
#90 = ADVANCED_FACE('',(#91),#116,.F.);
#91 = FACE_BOUND('',#92,.F.);
#92 = EDGE_LOOP('',(#93,#101,#102,#110));
#93 = ORIENTED_EDGE('',*,*,#94,.F.);
#94 = EDGE_CURVE('',#24,#95,#97,.T.);
#95 = VERTEX_POINT('',#96);
#96 = CARTESIAN_POINT('',(0.5,3.,9.5));
#97 = LINE('',#98,#99);
#98 = CARTESIAN_POINT('',(0.25,3.,9.25));
#99 = VECTOR('',#100,1.);
#100 = DIRECTION('',(0.707106781187,0.,0.707106781187));
#101 = ORIENTED_EDGE('',*,*,#47,.T.);
#102 = ORIENTED_EDGE('',*,*,#103,.T.);
#103 = EDGE_CURVE('',#40,#104,#106,.T.);
#104 = VERTEX_POINT('',#105);
#105 = CARTESIAN_POINT('',(0.5,11.,9.5));
#106 = LINE('',#107,#108);
#107 = CARTESIAN_POINT('',(0.25,11.,9.25));
#108 = VECTOR('',#109,1.);
#109 = DIRECTION('',(0.707106781187,0.,0.707106781187));
#110 = ORIENTED_EDGE('',*,*,#111,.F.);
#111 = EDGE_CURVE('',#95,#104,#112,.T.);
#112 = LINE('',#113,#114);
#113 = CARTESIAN_POINT('',(0.5,3.,9.5));
#114 = VECTOR('',#115,1.);
#115 = DIRECTION('',(0.,1.,0.));
#116 = PLANE('',#117);
#117 = AXIS2_PLACEMENT_3D('',#118,#119,#120);
#118 = CARTESIAN_POINT('',(0.25,3.,9.25));
#119 = DIRECTION('',(0.707106781187,0.,-0.707106781187));
#120 = DIRECTION('',(0.,1.,0.));
#121 = ADVANCED_FACE('',(#122,#175,#209),#243,.F.);
#122 = FACE_BOUND('',#123,.F.);
#123 = EDGE_LOOP('',(#124,#125,#126,#134,#143,#151,#160,#168));
#124 = ORIENTED_EDGE('',*,*,#31,.F.);
#125 = ORIENTED_EDGE('',*,*,#62,.T.);
#126 = ORIENTED_EDGE('',*,*,#127,.T.);
#127 = EDGE_CURVE('',#63,#128,#130,.T.);
#128 = VERTEX_POINT('',#129);
#129 = CARTESIAN_POINT('',(21.,-4.440892098501E-16,6.5));
#130 = LINE('',#131,#132);
#131 = CARTESIAN_POINT('',(0.,0.,6.5));
#132 = VECTOR('',#133,1.);
#133 = DIRECTION('',(1.,0.,0.));
#134 = ORIENTED_EDGE('',*,*,#135,.F.);
#135 = EDGE_CURVE('',#136,#128,#138,.T.);
#136 = VERTEX_POINT('',#137);
#137 = CARTESIAN_POINT('',(24.,3.,6.5));
#138 = CIRCLE('',#139,3.);
#139 = AXIS2_PLACEMENT_3D('',#140,#141,#142);
#140 = CARTESIAN_POINT('',(21.,3.,6.5));
#141 = DIRECTION('',(-0.,-0.,-1.));
#142 = DIRECTION('',(0.,-1.,0.));
#143 = ORIENTED_EDGE('',*,*,#144,.T.);
#144 = EDGE_CURVE('',#136,#145,#147,.T.);
#145 = VERTEX_POINT('',#146);
#146 = CARTESIAN_POINT('',(24.,11.,6.5));
#147 = LINE('',#148,#149);
#148 = CARTESIAN_POINT('',(24.,0.,6.5));
#149 = VECTOR('',#150,1.);
#150 = DIRECTION('',(0.,1.,0.));
#151 = ORIENTED_EDGE('',*,*,#152,.T.);
#152 = EDGE_CURVE('',#145,#153,#155,.T.);
#153 = VERTEX_POINT('',#154);
#154 = CARTESIAN_POINT('',(21.,14.,6.5));
#155 = CIRCLE('',#156,3.);
#156 = AXIS2_PLACEMENT_3D('',#157,#158,#159);
#157 = CARTESIAN_POINT('',(21.,11.,6.5));
#158 = DIRECTION('',(-0.,0.,1.));
#159 = DIRECTION('',(0.,-1.,0.));
#160 = ORIENTED_EDGE('',*,*,#161,.F.);
#161 = EDGE_CURVE('',#162,#153,#164,.T.);
#162 = VERTEX_POINT('',#163);
#163 = CARTESIAN_POINT('',(3.,14.,6.5));
#164 = LINE('',#165,#166);
#165 = CARTESIAN_POINT('',(0.,14.,6.5));
#166 = VECTOR('',#167,1.);
#167 = DIRECTION('',(1.,0.,0.));
#168 = ORIENTED_EDGE('',*,*,#169,.F.);
#169 = EDGE_CURVE('',#32,#162,#170,.T.);
#170 = CIRCLE('',#171,3.);
#171 = AXIS2_PLACEMENT_3D('',#172,#173,#174);
#172 = CARTESIAN_POINT('',(3.,11.,6.5));
#173 = DIRECTION('',(-0.,-0.,-1.));
#174 = DIRECTION('',(0.,-1.,0.));
#175 = FACE_BOUND('',#176,.F.);
#176 = EDGE_LOOP('',(#177,#187,#195,#203));
#177 = ORIENTED_EDGE('',*,*,#178,.T.);
#178 = EDGE_CURVE('',#179,#181,#183,.T.);
#179 = VERTEX_POINT('',#180);
#180 = CARTESIAN_POINT('',(15.,2.4,6.5));
#181 = VERTEX_POINT('',#182);
#182 = CARTESIAN_POINT('',(9.,2.4,6.5));
#183 = LINE('',#184,#185);
#184 = CARTESIAN_POINT('',(4.5,2.4,6.5));
#185 = VECTOR('',#186,1.);
#186 = DIRECTION('',(-1.,0.,0.));
#187 = ORIENTED_EDGE('',*,*,#188,.T.);
#188 = EDGE_CURVE('',#181,#189,#191,.T.);
#189 = VERTEX_POINT('',#190);
#190 = CARTESIAN_POINT('',(9.,4.8,6.5));
#191 = LINE('',#192,#193);
#192 = CARTESIAN_POINT('',(9.,1.2,6.5));
#193 = VECTOR('',#194,1.);
#194 = DIRECTION('',(0.,1.,0.));
#195 = ORIENTED_EDGE('',*,*,#196,.F.);
#196 = EDGE_CURVE('',#197,#189,#199,.T.);
#197 = VERTEX_POINT('',#198);
#198 = CARTESIAN_POINT('',(15.,4.8,6.5));
#199 = LINE('',#200,#201);
#200 = CARTESIAN_POINT('',(4.5,4.8,6.5));
#201 = VECTOR('',#202,1.);
#202 = DIRECTION('',(-1.,0.,0.));
#203 = ORIENTED_EDGE('',*,*,#204,.F.);
#204 = EDGE_CURVE('',#179,#197,#205,.T.);
#205 = LINE('',#206,#207);
#206 = CARTESIAN_POINT('',(15.,1.2,6.5));
#207 = VECTOR('',#208,1.);
#208 = DIRECTION('',(0.,1.,0.));
#209 = FACE_BOUND('',#210,.F.);
#210 = EDGE_LOOP('',(#211,#221,#229,#237));
#211 = ORIENTED_EDGE('',*,*,#212,.T.);
#212 = EDGE_CURVE('',#213,#215,#217,.T.);
#213 = VERTEX_POINT('',#214);
#214 = CARTESIAN_POINT('',(15.,10.2,6.5));
#215 = VERTEX_POINT('',#216);
#216 = CARTESIAN_POINT('',(9.,10.2,6.5));
#217 = LINE('',#218,#219);
#218 = CARTESIAN_POINT('',(4.5,10.2,6.5));
#219 = VECTOR('',#220,1.);
#220 = DIRECTION('',(-1.,0.,0.));
#221 = ORIENTED_EDGE('',*,*,#222,.T.);
#222 = EDGE_CURVE('',#215,#223,#225,.T.);
#223 = VERTEX_POINT('',#224);
#224 = CARTESIAN_POINT('',(9.,12.6,6.5));
#225 = LINE('',#226,#227);
#226 = CARTESIAN_POINT('',(9.,5.1,6.5));
#227 = VECTOR('',#228,1.);
#228 = DIRECTION('',(0.,1.,0.));
#229 = ORIENTED_EDGE('',*,*,#230,.F.);
#230 = EDGE_CURVE('',#231,#223,#233,.T.);
#231 = VERTEX_POINT('',#232);
#232 = CARTESIAN_POINT('',(15.,12.6,6.5));
#233 = LINE('',#234,#235);
#234 = CARTESIAN_POINT('',(4.5,12.6,6.5));
#235 = VECTOR('',#236,1.);
#236 = DIRECTION('',(-1.,0.,0.));
#237 = ORIENTED_EDGE('',*,*,#238,.F.);
#238 = EDGE_CURVE('',#213,#231,#239,.T.);
#239 = LINE('',#240,#241);
#240 = CARTESIAN_POINT('',(15.,5.1,6.5));
#241 = VECTOR('',#242,1.);
#242 = DIRECTION('',(0.,1.,0.));
#243 = PLANE('',#244);
#244 = AXIS2_PLACEMENT_3D('',#245,#246,#247);
#245 = CARTESIAN_POINT('',(0.,0.,6.5));
#246 = DIRECTION('',(0.,0.,1.));
#247 = DIRECTION('',(1.,0.,0.));
#248 = ADVANCED_FACE('',(#249),#268,.T.);
#249 = FACE_BOUND('',#250,.F.);
#250 = EDGE_LOOP('',(#251,#252,#253,#261));
#251 = ORIENTED_EDGE('',*,*,#39,.F.);
#252 = ORIENTED_EDGE('',*,*,#169,.T.);
#253 = ORIENTED_EDGE('',*,*,#254,.T.);
#254 = EDGE_CURVE('',#162,#255,#257,.T.);
#255 = VERTEX_POINT('',#256);
#256 = CARTESIAN_POINT('',(3.,14.,9.));
#257 = LINE('',#258,#259);
#258 = CARTESIAN_POINT('',(3.,14.,6.5));
#259 = VECTOR('',#260,1.);
#260 = DIRECTION('',(0.,0.,1.));
#261 = ORIENTED_EDGE('',*,*,#262,.F.);
#262 = EDGE_CURVE('',#40,#255,#263,.T.);
#263 = CIRCLE('',#264,3.);
#264 = AXIS2_PLACEMENT_3D('',#265,#266,#267);
#265 = CARTESIAN_POINT('',(3.,11.,9.));
#266 = DIRECTION('',(0.,0.,-1.));
#267 = DIRECTION('',(-1.,0.,0.));
#268 = CYLINDRICAL_SURFACE('',#269,3.);
#269 = AXIS2_PLACEMENT_3D('',#270,#271,#272);
#270 = CARTESIAN_POINT('',(3.,11.,6.5));
#271 = DIRECTION('',(0.,0.,1.));
#272 = DIRECTION('',(-1.,0.,0.));
#273 = ADVANCED_FACE('',(#274),#293,.T.);
#274 = FACE_BOUND('',#275,.F.);
#275 = EDGE_LOOP('',(#276,#284,#285,#286));
#276 = ORIENTED_EDGE('',*,*,#277,.F.);
#277 = EDGE_CURVE('',#72,#278,#280,.T.);
#278 = VERTEX_POINT('',#279);
#279 = CARTESIAN_POINT('',(3.,0.5,9.5));
#280 = LINE('',#281,#282);
#281 = CARTESIAN_POINT('',(3.,0.25,9.25));
#282 = VECTOR('',#283,1.);
#283 = DIRECTION('',(0.,0.707106781187,0.707106781187));
#284 = ORIENTED_EDGE('',*,*,#79,.T.);
#285 = ORIENTED_EDGE('',*,*,#94,.T.);
#286 = ORIENTED_EDGE('',*,*,#287,.F.);
#287 = EDGE_CURVE('',#278,#95,#288,.T.);
#288 = CIRCLE('',#289,2.5);
#289 = AXIS2_PLACEMENT_3D('',#290,#291,#292);
#290 = CARTESIAN_POINT('',(3.,3.,9.5));
#291 = DIRECTION('',(-0.,0.,-1.));
#292 = DIRECTION('',(-2.960594732334E-16,-1.,0.));
#293 = CONICAL_SURFACE('',#294,3.,0.785398163397);
#294 = AXIS2_PLACEMENT_3D('',#295,#296,#297);
#295 = CARTESIAN_POINT('',(3.,3.,9.));
#296 = DIRECTION('',(-0.,-0.,-1.));
#297 = DIRECTION('',(-2.960594732334E-16,-1.,0.));
#298 = ADVANCED_FACE('',(#299),#317,.F.);
#299 = FACE_BOUND('',#300,.F.);
#300 = EDGE_LOOP('',(#301,#302,#310,#316));
#301 = ORIENTED_EDGE('',*,*,#71,.T.);
#302 = ORIENTED_EDGE('',*,*,#303,.F.);
#303 = EDGE_CURVE('',#304,#72,#306,.T.);
#304 = VERTEX_POINT('',#305);
#305 = CARTESIAN_POINT('',(21.,-4.440892098501E-16,9.));
#306 = LINE('',#307,#308);
#307 = CARTESIAN_POINT('',(21.,0.,9.));
#308 = VECTOR('',#309,1.);
#309 = DIRECTION('',(-1.,0.,0.));
#310 = ORIENTED_EDGE('',*,*,#311,.F.);
#311 = EDGE_CURVE('',#128,#304,#312,.T.);
#312 = LINE('',#313,#314);
#313 = CARTESIAN_POINT('',(21.,-4.440892098501E-16,6.5));
#314 = VECTOR('',#315,1.);
#315 = DIRECTION('',(0.,0.,1.));
#316 = ORIENTED_EDGE('',*,*,#127,.F.);
#317 = PLANE('',#318);
#318 = AXIS2_PLACEMENT_3D('',#319,#320,#321);
#319 = CARTESIAN_POINT('',(0.,0.,6.5));
#320 = DIRECTION('',(0.,1.,0.));
#321 = DIRECTION('',(0.,0.,1.));
#322 = ADVANCED_FACE('',(#323,#376,#482,#673,#731,#829,#879,#945,#1362),
  #1428,.T.);
#323 = FACE_BOUND('',#324,.T.);
#324 = EDGE_LOOP('',(#325,#326,#327,#335,#344,#352,#361,#369));
#325 = ORIENTED_EDGE('',*,*,#111,.F.);
#326 = ORIENTED_EDGE('',*,*,#287,.F.);
#327 = ORIENTED_EDGE('',*,*,#328,.F.);
#328 = EDGE_CURVE('',#329,#278,#331,.T.);
#329 = VERTEX_POINT('',#330);
#330 = CARTESIAN_POINT('',(21.,0.5,9.5));
#331 = LINE('',#332,#333);
#332 = CARTESIAN_POINT('',(21.,0.5,9.5));
#333 = VECTOR('',#334,1.);
#334 = DIRECTION('',(-1.,0.,0.));
#335 = ORIENTED_EDGE('',*,*,#336,.F.);
#336 = EDGE_CURVE('',#337,#329,#339,.T.);
#337 = VERTEX_POINT('',#338);
#338 = CARTESIAN_POINT('',(23.5,3.,9.5));
#339 = CIRCLE('',#340,2.5);
#340 = AXIS2_PLACEMENT_3D('',#341,#342,#343);
#341 = CARTESIAN_POINT('',(21.,3.,9.5));
#342 = DIRECTION('',(0.,0.,-1.));
#343 = DIRECTION('',(1.,1.480297366167E-16,0.));
#344 = ORIENTED_EDGE('',*,*,#345,.F.);
#345 = EDGE_CURVE('',#346,#337,#348,.T.);
#346 = VERTEX_POINT('',#347);
#347 = CARTESIAN_POINT('',(23.5,11.,9.5));
#348 = LINE('',#349,#350);
#349 = CARTESIAN_POINT('',(23.5,11.,9.5));
#350 = VECTOR('',#351,1.);
#351 = DIRECTION('',(0.,-1.,0.));
#352 = ORIENTED_EDGE('',*,*,#353,.F.);
#353 = EDGE_CURVE('',#354,#346,#356,.T.);
#354 = VERTEX_POINT('',#355);
#355 = CARTESIAN_POINT('',(21.,13.5,9.5));
#356 = CIRCLE('',#357,2.5);
#357 = AXIS2_PLACEMENT_3D('',#358,#359,#360);
#358 = CARTESIAN_POINT('',(21.,11.,9.5));
#359 = DIRECTION('',(0.,0.,-1.));
#360 = DIRECTION('',(0.,1.,0.));
#361 = ORIENTED_EDGE('',*,*,#362,.F.);
#362 = EDGE_CURVE('',#363,#354,#365,.T.);
#363 = VERTEX_POINT('',#364);
#364 = CARTESIAN_POINT('',(3.,13.5,9.5));
#365 = LINE('',#366,#367);
#366 = CARTESIAN_POINT('',(3.,13.5,9.5));
#367 = VECTOR('',#368,1.);
#368 = DIRECTION('',(1.,0.,0.));
#369 = ORIENTED_EDGE('',*,*,#370,.F.);
#370 = EDGE_CURVE('',#104,#363,#371,.T.);
#371 = CIRCLE('',#372,2.5);
#372 = AXIS2_PLACEMENT_3D('',#373,#374,#375);
#373 = CARTESIAN_POINT('',(3.,11.,9.5));
#374 = DIRECTION('',(0.,0.,-1.));
#375 = DIRECTION('',(-1.,0.,0.));
#376 = FACE_BOUND('',#377,.T.);
#377 = EDGE_LOOP('',(#378,#388,#396,#404,#412,#420,#428,#436,#444,#452,
    #460,#468,#476));
#378 = ORIENTED_EDGE('',*,*,#379,.F.);
#379 = EDGE_CURVE('',#380,#382,#384,.T.);
#380 = VERTEX_POINT('',#381);
#381 = CARTESIAN_POINT('',(4.742064881057,5.637640449438,9.5));
#382 = VERTEX_POINT('',#383);
#383 = CARTESIAN_POINT('',(4.742064881057,2.062359550562,9.5));
#384 = LINE('',#385,#386);
#385 = CARTESIAN_POINT('',(4.742064881057,1.031179775281,9.5));
#386 = VECTOR('',#387,1.);
#387 = DIRECTION('',(0.,-1.,0.));
#388 = ORIENTED_EDGE('',*,*,#389,.F.);
#389 = EDGE_CURVE('',#390,#380,#392,.T.);
#390 = VERTEX_POINT('',#391);
#391 = CARTESIAN_POINT('',(5.821177416169,5.637640449438,9.5));
#392 = LINE('',#393,#394);
#393 = CARTESIAN_POINT('',(2.371032440528,5.637640449438,9.5));
#394 = VECTOR('',#395,1.);
#395 = DIRECTION('',(-1.,0.,0.));
#396 = ORIENTED_EDGE('',*,*,#397,.F.);
#397 = EDGE_CURVE('',#398,#390,#400,.T.);
#398 = VERTEX_POINT('',#399);
#399 = CARTESIAN_POINT('',(6.469132121225,3.198797401685,9.5));
#400 = LINE('',#401,#402);
#401 = CARTESIAN_POINT('',(6.328805013255,3.726975974994,9.5));
#402 = VECTOR('',#403,1.);
#403 = DIRECTION('',(-0.25677333171,0.966471653036,0.));
#404 = ORIENTED_EDGE('',*,*,#405,.F.);
#405 = EDGE_CURVE('',#406,#398,#408,.T.);
#406 = VERTEX_POINT('',#407);
#407 = CARTESIAN_POINT('',(7.10977906645,5.637640449438,9.5));
#408 = LINE('',#409,#410);
#409 = CARTESIAN_POINT('',(5.867325367021,0.907812906211,9.5));
#410 = VECTOR('',#411,1.);
#411 = DIRECTION('',(-0.254065319027,-0.967187062397,0.));
#412 = ORIENTED_EDGE('',*,*,#413,.F.);
#413 = EDGE_CURVE('',#414,#406,#416,.T.);
#414 = VERTEX_POINT('',#415);
#415 = CARTESIAN_POINT('',(8.191327521506,5.637640449438,9.5));
#416 = LINE('',#417,#418);
#417 = CARTESIAN_POINT('',(3.554889533225,5.637640449438,9.5));
#418 = VECTOR('',#419,1.);
#419 = DIRECTION('',(-1.,0.,0.));
#420 = ORIENTED_EDGE('',*,*,#421,.F.);
#421 = EDGE_CURVE('',#422,#414,#424,.T.);
#422 = VERTEX_POINT('',#423);
#423 = CARTESIAN_POINT('',(8.191327521506,2.062359550562,9.5));
#424 = LINE('',#425,#426);
#425 = CARTESIAN_POINT('',(8.191327521506,2.818820224719,9.5));
#426 = VECTOR('',#427,1.);
#427 = DIRECTION('',(0.,1.,0.));
#428 = ORIENTED_EDGE('',*,*,#429,.F.);
#429 = EDGE_CURVE('',#430,#422,#432,.T.);
#430 = VERTEX_POINT('',#431);
#431 = CARTESIAN_POINT('',(7.521449536956,2.062359550562,9.5));
#432 = LINE('',#433,#434);
#433 = CARTESIAN_POINT('',(4.095663760753,2.062359550562,9.5));
#434 = VECTOR('',#435,1.);
#435 = DIRECTION('',(1.,0.,0.));
#436 = ORIENTED_EDGE('',*,*,#437,.F.);
#437 = EDGE_CURVE('',#438,#430,#440,.T.);
#438 = VERTEX_POINT('',#439);
#439 = CARTESIAN_POINT('',(7.521449536956,4.876659058989,9.5));
#440 = LINE('',#441,#442);
#441 = CARTESIAN_POINT('',(7.521449536956,1.031179775281,9.5));
#442 = VECTOR('',#443,1.);
#443 = DIRECTION('',(0.,-1.,0.));
#444 = ORIENTED_EDGE('',*,*,#445,.F.);
#445 = EDGE_CURVE('',#446,#438,#448,.T.);
#446 = VERTEX_POINT('',#447);
#447 = CARTESIAN_POINT('',(6.812596833304,2.062359550562,9.5));
#448 = LINE('',#449,#450);
#449 = CARTESIAN_POINT('',(6.719581023858,1.69306654307,9.5));
#450 = VECTOR('',#451,1.);
#451 = DIRECTION('',(0.244246835126,0.96971309341,0.));
#452 = ORIENTED_EDGE('',*,*,#453,.F.);
#453 = EDGE_CURVE('',#454,#446,#456,.T.);
#454 = VERTEX_POINT('',#455);
#455 = CARTESIAN_POINT('',(6.118359649315,2.062359550562,9.5));
#456 = LINE('',#457,#458);
#457 = CARTESIAN_POINT('',(3.406298416652,2.062359550562,9.5));
#458 = VECTOR('',#459,1.);
#459 = DIRECTION('',(1.,0.,0.));
#460 = ORIENTED_EDGE('',*,*,#461,.F.);
#461 = EDGE_CURVE('',#462,#454,#464,.T.);
#462 = VERTEX_POINT('',#463);
#463 = CARTESIAN_POINT('',(5.411942865607,4.876659058989,9.5));
#464 = LINE('',#465,#466);
#465 = CARTESIAN_POINT('',(6.18053219646,1.814669839755,9.5));
#466 = VECTOR('',#467,1.);
#467 = DIRECTION('',(0.243457328287,-0.969911609016,0.));
#468 = ORIENTED_EDGE('',*,*,#469,.F.);
#469 = EDGE_CURVE('',#470,#462,#472,.T.);
#470 = VERTEX_POINT('',#471);
#471 = CARTESIAN_POINT('',(5.411942865607,2.062359550562,9.5));
#472 = LINE('',#473,#474);
#473 = CARTESIAN_POINT('',(5.411942865607,2.438329529494,9.5));
#474 = VECTOR('',#475,1.);
#475 = DIRECTION('',(0.,1.,0.));
#476 = ORIENTED_EDGE('',*,*,#477,.F.);
#477 = EDGE_CURVE('',#382,#470,#478,.T.);
#478 = LINE('',#479,#480);
#479 = CARTESIAN_POINT('',(2.705971432804,2.062359550562,9.5));
#480 = VECTOR('',#481,1.);
#481 = DIRECTION('',(1.,0.,0.));
#482 = FACE_BOUND('',#483,.T.);
#483 = EDGE_LOOP('',(#484,#501,#514,#525,#537,#560,#583,#606,#629,#652)
  );
#484 = ORIENTED_EDGE('',*,*,#485,.F.);
#485 = EDGE_CURVE('',#486,#488,#490,.T.);
#486 = VERTEX_POINT('',#487);
#487 = CARTESIAN_POINT('',(9.069578157918,4.745768960674,9.5));
#488 = VERTEX_POINT('',#489);
#489 = CARTESIAN_POINT('',(8.906371521682,3.828076720506,9.5));
#490 = B_SPLINE_CURVE_WITH_KNOTS('',5,(#491,#492,#493,#494,#495,#496,
    #497,#498,#499,#500),.UNSPECIFIED.,.F.,.F.,(6,4,6),(0.,
    0.474237674532,1.),.UNSPECIFIED.);
#491 = CARTESIAN_POINT('',(9.069578157918,4.745768960674,9.5));
#492 = CARTESIAN_POINT('',(9.036562538911,4.670703598057,9.5));
#493 = CARTESIAN_POINT('',(9.008109262861,4.592030218964,9.5));
#494 = CARTESIAN_POINT('',(8.984095104621,4.510128317924,9.5));
#495 = CARTESIAN_POINT('',(8.964301843426,4.425384500472,9.5));
#496 = CARTESIAN_POINT('',(8.930958721992,4.241417253448,9.5));
#497 = CARTESIAN_POINT('',(8.918321066175,4.14162225124,9.5));
#498 = CARTESIAN_POINT('',(8.910245127251,4.039214344166,9.5));
#499 = CARTESIAN_POINT('',(8.906371521682,3.934595452565,9.5));
#500 = CARTESIAN_POINT('',(8.906371521682,3.828076720506,9.5));
#501 = ORIENTED_EDGE('',*,*,#502,.F.);
#502 = EDGE_CURVE('',#503,#486,#505,.T.);
#503 = VERTEX_POINT('',#504);
#504 = CARTESIAN_POINT('',(9.402000032918,5.236200842697,9.5));
#505 = B_SPLINE_CURVE_WITH_KNOTS('',4,(#506,#507,#508,#509,#510,#511,
    #512,#513),.UNSPECIFIED.,.F.,.F.,(5,3,5),(0.,0.588236378515,1.),
  .UNSPECIFIED.);
#506 = CARTESIAN_POINT('',(9.402000032918,5.236200842697,9.5));
#507 = CARTESIAN_POINT('',(9.340308241652,5.172606451854,9.5));
#508 = CARTESIAN_POINT('',(9.283466590338,5.105561452116,9.5));
#509 = CARTESIAN_POINT('',(9.231672373772,5.035125352692,9.5));
#510 = CARTESIAN_POINT('',(9.152357362635,4.909858631471,9.5));
#511 = CARTESIAN_POINT('',(9.122215775288,4.85668543767,9.5));
#512 = CARTESIAN_POINT('',(9.094622095344,4.801967556258,9.5));
#513 = CARTESIAN_POINT('',(9.069578157918,4.745768960674,9.5));
#514 = ORIENTED_EDGE('',*,*,#515,.F.);
#515 = EDGE_CURVE('',#516,#503,#518,.T.);
#516 = VERTEX_POINT('',#517);
#517 = CARTESIAN_POINT('',(9.863688059603,5.558391853933,9.5));
#518 = B_SPLINE_CURVE_WITH_KNOTS('',5,(#519,#520,#521,#522,#523,#524),
  .UNSPECIFIED.,.F.,.F.,(6,6),(0.,1.),.PIECEWISE_BEZIER_KNOTS.);
#519 = CARTESIAN_POINT('',(9.863688059603,5.558391853933,9.5));
#520 = CARTESIAN_POINT('',(9.762335050376,5.516013831952,9.5));
#521 = CARTESIAN_POINT('',(9.665203310054,5.462229083317,9.5));
#522 = CARTESIAN_POINT('',(9.572668646773,5.397262538226,9.5));
#523 = CARTESIAN_POINT('',(9.484915646936,5.321671637424,9.5));
#524 = CARTESIAN_POINT('',(9.402000032918,5.236200842697,9.5));
#525 = ORIENTED_EDGE('',*,*,#526,.F.);
#526 = EDGE_CURVE('',#527,#516,#529,.T.);
#527 = VERTEX_POINT('',#528);
#528 = CARTESIAN_POINT('',(10.63343876185,5.7,9.5));
#529 = B_SPLINE_CURVE_WITH_KNOTS('',6,(#530,#531,#532,#533,#534,#535,
    #536),.UNSPECIFIED.,.F.,.F.,(7,7),(0.,1.),.PIECEWISE_BEZIER_KNOTS.);
#530 = CARTESIAN_POINT('',(10.63343876185,5.7,9.5));
#531 = CARTESIAN_POINT('',(10.493934067526,5.7,9.5));
#532 = CARTESIAN_POINT('',(10.357983003035,5.691302695032,9.5));
#533 = CARTESIAN_POINT('',(10.226250034859,5.673269788359,9.5));
#534 = CARTESIAN_POINT('',(10.099467763778,5.645326950455,9.5));
#535 = CARTESIAN_POINT('',(9.978386413668,5.607061909769,9.5));
#536 = CARTESIAN_POINT('',(9.863688059603,5.558391853933,9.5));
#537 = ORIENTED_EDGE('',*,*,#538,.F.);
#538 = EDGE_CURVE('',#539,#527,#541,.T.);
#539 = VERTEX_POINT('',#540);
#540 = CARTESIAN_POINT('',(11.89638205539,5.209405723315,9.5));
#541 = B_SPLINE_CURVE_WITH_KNOTS('',5,(#542,#543,#544,#545,#546,#547,
    #548,#549,#550,#551,#552,#553,#554,#555,#556,#557,#558,#559),
  .UNSPECIFIED.,.F.,.F.,(6,4,4,4,6),(0.,0.261061054764,0.493594491771,
    0.731487204404,1.),.UNSPECIFIED.);
#542 = CARTESIAN_POINT('',(11.89638205539,5.209405723315,9.5));
#543 = CARTESIAN_POINT('',(11.846184197506,5.26139328885,9.5));
#544 = CARTESIAN_POINT('',(11.793345314931,5.310379431515,9.5));
#545 = CARTESIAN_POINT('',(11.737917159761,5.356115492639,9.5));
#546 = CARTESIAN_POINT('',(11.680010435485,5.398404972943,9.5));
#547 = CARTESIAN_POINT('',(11.566194096918,5.471619188002,9.5));
#548 = CARTESIAN_POINT('',(11.510754138571,5.50328312901,9.5));
#549 = CARTESIAN_POINT('',(11.453624640963,5.532034618179,9.5));
#550 = CARTESIAN_POINT('',(11.394961463261,5.557851639178,9.5));
#551 = CARTESIAN_POINT('',(11.273530249591,5.604199476502,9.5));
#552 = CARTESIAN_POINT('',(11.210696113164,5.624595713322,9.5));
#553 = CARTESIAN_POINT('',(11.146617302462,5.641980285934,9.5));
#554 = CARTESIAN_POINT('',(11.081474194724,5.656442554205,9.5));
#555 = CARTESIAN_POINT('',(10.940890647222,5.681256019726,9.5));
#556 = CARTESIAN_POINT('',(10.86520325884,5.690838554528,9.5));
#557 = CARTESIAN_POINT('',(10.788604337471,5.697015977124,9.5));
#558 = CARTESIAN_POINT('',(10.711296396785,5.7,9.5));
#559 = CARTESIAN_POINT('',(10.63343876185,5.7,9.5));
#560 = ORIENTED_EDGE('',*,*,#561,.F.);
#561 = EDGE_CURVE('',#562,#539,#564,.T.);
#562 = VERTEX_POINT('',#563);
#563 = CARTESIAN_POINT('',(12.370249681794,3.845128160112,9.5));
#564 = B_SPLINE_CURVE_WITH_KNOTS('',5,(#565,#566,#567,#568,#569,#570,
    #571,#572,#573,#574,#575,#576,#577,#578,#579,#580,#581,#582),
  .UNSPECIFIED.,.F.,.F.,(6,4,4,4,6),(0.,0.361215486055,0.639700349626,
    0.906546862872,1.),.UNSPECIFIED.);
#565 = CARTESIAN_POINT('',(12.370249681794,3.845128160112,9.5));
#566 = CARTESIAN_POINT('',(12.370249681794,3.957285749308,9.5));
#567 = CARTESIAN_POINT('',(12.365368387115,4.068465617776,9.5));
#568 = CARTESIAN_POINT('',(12.355092394646,4.178332598641,9.5));
#569 = CARTESIAN_POINT('',(12.338839086398,4.28637891995,9.5));
#570 = CARTESIAN_POINT('',(12.298592223063,4.473381456982,9.5));
#571 = CARTESIAN_POINT('',(12.277224504603,4.553331129408,9.5));
#572 = CARTESIAN_POINT('',(12.251788033164,4.631521907106,9.5));
#573 = CARTESIAN_POINT('',(12.22209842041,4.707607478827,9.5));
#574 = CARTESIAN_POINT('',(12.155512573478,4.851787500763,9.5));
#575 = CARTESIAN_POINT('',(12.118967072153,4.92008837334,9.5));
#576 = CARTESIAN_POINT('',(12.078408604097,4.985820146882,9.5));
#577 = CARTESIAN_POINT('',(12.033881558647,5.048701249538,9.5));
#578 = CARTESIAN_POINT('',(11.968641842142,5.129460398497,9.5));
#579 = CARTESIAN_POINT('',(11.951254887009,5.150031426335,9.5));
#580 = CARTESIAN_POINT('',(11.933409880005,5.170217482731,9.5));
#581 = CARTESIAN_POINT('',(11.91511554545,5.190010975723,9.5));
#582 = CARTESIAN_POINT('',(11.89638205539,5.209405723315,9.5));
#583 = ORIENTED_EDGE('',*,*,#584,.F.);
#584 = EDGE_CURVE('',#585,#562,#587,.T.);
#585 = VERTEX_POINT('',#586);
#586 = CARTESIAN_POINT('',(11.900117132637,2.489295119382,9.5));
#587 = B_SPLINE_CURVE_WITH_KNOTS('',5,(#588,#589,#590,#591,#592,#593,
    #594,#595,#596,#597,#598,#599,#600,#601,#602,#603,#604,#605),
  .UNSPECIFIED.,.F.,.F.,(6,4,4,4,6),(0.,9.545803099885E-02,
    0.363560513859,0.641224645961,1.),.UNSPECIFIED.);
#588 = CARTESIAN_POINT('',(11.900117132637,2.489295119382,9.5));
#589 = CARTESIAN_POINT('',(11.919077627862,2.509034992476,9.5));
#590 = CARTESIAN_POINT('',(11.937584799484,2.52918363466,9.5));
#591 = CARTESIAN_POINT('',(11.955628053364,2.54973461708,9.5));
#592 = CARTESIAN_POINT('',(11.973198326181,2.570680029013,9.5));
#593 = CARTESIAN_POINT('',(12.038286214442,2.651918965798,9.5));
#594 = CARTESIAN_POINT('',(12.082496845884,2.714868197173,9.5));
#595 = CARTESIAN_POINT('',(12.122745202333,2.780641532559,9.5));
#596 = CARTESIAN_POINT('',(12.158988025371,2.848960263029,9.5));
#597 = CARTESIAN_POINT('',(12.224714259934,2.992574412001,9.5));
#598 = CARTESIAN_POINT('',(12.253912922238,3.068037414582,9.5));
#599 = CARTESIAN_POINT('',(12.278930790657,3.145558056171,9.5));
#600 = CARTESIAN_POINT('',(12.299945994694,3.224801315748,9.5));
#601 = CARTESIAN_POINT('',(12.339433726184,3.40971815016,9.5));
#602 = CARTESIAN_POINT('',(12.355369507379,3.516348453332,9.5));
#603 = CARTESIAN_POINT('',(12.365454936127,3.624759665023,9.5));
#604 = CARTESIAN_POINT('',(12.370249681794,3.734461769541,9.5));
#605 = CARTESIAN_POINT('',(12.370249681794,3.845128160112,9.5));
#606 = ORIENTED_EDGE('',*,*,#607,.F.);
#607 = EDGE_CURVE('',#608,#585,#610,.T.);
#608 = VERTEX_POINT('',#609);
#609 = CARTESIAN_POINT('',(10.643182441626,2.,9.5));
#610 = B_SPLINE_CURVE_WITH_KNOTS('',5,(#611,#612,#613,#614,#615,#616,
    #617,#618,#619,#620,#621,#622,#623,#624,#625,#626,#627,#628),
  .UNSPECIFIED.,.F.,.F.,(6,4,4,4,6),(0.,0.268633245725,0.507530988581,
    0.740006186441,1.),.UNSPECIFIED.);
#611 = CARTESIAN_POINT('',(10.643182441626,2.,9.5));
#612 = CARTESIAN_POINT('',(10.720785734003,2.,9.5));
#613 = CARTESIAN_POINT('',(10.797835105602,2.00297504689,9.5));
#614 = CARTESIAN_POINT('',(10.874171124729,2.009134865745,9.5));
#615 = CARTESIAN_POINT('',(10.949590917065,2.018691897295,9.5));
#616 = CARTESIAN_POINT('',(11.089908280018,2.043488156215,9.5));
#617 = CARTESIAN_POINT('',(11.155047099432,2.057981384137,9.5));
#618 = CARTESIAN_POINT('',(11.219108386722,2.075414706391,9.5));
#619 = CARTESIAN_POINT('',(11.28190903534,2.09587924543,9.5));
#620 = CARTESIAN_POINT('',(11.402969842495,2.142299517142,9.5));
#621 = CARTESIAN_POINT('',(11.461309222543,2.168093763146,9.5));
#622 = CARTESIAN_POINT('',(11.518109129697,2.196815888075,9.5));
#623 = CARTESIAN_POINT('',(11.57321355862,2.228443974949,9.5));
#624 = CARTESIAN_POINT('',(11.686075633027,2.301419591399,9.5));
#625 = CARTESIAN_POINT('',(11.743379689303,2.343477345568,9.5));
#626 = CARTESIAN_POINT('',(11.798217683031,2.388947316701,9.5));
#627 = CARTESIAN_POINT('',(11.850480420015,2.437635217782,9.5));
#628 = CARTESIAN_POINT('',(11.900117132637,2.489295119382,9.5));
#629 = ORIENTED_EDGE('',*,*,#630,.F.);
#630 = EDGE_CURVE('',#631,#608,#633,.T.);
#631 = VERTEX_POINT('',#632);
#632 = CARTESIAN_POINT('',(9.376504070839,2.486859199438,9.5));
#633 = B_SPLINE_CURVE_WITH_KNOTS('',5,(#634,#635,#636,#637,#638,#639,
    #640,#641,#642,#643,#644,#645,#646,#647,#648,#649,#650,#651),
  .UNSPECIFIED.,.F.,.F.,(6,4,4,4,6),(0.,0.235736252186,0.474404383032,
    0.719069305207,1.),.UNSPECIFIED.);
#634 = CARTESIAN_POINT('',(9.376504070839,2.486859199438,9.5));
#635 = CARTESIAN_POINT('',(9.421760933204,2.439992162005,9.5));
#636 = CARTESIAN_POINT('',(9.469231219345,2.395610454091,9.5));
#637 = CARTESIAN_POINT('',(9.51887095647,2.353896043969,9.5));
#638 = CARTESIAN_POINT('',(9.570594346937,2.314993135552,9.5));
#639 = CARTESIAN_POINT('',(9.678598868682,2.242547496056,9.5));
#640 = CARTESIAN_POINT('',(9.734932140467,2.209075129101,9.5));
#641 = CARTESIAN_POINT('',(9.793119383954,2.178673966373,9.5));
#642 = CARTESIAN_POINT('',(9.852988093446,2.151368868727,9.5));
#643 = CARTESIAN_POINT('',(9.977245532775,2.102280404798,9.5));
#644 = CARTESIAN_POINT('',(10.041713093678,2.08065186822,9.5));
#645 = CARTESIAN_POINT('',(10.107545256489,2.062209498907,9.5));
#646 = CARTESIAN_POINT('',(10.174540662728,2.046851813465,9.5));
#647 = CARTESIAN_POINT('',(10.320566557803,2.020206065425,9.5));
#648 = CARTESIAN_POINT('',(10.39990970112,2.009858586464,9.5));
#649 = CARTESIAN_POINT('',(10.480273237769,2.003205857842,9.5));
#650 = CARTESIAN_POINT('',(10.561423981316,2.,9.5));
#651 = CARTESIAN_POINT('',(10.643182441626,2.,9.5));
#652 = ORIENTED_EDGE('',*,*,#653,.F.);
#653 = EDGE_CURVE('',#488,#631,#654,.T.);
#654 = B_SPLINE_CURVE_WITH_KNOTS('',5,(#655,#656,#657,#658,#659,#660,
    #661,#662,#663,#664,#665,#666,#667,#668,#669,#670,#671,#672),
  .UNSPECIFIED.,.F.,.F.,(6,4,4,4,6),(0.,0.34754818562,0.622779227899,
    0.887059159407,1.),.UNSPECIFIED.);
#655 = CARTESIAN_POINT('',(8.906371521682,3.828076720506,9.5));
#656 = CARTESIAN_POINT('',(8.906371521682,3.721946329195,9.5));
#657 = CARTESIAN_POINT('',(8.910907854625,3.616722940809,9.5));
#658 = CARTESIAN_POINT('',(8.920428591238,3.512707662492,9.5));
#659 = CARTESIAN_POINT('',(8.935431767814,3.41034081259,9.5));
#660 = CARTESIAN_POINT('',(8.972889317322,3.230829623343,9.5));
#661 = CARTESIAN_POINT('',(8.99314341397,3.152869796691,9.5));
#662 = CARTESIAN_POINT('',(9.017301189361,3.076559933909,9.5));
#663 = CARTESIAN_POINT('',(9.045529513811,3.00221617673,9.5));
#664 = CARTESIAN_POINT('',(9.108949959693,2.860969111143,9.5));
#665 = CARTESIAN_POINT('',(9.143822328914,2.793882643654,9.5));
#666 = CARTESIAN_POINT('',(9.182546404423,2.729191075079,9.5));
#667 = CARTESIAN_POINT('',(9.225082112775,2.667152513277,9.5));
#668 = CARTESIAN_POINT('',(9.291008637076,2.582678020646,9.5));
#669 = CARTESIAN_POINT('',(9.311414698359,2.557907136753,9.5));
#670 = CARTESIAN_POINT('',(9.332476307281,2.533672512853,9.5));
#671 = CARTESIAN_POINT('',(9.354178654853,2.509986633823,9.5));
#672 = CARTESIAN_POINT('',(9.376504070839,2.486859199438,9.5));
#673 = FACE_BOUND('',#674,.T.);
#674 = EDGE_LOOP('',(#675,#685,#693,#701,#709,#717,#725));
#675 = ORIENTED_EDGE('',*,*,#676,.F.);
#676 = EDGE_CURVE('',#677,#679,#681,.T.);
#677 = VERTEX_POINT('',#678);
#678 = CARTESIAN_POINT('',(12.707238906689,5.637640449438,9.5));
#679 = VERTEX_POINT('',#680);
#680 = CARTESIAN_POINT('',(13.983660957251,2.062359550562,9.5));
#681 = LINE('',#682,#683);
#682 = CARTESIAN_POINT('',(13.519765821935,3.361738087345,9.5));
#683 = VECTOR('',#684,1.);
#684 = DIRECTION('',(0.336228000311,-0.941780617664,0.));
#685 = ORIENTED_EDGE('',*,*,#686,.F.);
#686 = EDGE_CURVE('',#687,#677,#689,.T.);
#687 = VERTEX_POINT('',#688);
#688 = CARTESIAN_POINT('',(13.489169208655,5.637640449438,9.5));
#689 = LINE('',#690,#691);
#690 = CARTESIAN_POINT('',(6.353619453344,5.637640449438,9.5));
#691 = VECTOR('',#692,1.);
#692 = DIRECTION('',(-1.,0.,0.));
#693 = ORIENTED_EDGE('',*,*,#694,.F.);
#694 = EDGE_CURVE('',#695,#687,#697,.T.);
#695 = VERTEX_POINT('',#696);
#696 = CARTESIAN_POINT('',(14.392895507813,2.987359550562,9.5));
#697 = LINE('',#698,#699);
#698 = CARTESIAN_POINT('',(13.647699672179,5.172731704657,9.5));
#699 = VECTOR('',#700,1.);
#700 = DIRECTION('',(-0.322744777432,0.946486031931,0.));
#701 = ORIENTED_EDGE('',*,*,#702,.F.);
#702 = EDGE_CURVE('',#703,#695,#705,.T.);
#703 = VERTEX_POINT('',#704);
#704 = CARTESIAN_POINT('',(15.267390767644,5.637640449438,9.5));
#705 = LINE('',#706,#707);
#706 = CARTESIAN_POINT('',(13.241839605512,-0.501077278696,9.5));
#707 = VECTOR('',#708,1.);
#708 = DIRECTION('',(-0.313345969497,-0.949639038477,0.));
#709 = ORIENTED_EDGE('',*,*,#710,.F.);
#710 = EDGE_CURVE('',#711,#703,#713,.T.);
#711 = VERTEX_POINT('',#712);
#712 = CARTESIAN_POINT('',(16.032269630004,5.637640449438,9.5));
#713 = LINE('',#714,#715);
#714 = CARTESIAN_POINT('',(7.633695383822,5.637640449438,9.5));
#715 = VECTOR('',#716,1.);
#716 = DIRECTION('',(-1.,0.,0.));
#717 = ORIENTED_EDGE('',*,*,#718,.F.);
#718 = EDGE_CURVE('',#719,#711,#721,.T.);
#719 = VERTEX_POINT('',#720);
#720 = CARTESIAN_POINT('',(14.753411659498,2.062359550562,9.5));
#721 = LINE('',#722,#723);
#722 = CARTESIAN_POINT('',(14.22907676986,0.596485654656,9.5));
#723 = VECTOR('',#724,1.);
#724 = DIRECTION('',(0.336796933778,0.941577307181,0.));
#725 = ORIENTED_EDGE('',*,*,#726,.F.);
#726 = EDGE_CURVE('',#679,#719,#727,.T.);
#727 = LINE('',#728,#729);
#728 = CARTESIAN_POINT('',(7.376705829749,2.062359550562,9.5));
#729 = VECTOR('',#730,1.);
#730 = DIRECTION('',(1.,0.,0.));
#731 = FACE_BOUND('',#732,.T.);
#732 = EDGE_LOOP('',(#733,#743,#751,#759,#767,#775,#783,#791,#799,#807,
    #815,#823));
#733 = ORIENTED_EDGE('',*,*,#734,.F.);
#734 = EDGE_CURVE('',#735,#737,#739,.T.);
#735 = VERTEX_POINT('',#736);
#736 = CARTESIAN_POINT('',(16.541884381584,5.637640449438,9.5));
#737 = VERTEX_POINT('',#738);
#738 = CARTESIAN_POINT('',(16.541884381584,2.062359550562,9.5));
#739 = LINE('',#740,#741);
#740 = CARTESIAN_POINT('',(16.541884381584,1.031179775281,9.5));
#741 = VECTOR('',#742,1.);
#742 = DIRECTION('',(0.,-1.,0.));
#743 = ORIENTED_EDGE('',*,*,#744,.F.);
#744 = EDGE_CURVE('',#745,#735,#747,.T.);
#745 = VERTEX_POINT('',#746);
#746 = CARTESIAN_POINT('',(19.189729360516,5.637640449438,9.5));
#747 = LINE('',#748,#749);
#748 = CARTESIAN_POINT('',(8.270942190792,5.637640449438,9.5));
#749 = VECTOR('',#750,1.);
#750 = DIRECTION('',(-1.,0.,0.));
#751 = ORIENTED_EDGE('',*,*,#752,.F.);
#752 = EDGE_CURVE('',#753,#745,#755,.T.);
#753 = VERTEX_POINT('',#754);
#754 = CARTESIAN_POINT('',(19.189729360516,5.034831460674,9.5));
#755 = LINE('',#756,#757);
#756 = CARTESIAN_POINT('',(19.189729360516,2.818820224719,9.5));
#757 = VECTOR('',#758,1.);
#758 = DIRECTION('',(0.,1.,0.));
#759 = ORIENTED_EDGE('',*,*,#760,.F.);
#760 = EDGE_CURVE('',#761,#753,#763,.T.);
#761 = VERTEX_POINT('',#762);
#762 = CARTESIAN_POINT('',(17.262916684954,5.034831460674,9.5));
#763 = LINE('',#764,#765);
#764 = CARTESIAN_POINT('',(9.594864680258,5.034831460674,9.5));
#765 = VECTOR('',#766,1.);
#766 = DIRECTION('',(1.,0.,0.));
#767 = ORIENTED_EDGE('',*,*,#768,.F.);
#768 = EDGE_CURVE('',#769,#761,#771,.T.);
#769 = VERTEX_POINT('',#770);
#770 = CARTESIAN_POINT('',(17.262916684954,4.244943820225,9.5));
#771 = LINE('',#772,#773);
#772 = CARTESIAN_POINT('',(17.262916684954,2.517415730337,9.5));
#773 = VECTOR('',#774,1.);
#774 = DIRECTION('',(0.,1.,0.));
#775 = ORIENTED_EDGE('',*,*,#776,.F.);
#776 = EDGE_CURVE('',#777,#769,#779,.T.);
#777 = VERTEX_POINT('',#778);
#778 = CARTESIAN_POINT('',(19.055753763606,4.244943820225,9.5));
#779 = LINE('',#780,#781);
#780 = CARTESIAN_POINT('',(8.631458342477,4.244943820225,9.5));
#781 = VECTOR('',#782,1.);
#782 = DIRECTION('',(-1.,0.,0.));
#783 = ORIENTED_EDGE('',*,*,#784,.F.);
#784 = EDGE_CURVE('',#785,#777,#787,.T.);
#785 = VERTEX_POINT('',#786);
#786 = CARTESIAN_POINT('',(19.055753763606,3.642134831461,9.5));
#787 = LINE('',#788,#789);
#788 = CARTESIAN_POINT('',(19.055753763606,2.122471910112,9.5));
#789 = VECTOR('',#790,1.);
#790 = DIRECTION('',(0.,1.,0.));
#791 = ORIENTED_EDGE('',*,*,#792,.F.);
#792 = EDGE_CURVE('',#793,#785,#795,.T.);
#793 = VERTEX_POINT('',#794);
#794 = CARTESIAN_POINT('',(17.262916684954,3.642134831461,9.5));
#795 = LINE('',#796,#797);
#796 = CARTESIAN_POINT('',(9.527876881803,3.642134831461,9.5));
#797 = VECTOR('',#798,1.);
#798 = DIRECTION('',(1.,0.,0.));
#799 = ORIENTED_EDGE('',*,*,#800,.F.);
#800 = EDGE_CURVE('',#801,#793,#803,.T.);
#801 = VERTEX_POINT('',#802);
#802 = CARTESIAN_POINT('',(17.262916684954,2.665168539326,9.5));
#803 = LINE('',#804,#805);
#804 = CARTESIAN_POINT('',(17.262916684954,1.82106741573,9.5));
#805 = VECTOR('',#806,1.);
#806 = DIRECTION('',(0.,1.,0.));
#807 = ORIENTED_EDGE('',*,*,#808,.F.);
#808 = EDGE_CURVE('',#809,#801,#811,.T.);
#809 = VERTEX_POINT('',#810);
#810 = CARTESIAN_POINT('',(19.257935118943,2.665168539326,9.5));
#811 = LINE('',#812,#813);
#812 = CARTESIAN_POINT('',(8.631458342477,2.665168539326,9.5));
#813 = VECTOR('',#814,1.);
#814 = DIRECTION('',(-1.,0.,0.));
#815 = ORIENTED_EDGE('',*,*,#816,.F.);
#816 = EDGE_CURVE('',#817,#809,#819,.T.);
#817 = VERTEX_POINT('',#818);
#818 = CARTESIAN_POINT('',(19.257935118943,2.062359550562,9.5));
#819 = LINE('',#820,#821);
#820 = CARTESIAN_POINT('',(19.257935118943,1.332584269663,9.5));
#821 = VECTOR('',#822,1.);
#822 = DIRECTION('',(0.,1.,0.));
#823 = ORIENTED_EDGE('',*,*,#824,.F.);
#824 = EDGE_CURVE('',#737,#817,#825,.T.);
#825 = LINE('',#826,#827);
#826 = CARTESIAN_POINT('',(9.628967559472,2.062359550562,9.5));
#827 = VECTOR('',#828,1.);
#828 = DIRECTION('',(1.,0.,0.));
#829 = FACE_BOUND('',#830,.T.);
#830 = EDGE_LOOP('',(#831,#841,#849,#857,#865,#873));
#831 = ORIENTED_EDGE('',*,*,#832,.F.);
#832 = EDGE_CURVE('',#833,#835,#837,.T.);
#833 = VERTEX_POINT('',#834);
#834 = CARTESIAN_POINT('',(5.514819884568,11.606460674157,9.5));
#835 = VERTEX_POINT('',#836);
#836 = CARTESIAN_POINT('',(5.514819884568,8.062359550562,9.5));
#837 = LINE('',#838,#839);
#838 = CARTESIAN_POINT('',(5.514819884568,4.031179775281,9.5));
#839 = VECTOR('',#840,1.);
#840 = DIRECTION('',(0.,-1.,0.));
#841 = ORIENTED_EDGE('',*,*,#842,.F.);
#842 = EDGE_CURVE('',#843,#833,#845,.T.);
#843 = VERTEX_POINT('',#844);
#844 = CARTESIAN_POINT('',(6.235852187939,11.606460674157,9.5));
#845 = LINE('',#846,#847);
#846 = CARTESIAN_POINT('',(2.757409942284,11.606460674157,9.5));
#847 = VECTOR('',#848,1.);
#848 = DIRECTION('',(-1.,0.,0.));
#849 = ORIENTED_EDGE('',*,*,#850,.F.);
#850 = EDGE_CURVE('',#851,#843,#853,.T.);
#851 = VERTEX_POINT('',#852);
#852 = CARTESIAN_POINT('',(6.235852187939,8.665168539326,9.5));
#853 = LINE('',#854,#855);
#854 = CARTESIAN_POINT('',(6.235852187939,5.803230337079,9.5));
#855 = VECTOR('',#856,1.);
#856 = DIRECTION('',(0.,1.,0.));
#857 = ORIENTED_EDGE('',*,*,#858,.F.);
#858 = EDGE_CURVE('',#859,#851,#861,.T.);
#859 = VERTEX_POINT('',#860);
#860 = CARTESIAN_POINT('',(8.028689266591,8.665168539326,9.5));
#861 = LINE('',#862,#863);
#862 = CARTESIAN_POINT('',(3.117926093969,8.665168539326,9.5));
#863 = VECTOR('',#864,1.);
#864 = DIRECTION('',(-1.,0.,0.));
#865 = ORIENTED_EDGE('',*,*,#866,.F.);
#866 = EDGE_CURVE('',#867,#859,#869,.T.);
#867 = VERTEX_POINT('',#868);
#868 = CARTESIAN_POINT('',(8.028689266591,8.062359550562,9.5));
#869 = LINE('',#870,#871);
#870 = CARTESIAN_POINT('',(8.028689266591,4.332584269663,9.5));
#871 = VECTOR('',#872,1.);
#872 = DIRECTION('',(0.,1.,0.));
#873 = ORIENTED_EDGE('',*,*,#874,.F.);
#874 = EDGE_CURVE('',#835,#867,#875,.T.);
#875 = LINE('',#876,#877);
#876 = CARTESIAN_POINT('',(4.014344633295,8.062359550562,9.5));
#877 = VECTOR('',#878,1.);
#878 = DIRECTION('',(1.,0.,0.));
#879 = FACE_BOUND('',#880,.T.);
#880 = EDGE_LOOP('',(#881,#891,#899,#907,#915,#923,#931,#939));
#881 = ORIENTED_EDGE('',*,*,#882,.F.);
#882 = EDGE_CURVE('',#883,#885,#887,.T.);
#883 = VERTEX_POINT('',#884);
#884 = CARTESIAN_POINT('',(11.119891974631,8.062359550562,9.5));
#885 = VERTEX_POINT('',#886);
#886 = CARTESIAN_POINT('',(11.904258196541,8.062359550562,9.5));
#887 = LINE('',#888,#889);
#888 = CARTESIAN_POINT('',(5.952129098271,8.062359550562,9.5));
#889 = VECTOR('',#890,1.);
#890 = DIRECTION('',(1.,0.,0.));
#891 = ORIENTED_EDGE('',*,*,#892,.F.);
#892 = EDGE_CURVE('',#893,#883,#895,.T.);
#893 = VERTEX_POINT('',#894);
#894 = CARTESIAN_POINT('',(10.808094221822,8.873033707865,9.5));
#895 = LINE('',#896,#897);
#896 = CARTESIAN_POINT('',(11.754057107159,6.41353020599,9.5));
#897 = VECTOR('',#898,1.);
#898 = DIRECTION('',(0.358979079309,-0.933345606203,0.));
#899 = ORIENTED_EDGE('',*,*,#900,.F.);
#900 = EDGE_CURVE('',#901,#893,#903,.T.);
#901 = VERTEX_POINT('',#902);
#902 = CARTESIAN_POINT('',(9.380645134744,8.873033707865,9.5));
#903 = LINE('',#904,#905);
#904 = CARTESIAN_POINT('',(5.404047110911,8.873033707865,9.5));
#905 = VECTOR('',#906,1.);
#906 = DIRECTION('',(1.,0.,0.));
#907 = ORIENTED_EDGE('',*,*,#908,.F.);
#908 = EDGE_CURVE('',#909,#901,#911,.T.);
#909 = VERTEX_POINT('',#910);
#910 = CARTESIAN_POINT('',(9.085898821541,8.062359550562,9.5));
#911 = LINE('',#912,#913);
#912 = CARTESIAN_POINT('',(7.408312956385,3.448305204081,9.5));
#913 = VECTOR('',#914,1.);
#914 = DIRECTION('',(0.341697714618,0.939809912602,0.));
#915 = ORIENTED_EDGE('',*,*,#916,.F.);
#916 = EDGE_CURVE('',#917,#909,#919,.T.);
#917 = VERTEX_POINT('',#918);
#918 = CARTESIAN_POINT('',(8.321019959182,8.062359550562,9.5));
#919 = LINE('',#920,#921);
#920 = CARTESIAN_POINT('',(4.542949410771,8.062359550562,9.5));
#921 = VECTOR('',#922,1.);
#922 = DIRECTION('',(1.,0.,0.));
#923 = ORIENTED_EDGE('',*,*,#924,.F.);
#924 = EDGE_CURVE('',#925,#917,#927,.T.);
#925 = VERTEX_POINT('',#926);
#926 = CARTESIAN_POINT('',(9.711930247103,11.637640449438,9.5));
#927 = LINE('',#928,#929);
#928 = CARTESIAN_POINT('',(6.411990857813,3.155274355497,9.5));
#929 = VECTOR('',#930,1.);
#930 = DIRECTION('',(-0.362564739541,-0.931958587943,0.));
#931 = ORIENTED_EDGE('',*,*,#932,.F.);
#932 = EDGE_CURVE('',#933,#925,#935,.T.);
#933 = VERTEX_POINT('',#934);
#934 = CARTESIAN_POINT('',(10.474373189519,11.637640449438,9.5));
#935 = LINE('',#936,#937);
#936 = CARTESIAN_POINT('',(4.855965123552,11.637640449438,9.5));
#937 = VECTOR('',#938,1.);
#938 = DIRECTION('',(-1.,0.,0.));
#939 = ORIENTED_EDGE('',*,*,#940,.F.);
#940 = EDGE_CURVE('',#885,#933,#941,.T.);
#941 = LINE('',#942,#943);
#942 = CARTESIAN_POINT('',(11.758459344429,8.426914636094,9.5));
#943 = VECTOR('',#944,1.);
#944 = DIRECTION('',(-0.371339776455,0.928497049226,0.));
#945 = FACE_BOUND('',#946,.T.);
#946 = EDGE_LOOP('',(#947,#957,#972,#987,#1002,#1017,#1030,#1041,#1054,
    #1071,#1086,#1101,#1116,#1128,#1145,#1162,#1170,#1182,#1194,#1206,
    #1219,#1234,#1248,#1261,#1276,#1288,#1303,#1318,#1330,#1347));
#947 = ORIENTED_EDGE('',*,*,#948,.F.);
#948 = EDGE_CURVE('',#949,#951,#953,.T.);
#949 = VERTEX_POINT('',#950);
#950 = CARTESIAN_POINT('',(12.952698439695,9.288764044944,9.5));
#951 = VERTEX_POINT('',#952);
#952 = CARTESIAN_POINT('',(12.251153495874,9.216011235955,9.5));
#953 = LINE('',#954,#955);
#954 = CARTESIAN_POINT('',(5.717970343541,8.538495946083,9.5));
#955 = VECTOR('',#956,1.);
#956 = DIRECTION('',(-0.99466575773,-0.103150523024,0.));
#957 = ORIENTED_EDGE('',*,*,#958,.F.);
#958 = EDGE_CURVE('',#959,#949,#961,.T.);
#959 = VERTEX_POINT('',#960);
#960 = CARTESIAN_POINT('',(13.209606796436,8.77657127809,9.5));
#961 = B_SPLINE_CURVE_WITH_KNOTS('',5,(#962,#963,#964,#965,#966,#967,
    #968,#969,#970,#971),.UNSPECIFIED.,.F.,.F.,(6,4,6),(0.,0.47868431193
    ,1.),.UNSPECIFIED.);
#962 = CARTESIAN_POINT('',(13.209606796436,8.77657127809,9.5));
#963 = CARTESIAN_POINT('',(13.171272431836,8.808956097848,9.5));
#964 = CARTESIAN_POINT('',(13.136205120915,8.845815512676,9.5));
#965 = CARTESIAN_POINT('',(13.104512449958,8.887002144469,9.5));
#966 = CARTESIAN_POINT('',(13.076192623493,8.932261437746,9.5));
#967 = CARTESIAN_POINT('',(13.023928475492,9.034667823206,9.5));
#968 = CARTESIAN_POINT('',(13.000596961592,9.092517999811,9.5));
#969 = CARTESIAN_POINT('',(12.981084381794,9.154437107019,9.5));
#970 = CARTESIAN_POINT('',(12.965191984028,9.21998548165,9.5));
#971 = CARTESIAN_POINT('',(12.952698439695,9.288764044944,9.5));
#972 = ORIENTED_EDGE('',*,*,#973,.F.);
#973 = EDGE_CURVE('',#974,#959,#976,.T.);
#974 = VERTEX_POINT('',#975);
#975 = CARTESIAN_POINT('',(13.732192821717,8.613202247191,9.5));
#976 = B_SPLINE_CURVE_WITH_KNOTS('',5,(#977,#978,#979,#980,#981,#982,
    #983,#984,#985,#986),.UNSPECIFIED.,.F.,.F.,(6,4,6),(0.,0.51131728543
    ,1.),.UNSPECIFIED.);
#977 = CARTESIAN_POINT('',(13.732192821717,8.613202247191,9.5));
#978 = CARTESIAN_POINT('',(13.667772425648,8.613202247191,9.5));
#979 = CARTESIAN_POINT('',(13.605612582667,8.617120690187,9.5));
#980 = CARTESIAN_POINT('',(13.545995772885,8.625195433478,9.5));
#981 = CARTESIAN_POINT('',(13.489220323807,8.63763258866,9.5));
#982 = CARTESIAN_POINT('',(13.384265634787,8.670691306116,9.5));
#983 = CARTESIAN_POINT('',(13.335813961481,8.690927072032,9.5));
#984 = CARTESIAN_POINT('',(13.290439508551,8.715333324353,9.5));
#985 = CARTESIAN_POINT('',(13.248331439106,8.743916633894,9.5));
#986 = CARTESIAN_POINT('',(13.209606796436,8.77657127809,9.5));
#987 = ORIENTED_EDGE('',*,*,#988,.F.);
#988 = EDGE_CURVE('',#989,#974,#991,.T.);
#989 = VERTEX_POINT('',#990);
#990 = CARTESIAN_POINT('',(14.257052372279,8.759195049157,9.5));
#991 = B_SPLINE_CURVE_WITH_KNOTS('',5,(#992,#993,#994,#995,#996,#997,
    #998,#999,#1000,#1001),.UNSPECIFIED.,.F.,.F.,(6,4,6),(0.,
    0.445261707579,1.),.UNSPECIFIED.);
#992 = CARTESIAN_POINT('',(14.257052372279,8.759195049157,9.5));
#993 = CARTESIAN_POINT('',(14.224306692858,8.73211283591,9.5));
#994 = CARTESIAN_POINT('',(14.187977840836,8.7082632494,9.5));
#995 = CARTESIAN_POINT('',(14.148216652578,8.687686001408,9.5));
#996 = CARTESIAN_POINT('',(14.10524517381,8.670329546333,9.5));
#997 = CARTESIAN_POINT('',(14.002096473457,8.638348647409,9.5));
#998 = CARTESIAN_POINT('',(13.94028390867,8.625444619934,9.5));
#999 = CARTESIAN_POINT('',(13.874362275994,8.617172309871,9.5));
#1000 = CARTESIAN_POINT('',(13.804849722544,8.613202247191,9.5));
#1001 = CARTESIAN_POINT('',(13.732192821717,8.613202247191,9.5));
#1002 = ORIENTED_EDGE('',*,*,#1003,.F.);
#1003 = EDGE_CURVE('',#1004,#989,#1006,.T.);
#1004 = VERTEX_POINT('',#1005);
#1005 = CARTESIAN_POINT('',(14.433737765537,9.101035814607,9.5));
#1006 = B_SPLINE_CURVE_WITH_KNOTS('',5,(#1007,#1008,#1009,#1010,#1011,
    #1012,#1013,#1014,#1015,#1016),.UNSPECIFIED.,.F.,.F.,(6,4,6),(0.,
    0.286323275632,1.),.UNSPECIFIED.);
#1007 = CARTESIAN_POINT('',(14.433737765537,9.101035814607,9.5));
#1008 = CARTESIAN_POINT('',(14.433737765537,9.078565738579,9.5));
#1009 = CARTESIAN_POINT('',(14.432281772891,9.056449517988,9.5));
#1010 = CARTESIAN_POINT('',(14.429355536378,9.034708717522,9.5));
#1011 = CARTESIAN_POINT('',(14.424954293861,9.013362809557,9.5));
#1012 = CARTESIAN_POINT('',(14.404447677453,8.940250921068,9.5));
#1013 = CARTESIAN_POINT('',(14.380676582096,8.890627986904,9.5));
#1014 = CARTESIAN_POINT('',(14.347845060872,8.843844854785,9.5));
#1015 = CARTESIAN_POINT('',(14.306413122782,8.800026552331,9.5));
#1016 = CARTESIAN_POINT('',(14.257052372279,8.759195049157,9.5));
#1017 = ORIENTED_EDGE('',*,*,#1018,.F.);
#1018 = EDGE_CURVE('',#1019,#1004,#1021,.T.);
#1019 = VERTEX_POINT('',#1020);
#1020 = CARTESIAN_POINT('',(14.359361009919,9.314747191011,9.5));
#1021 = B_SPLINE_CURVE_WITH_KNOTS('',4,(#1022,#1023,#1024,#1025,#1026,
    #1027,#1028,#1029),.UNSPECIFIED.,.F.,.F.,(5,3,5),(0.,0.323660012203,
    1.),.UNSPECIFIED.);
#1022 = CARTESIAN_POINT('',(14.359361009919,9.314747191011,9.5));
#1023 = CARTESIAN_POINT('',(14.371398990406,9.300475087509,9.5));
#1024 = CARTESIAN_POINT('',(14.382149111524,9.285537598156,9.5));
#1025 = CARTESIAN_POINT('',(14.3916004991,9.269938530297,9.5));
#1026 = CARTESIAN_POINT('',(14.416777764919,9.219721917067,9.5));
#1027 = CARTESIAN_POINT('',(14.428118391095,9.18290203389,9.5));
#1028 = CARTESIAN_POINT('',(14.433737765537,9.143296066578,9.5));
#1029 = CARTESIAN_POINT('',(14.433737765537,9.101035814607,9.5));
#1030 = ORIENTED_EDGE('',*,*,#1031,.F.);
#1031 = EDGE_CURVE('',#1032,#1019,#1034,.T.);
#1032 = VERTEX_POINT('',#1033);
#1033 = CARTESIAN_POINT('',(14.100016733234,9.468047752809,9.5));
#1034 = B_SPLINE_CURVE_WITH_KNOTS('',5,(#1035,#1036,#1037,#1038,#1039,
    #1040),.UNSPECIFIED.,.F.,.F.,(6,6),(0.,1.),
  .PIECEWISE_BEZIER_KNOTS.);
#1035 = CARTESIAN_POINT('',(14.100016733234,9.468047752809,9.5));
#1036 = CARTESIAN_POINT('',(14.172142588666,9.442677166819,9.5));
#1037 = CARTESIAN_POINT('',(14.234909563447,9.414709652037,9.5));
#1038 = CARTESIAN_POINT('',(14.287475066323,9.38406268669,9.5));
#1039 = CARTESIAN_POINT('',(14.329093325243,9.350710763833,9.5));
#1040 = CARTESIAN_POINT('',(14.359361009919,9.314747191011,9.5));
#1041 = ORIENTED_EDGE('',*,*,#1042,.F.);
#1042 = EDGE_CURVE('',#1043,#1032,#1045,.T.);
#1043 = VERTEX_POINT('',#1044);
#1044 = CARTESIAN_POINT('',(13.522703706548,9.625245786517,9.5));
#1045 = B_SPLINE_CURVE_WITH_KNOTS('',7,(#1046,#1047,#1048,#1049,#1050,
    #1051,#1052,#1053),.UNSPECIFIED.,.F.,.F.,(8,8),(0.,1.),
  .PIECEWISE_BEZIER_KNOTS.);
#1046 = CARTESIAN_POINT('',(13.522703706548,9.625245786517,9.5));
#1047 = CARTESIAN_POINT('',(13.633730665458,9.597399024931,9.5));
#1048 = CARTESIAN_POINT('',(13.738434348774,9.570699042014,9.5));
#1049 = CARTESIAN_POINT('',(13.835721739377,9.5453469852,9.5));
#1050 = CARTESIAN_POINT('',(13.923530218133,9.521761301718,9.5));
#1051 = CARTESIAN_POINT('',(13.999061362216,9.500531718313,9.5));
#1052 = CARTESIAN_POINT('',(14.058831981462,9.482409614965,9.5));
#1053 = CARTESIAN_POINT('',(14.100016733234,9.468047752809,9.5));
#1054 = ORIENTED_EDGE('',*,*,#1055,.F.);
#1055 = EDGE_CURVE('',#1056,#1043,#1058,.T.);
#1056 = VERTEX_POINT('',#1057);
#1057 = CARTESIAN_POINT('',(12.709106445312,9.980240519663,9.5));
#1058 = B_SPLINE_CURVE_WITH_KNOTS('',6,(#1059,#1060,#1061,#1062,#1063,
    #1064,#1065,#1066,#1067,#1068,#1069,#1070),.UNSPECIFIED.,.F.,.F.,(7,
    5,7),(0.,0.429071098847,1.),.UNSPECIFIED.);
#1059 = CARTESIAN_POINT('',(12.709106445312,9.980240519663,9.5));
#1060 = CARTESIAN_POINT('',(12.747275635015,9.945941261694,9.5));
#1061 = CARTESIAN_POINT('',(12.79025096101,9.91333532189,9.5));
#1062 = CARTESIAN_POINT('',(12.837549731664,9.882428946265,9.5));
#1063 = CARTESIAN_POINT('',(12.888664631543,9.853171776091,9.5));
#1064 = CARTESIAN_POINT('',(12.943138381904,9.825487992867,9.5));
#1065 = CARTESIAN_POINT('',(13.077033025449,9.764423319069,9.5));
#1066 = CARTESIAN_POINT('',(13.158729911448,9.732193234969,9.5));
#1067 = CARTESIAN_POINT('',(13.244793475476,9.7023711487,9.5));
#1068 = CARTESIAN_POINT('',(13.334492682248,9.674739388829,9.5));
#1069 = CARTESIAN_POINT('',(13.427260608917,9.649093193544,9.5));
#1070 = CARTESIAN_POINT('',(13.522703706548,9.625245786517,9.5));
#1071 = ORIENTED_EDGE('',*,*,#1072,.F.);
#1072 = EDGE_CURVE('',#1073,#1056,#1075,.T.);
#1073 = VERTEX_POINT('',#1074);
#1074 = CARTESIAN_POINT('',(12.380257252897,10.700785639045,9.5));
#1075 = B_SPLINE_CURVE_WITH_KNOTS('',5,(#1076,#1077,#1078,#1079,#1080,
    #1081,#1082,#1083,#1084,#1085),.UNSPECIFIED.,.F.,.F.,(6,4,6),(0.,
    0.438558588084,1.),.UNSPECIFIED.);
#1076 = CARTESIAN_POINT('',(12.380257252897,10.700785639045,9.5));
#1077 = CARTESIAN_POINT('',(12.380257252897,10.627408527821,9.5));
#1078 = CARTESIAN_POINT('',(12.386384250146,10.55542170688,9.5));
#1079 = CARTESIAN_POINT('',(12.398979237649,10.485239857641,9.5));
#1080 = CARTESIAN_POINT('',(12.418205871443,10.417266501964,9.5));
#1081 = CARTESIAN_POINT('',(12.476844753007,10.268114459239,9.5));
#1082 = CARTESIAN_POINT('',(12.520416061771,10.188540939901,9.5));
#1083 = CARTESIAN_POINT('',(12.57434541609,10.113902246467,9.5));
#1084 = CARTESIAN_POINT('',(12.637646079997,10.044466625774,9.5));
#1085 = CARTESIAN_POINT('',(12.709106445312,9.980240519663,9.5));
#1086 = ORIENTED_EDGE('',*,*,#1087,.F.);
#1087 = EDGE_CURVE('',#1088,#1073,#1090,.T.);
#1088 = VERTEX_POINT('',#1089);
#1089 = CARTESIAN_POINT('',(12.534856971998,11.212653616573,9.5));
#1090 = B_SPLINE_CURVE_WITH_KNOTS('',5,(#1091,#1092,#1093,#1094,#1095,
    #1096,#1097,#1098,#1099,#1100),.UNSPECIFIED.,.F.,.F.,(6,4,6),(0.,
    0.615701626435,1.),.UNSPECIFIED.);
#1091 = CARTESIAN_POINT('',(12.534856971998,11.212653616573,9.5));
#1092 = CARTESIAN_POINT('',(12.497192533986,11.154613983628,9.5));
#1093 = CARTESIAN_POINT('',(12.464993533628,11.09484570147,9.5));
#1094 = CARTESIAN_POINT('',(12.438506096421,11.033437298897,9.5));
#1095 = CARTESIAN_POINT('',(12.417886780018,10.970512250296,9.5));
#1096 = CARTESIAN_POINT('',(12.393988867254,10.86611895337,9.5));
#1097 = CARTESIAN_POINT('',(12.387105411324,10.825473818138,9.5));
#1098 = CARTESIAN_POINT('',(12.382531158482,10.784341352501,9.5));
#1099 = CARTESIAN_POINT('',(12.380257252897,10.742763724388,9.5));
#1100 = CARTESIAN_POINT('',(12.380257252897,10.700785639045,9.5));
#1101 = ORIENTED_EDGE('',*,*,#1102,.F.);
#1102 = EDGE_CURVE('',#1103,#1088,#1105,.T.);
#1103 = VERTEX_POINT('',#1104);
#1104 = CARTESIAN_POINT('',(12.980630321717,11.575443293539,9.5));
#1105 = B_SPLINE_CURVE_WITH_KNOTS('',5,(#1106,#1107,#1108,#1109,#1110,
    #1111,#1112,#1113,#1114,#1115),.UNSPECIFIED.,.F.,.F.,(6,4,6),(0.,
    0.810494222162,1.),.UNSPECIFIED.);
#1106 = CARTESIAN_POINT('',(12.980630321717,11.575443293539,9.5));
#1107 = CARTESIAN_POINT('',(12.888334298547,11.535939359515,9.5));
#1108 = CARTESIAN_POINT('',(12.803258046466,11.488712803335,9.5));
#1109 = CARTESIAN_POINT('',(12.726267797643,11.433503867213,9.5));
#1110 = CARTESIAN_POINT('',(12.658053013321,11.370301299408,9.5));
#1111 = CARTESIAN_POINT('',(12.585126633314,11.282959884806,9.5));
#1112 = CARTESIAN_POINT('',(12.571804243154,11.265992948501,9.5));
#1113 = CARTESIAN_POINT('',(12.558983470176,11.248615615308,9.5));
#1114 = CARTESIAN_POINT('',(12.546667161022,11.230833624232,9.5));
#1115 = CARTESIAN_POINT('',(12.534856971998,11.212653616573,9.5));
#1116 = ORIENTED_EDGE('',*,*,#1117,.F.);
#1117 = EDGE_CURVE('',#1118,#1103,#1120,.T.);
#1118 = VERTEX_POINT('',#1119);
#1119 = CARTESIAN_POINT('',(13.683474422841,11.7,9.5));
#1120 = B_SPLINE_CURVE_WITH_KNOTS('',6,(#1121,#1122,#1123,#1124,#1125,
    #1126,#1127),.UNSPECIFIED.,.F.,.F.,(7,7),(0.,1.),
  .PIECEWISE_BEZIER_KNOTS.);
#1121 = CARTESIAN_POINT('',(13.683474422841,11.7,9.5));
#1122 = CARTESIAN_POINT('',(13.552937605696,11.7,9.5));
#1123 = CARTESIAN_POINT('',(13.426722944401,11.692485806822,9.5));
#1124 = CARTESIAN_POINT('',(13.305548175091,11.676820922997,9.5));
#1125 = CARTESIAN_POINT('',(13.190239302849,11.652385507508,9.5));
#1126 = CARTESIAN_POINT('',(13.08166984808,11.618665444527,9.5));
#1127 = CARTESIAN_POINT('',(12.980630321717,11.575443293539,9.5));
#1128 = ORIENTED_EDGE('',*,*,#1129,.F.);
#1129 = EDGE_CURVE('',#1130,#1118,#1132,.T.);
#1130 = VERTEX_POINT('',#1131);
#1131 = CARTESIAN_POINT('',(14.695517962166,11.405416081461,9.5));
#1132 = B_SPLINE_CURVE_WITH_KNOTS('',6,(#1133,#1134,#1135,#1136,#1137,
    #1138,#1139,#1140,#1141,#1142,#1143,#1144),.UNSPECIFIED.,.F.,.F.,(7,
    5,7),(0.,0.47330049255,1.),.UNSPECIFIED.);
#1133 = CARTESIAN_POINT('',(14.695517962166,11.405416081461,9.5));
#1134 = CARTESIAN_POINT('',(14.636846180884,11.456291134638,9.5));
#1135 = CARTESIAN_POINT('',(14.572568680538,11.501594439763,9.5));
#1136 = CARTESIAN_POINT('',(14.503174626718,11.541132438913,9.5));
#1137 = CARTESIAN_POINT('',(14.429292120823,11.575013431977,9.5));
#1138 = CARTESIAN_POINT('',(14.351571193001,11.603503021605,9.5));
#1139 = CARTESIAN_POINT('',(14.18052900781,11.653025446851,9.5));
#1140 = CARTESIAN_POINT('',(14.086429589311,11.672856359495,9.5));
#1141 = CARTESIAN_POINT('',(13.989079540764,11.68692414171,9.5));
#1142 = CARTESIAN_POINT('',(13.889150537713,11.695795936712,9.5));
#1143 = CARTESIAN_POINT('',(13.787163241309,11.7,9.5));
#1144 = CARTESIAN_POINT('',(13.683474422841,11.7,9.5));
#1145 = ORIENTED_EDGE('',*,*,#1146,.F.);
#1146 = EDGE_CURVE('',#1147,#1130,#1149,.T.);
#1147 = VERTEX_POINT('',#1148);
#1148 = CARTESIAN_POINT('',(15.052461431268,10.619101123596,9.5));
#1149 = B_SPLINE_CURVE_WITH_KNOTS('',6,(#1150,#1151,#1152,#1153,#1154,
    #1155,#1156,#1157,#1158,#1159,#1160,#1161),.UNSPECIFIED.,.F.,.F.,(7,
    5,7),(0.,0.643356372639,1.),.UNSPECIFIED.);
#1150 = CARTESIAN_POINT('',(15.052461431268,10.619101123596,9.5));
#1151 = CARTESIAN_POINT('',(15.048972079898,10.719727370711,9.5));
#1152 = CARTESIAN_POINT('',(15.03728974833,10.817744900042,9.5));
#1153 = CARTESIAN_POINT('',(15.016718813534,10.912353883457,9.5));
#1154 = CARTESIAN_POINT('',(14.98673623739,11.002722938745,9.5));
#1155 = CARTESIAN_POINT('',(14.947162995159,11.08806912377,9.5));
#1156 = CARTESIAN_POINT('',(14.871368436685,11.211944899122,9.5));
#1157 = CARTESIAN_POINT('',(14.841506872711,11.254397798852,9.5));
#1158 = CARTESIAN_POINT('',(14.808876809945,11.295023003857,9.5));
#1159 = CARTESIAN_POINT('',(14.773577674911,11.333754380295,9.5));
#1160 = CARTESIAN_POINT('',(14.735739906738,11.370555781675,9.5));
#1161 = CARTESIAN_POINT('',(14.695517962166,11.405416081461,9.5));
#1162 = ORIENTED_EDGE('',*,*,#1163,.F.);
#1163 = EDGE_CURVE('',#1164,#1147,#1166,.T.);
#1164 = VERTEX_POINT('',#1165);
#1165 = CARTESIAN_POINT('',(14.331429127897,10.587921348315,9.5));
#1166 = LINE('',#1167,#1168);
#1167 = CARTESIAN_POINT('',(7.311104696629,10.284339751287,9.5));
#1168 = VECTOR('',#1169,1.);
#1169 = DIRECTION('',(0.999066320224,4.320286790156E-02,0.));
#1170 = ORIENTED_EDGE('',*,*,#1171,.F.);
#1171 = EDGE_CURVE('',#1172,#1164,#1174,.T.);
#1172 = VERTEX_POINT('',#1173);
#1173 = CARTESIAN_POINT('',(14.132820455144,10.986275456461,9.5));
#1174 = B_SPLINE_CURVE_WITH_KNOTS('',6,(#1175,#1176,#1177,#1178,#1179,
    #1180,#1181),.UNSPECIFIED.,.F.,.F.,(7,7),(0.,1.),
  .PIECEWISE_BEZIER_KNOTS.);
#1175 = CARTESIAN_POINT('',(14.132820455144,10.986275456461,9.5));
#1176 = CARTESIAN_POINT('',(14.184853019749,10.944838008956,9.5));
#1177 = CARTESIAN_POINT('',(14.229371170461,10.892569749473,9.5));
#1178 = CARTESIAN_POINT('',(14.266051951153,10.829836771698,9.5));
#1179 = CARTESIAN_POINT('',(14.295015570051,10.757454897347,9.5));
#1180 = CARTESIAN_POINT('',(14.316638953753,10.676454811785,9.5));
#1181 = CARTESIAN_POINT('',(14.331429127897,10.587921348315,9.5));
#1182 = ORIENTED_EDGE('',*,*,#1183,.F.);
#1183 = EDGE_CURVE('',#1184,#1172,#1186,.T.);
#1184 = VERTEX_POINT('',#1185);
#1185 = CARTESIAN_POINT('',(13.676166663009,11.107584269663,9.5));
#1186 = B_SPLINE_CURVE_WITH_KNOTS('',6,(#1187,#1188,#1189,#1190,#1191,
    #1192,#1193),.UNSPECIFIED.,.F.,.F.,(7,7),(0.,1.),
  .PIECEWISE_BEZIER_KNOTS.);
#1187 = CARTESIAN_POINT('',(13.676166663009,11.107584269663,9.5));
#1188 = CARTESIAN_POINT('',(13.772491553291,11.107584269663,9.5));
#1189 = CARTESIAN_POINT('',(13.862178861441,11.100300198688,9.5));
#1190 = CARTESIAN_POINT('',(13.944127977321,11.085020511817,9.5));
#1191 = CARTESIAN_POINT('',(14.017181751005,11.061107650721,9.5));
#1192 = CARTESIAN_POINT('',(14.080290442651,11.028153705481,9.5));
#1193 = CARTESIAN_POINT('',(14.132820455144,10.986275456461,9.5));
#1194 = ORIENTED_EDGE('',*,*,#1195,.F.);
#1195 = EDGE_CURVE('',#1196,#1184,#1198,.T.);
#1196 = VERTEX_POINT('',#1197);
#1197 = CARTESIAN_POINT('',(13.184110834357,10.977668539326,9.5));
#1198 = B_SPLINE_CURVE_WITH_KNOTS('',6,(#1199,#1200,#1201,#1202,#1203,
    #1204,#1205),.UNSPECIFIED.,.F.,.F.,(7,7),(0.,1.),
  .PIECEWISE_BEZIER_KNOTS.);
#1199 = CARTESIAN_POINT('',(13.184110834357,10.977668539326,9.5));
#1200 = CARTESIAN_POINT('',(13.245245460805,11.022333106593,9.5));
#1201 = CARTESIAN_POINT('',(13.315750203583,11.057562405687,9.5));
#1202 = CARTESIAN_POINT('',(13.395035790576,11.083229017723,9.5));
#1203 = CARTESIAN_POINT('',(13.482196572234,11.099700108769,9.5));
#1204 = CARTESIAN_POINT('',(13.576230276941,11.107584269663,9.5));
#1205 = CARTESIAN_POINT('',(13.676166663009,11.107584269663,9.5));
#1206 = ORIENTED_EDGE('',*,*,#1207,.F.);
#1207 = EDGE_CURVE('',#1208,#1196,#1210,.T.);
#1208 = VERTEX_POINT('',#1209);
#1209 = CARTESIAN_POINT('',(13.069622596998,10.754538272472,9.5));
#1210 = B_SPLINE_CURVE_WITH_KNOTS('',4,(#1211,#1212,#1213,#1214,#1215,
    #1216,#1217,#1218),.UNSPECIFIED.,.F.,.F.,(5,3,5),(0.,0.482910091387,
    1.),.UNSPECIFIED.);
#1211 = CARTESIAN_POINT('',(13.069622596998,10.754538272472,9.5));
#1212 = CARTESIAN_POINT('',(13.069622596998,10.788107480316,9.5));
#1213 = CARTESIAN_POINT('',(13.074032043105,10.819669625385,9.5));
#1214 = CARTESIAN_POINT('',(13.082945429475,10.849103148384,9.5));
#1215 = CARTESIAN_POINT('',(13.110664903901,10.905506904104,9.5));
#1216 = CARTESIAN_POINT('',(13.13012695457,10.93215595439,9.5));
#1217 = CARTESIAN_POINT('',(13.154675260757,10.956207709779,9.5));
#1218 = CARTESIAN_POINT('',(13.184110834357,10.977668539326,9.5));
#1219 = ORIENTED_EDGE('',*,*,#1220,.F.);
#1220 = EDGE_CURVE('',#1221,#1208,#1223,.T.);
#1221 = VERTEX_POINT('',#1222);
#1222 = CARTESIAN_POINT('',(13.176803074526,10.536279845506,9.5));
#1223 = B_SPLINE_CURVE_WITH_KNOTS('',5,(#1224,#1225,#1226,#1227,#1228,
    #1229,#1230,#1231,#1232,#1233),.UNSPECIFIED.,.F.,.F.,(6,4,6),(0.,
    0.633493768007,1.),.UNSPECIFIED.);
#1224 = CARTESIAN_POINT('',(13.176803074526,10.536279845506,9.5));
#1225 = CARTESIAN_POINT('',(13.149838327338,10.559077313583,9.5));
#1226 = CARTESIAN_POINT('',(13.126985231935,10.583447911418,9.5));
#1227 = CARTESIAN_POINT('',(13.108364760223,10.609385477569,9.5));
#1228 = CARTESIAN_POINT('',(13.094050431308,10.636864360592,9.5));
#1229 = CARTESIAN_POINT('',(13.078277895765,10.682597290379,9.5));
#1230 = CARTESIAN_POINT('',(13.073943951282,10.699858478955,9.5));
#1231 = CARTESIAN_POINT('',(13.071059905033,10.717610180202,9.5));
#1232 = CARTESIAN_POINT('',(13.069622596998,10.735841170048,9.5));
#1233 = CARTESIAN_POINT('',(13.069622596998,10.754538272472,9.5));
#1234 = ORIENTED_EDGE('',*,*,#1235,.F.);
#1235 = EDGE_CURVE('',#1236,#1221,#1238,.T.);
#1236 = VERTEX_POINT('',#1237);
#1237 = CARTESIAN_POINT('',(13.839373299245,10.295610955056,9.5));
#1238 = B_SPLINE_CURVE_WITH_KNOTS('',8,(#1239,#1240,#1241,#1242,#1243,
    #1244,#1245,#1246,#1247),.UNSPECIFIED.,.F.,.F.,(9,9),(0.,1.),
  .PIECEWISE_BEZIER_KNOTS.);
#1239 = CARTESIAN_POINT('',(13.839373299245,10.295610955056,9.5));
#1240 = CARTESIAN_POINT('',(13.728762838473,10.321966287067,9.5));
#1241 = CARTESIAN_POINT('',(13.623163228329,10.349218516941,9.5));
#1242 = CARTESIAN_POINT('',(13.523184814821,10.377542441084,9.5));
#1243 = CARTESIAN_POINT('',(13.430185209671,10.407046531257,9.5));
#1244 = CARTESIAN_POINT('',(13.346249100958,10.437769940777,9.5));
#1245 = CARTESIAN_POINT('',(13.274021454526,10.469669023224,9.5));
#1246 = CARTESIAN_POINT('',(13.216637358127,10.502610391509,9.5));
#1247 = CARTESIAN_POINT('',(13.176803074526,10.536279845506,9.5));
#1248 = ORIENTED_EDGE('',*,*,#1249,.F.);
#1249 = EDGE_CURVE('',#1250,#1236,#1252,.T.);
#1250 = VERTEX_POINT('',#1251);
#1251 = CARTESIAN_POINT('',(14.617568523964,10.037403441011,9.5));
#1252 = B_SPLINE_CURVE_WITH_KNOTS('',7,(#1253,#1254,#1255,#1256,#1257,
    #1258,#1259,#1260),.UNSPECIFIED.,.F.,.F.,(8,8),(0.,1.),
  .PIECEWISE_BEZIER_KNOTS.);
#1253 = CARTESIAN_POINT('',(14.617568523964,10.037403441011,9.5));
#1254 = CARTESIAN_POINT('',(14.536241881424,10.080320013331,9.5));
#1255 = CARTESIAN_POINT('',(14.441500042743,10.121056309133,9.5));
#1256 = CARTESIAN_POINT('',(14.335763894669,10.159661301553,9.5));
#1257 = CARTESIAN_POINT('',(14.22120521512,10.196257021879,9.5));
#1258 = CARTESIAN_POINT('',(14.099539611013,10.230993763316,9.5));
#1259 = CARTESIAN_POINT('',(13.972014796884,10.264047191266,9.5));
#1260 = CARTESIAN_POINT('',(13.839373299245,10.295610955056,9.5));
#1261 = ORIENTED_EDGE('',*,*,#1262,.F.);
#1262 = EDGE_CURVE('',#1263,#1250,#1265,.T.);
#1263 = VERTEX_POINT('',#1264);
#1264 = CARTESIAN_POINT('',(15.012187554863,9.674126580056,9.5));
#1265 = B_SPLINE_CURVE_WITH_KNOTS('',5,(#1266,#1267,#1268,#1269,#1270,
    #1271,#1272,#1273,#1274,#1275),.UNSPECIFIED.,.F.,.F.,(6,4,6),(0.,
    0.317124141288,1.),.UNSPECIFIED.);
#1266 = CARTESIAN_POINT('',(15.012187554863,9.674126580056,9.5));
#1267 = CARTESIAN_POINT('',(14.994112472299,9.703372352187,9.5));
#1268 = CARTESIAN_POINT('',(14.97490183837,9.731684848224,9.5));
#1269 = CARTESIAN_POINT('',(14.954558086853,9.759041310177,9.5));
#1270 = CARTESIAN_POINT('',(14.933088875965,9.78542306894,9.5));
#1271 = CARTESIAN_POINT('',(14.861880838908,9.865494157981,9.5));
#1272 = CARTESIAN_POINT('',(14.808093946775,9.915587756174,9.5));
#1273 = CARTESIAN_POINT('',(14.749278726063,9.960946053887,9.5));
#1274 = CARTESIAN_POINT('',(14.685668287496,10.001533765178,9.5));
#1275 = CARTESIAN_POINT('',(14.617568523964,10.037403441011,9.5));
#1276 = ORIENTED_EDGE('',*,*,#1277,.F.);
#1277 = EDGE_CURVE('',#1278,#1263,#1280,.T.);
#1278 = VERTEX_POINT('',#1279);
#1279 = CARTESIAN_POINT('',(15.154770068908,9.104770891854,9.5));
#1280 = B_SPLINE_CURVE_WITH_KNOTS('',6,(#1281,#1282,#1283,#1284,#1285,
    #1286,#1287),.UNSPECIFIED.,.F.,.F.,(7,7),(0.,1.),
  .PIECEWISE_BEZIER_KNOTS.);
#1281 = CARTESIAN_POINT('',(15.154770068908,9.104770891854,9.5));
#1282 = CARTESIAN_POINT('',(15.154770068908,9.21360579792,9.5));
#1283 = CARTESIAN_POINT('',(15.14594806849,9.31786968538,9.5));
#1284 = CARTESIAN_POINT('',(15.127653492843,9.416784668843,9.5));
#1285 = CARTESIAN_POINT('',(15.099366485197,9.509570986652,9.5));
#1286 = CARTESIAN_POINT('',(15.06082219413,9.595524583336,9.5));
#1287 = CARTESIAN_POINT('',(15.012187554863,9.674126580056,9.5));
#1288 = ORIENTED_EDGE('',*,*,#1289,.F.);
#1289 = EDGE_CURVE('',#1290,#1278,#1292,.T.);
#1290 = VERTEX_POINT('',#1291);
#1291 = CARTESIAN_POINT('',(14.984255672841,8.529244206461,9.5));
#1292 = B_SPLINE_CURVE_WITH_KNOTS('',5,(#1293,#1294,#1295,#1296,#1297,
    #1298,#1299,#1300,#1301,#1302),.UNSPECIFIED.,.F.,.F.,(6,4,6),(0.,
    0.609764528018,1.),.UNSPECIFIED.);
#1293 = CARTESIAN_POINT('',(14.984255672841,8.529244206461,9.5));
#1294 = CARTESIAN_POINT('',(15.025342534028,8.593887534729,9.5));
#1295 = CARTESIAN_POINT('',(15.060571785008,8.660464393494,9.5));
#1296 = CARTESIAN_POINT('',(15.089645412999,8.728864308656,9.5));
#1297 = CARTESIAN_POINT('',(15.112370916507,8.798932640186,9.5));
#1298 = CARTESIAN_POINT('',(15.139152961486,8.9162348007,9.5));
#1299 = CARTESIAN_POINT('',(15.146985327175,8.962609029025,9.5));
#1300 = CARTESIAN_POINT('',(15.152187039748,9.009528198527,9.5));
#1301 = CARTESIAN_POINT('',(15.154770068908,9.056935450729,9.5));
#1302 = CARTESIAN_POINT('',(15.154770068908,9.104770891854,9.5));
#1303 = ORIENTED_EDGE('',*,*,#1304,.F.);
#1304 = EDGE_CURVE('',#1305,#1290,#1307,.T.);
#1305 = VERTEX_POINT('',#1306);
#1306 = CARTESIAN_POINT('',(14.501943523964,8.130402914326,9.5));
#1307 = B_SPLINE_CURVE_WITH_KNOTS('',5,(#1308,#1309,#1310,#1311,#1312,
    #1313,#1314,#1315,#1316,#1317),.UNSPECIFIED.,.F.,.F.,(6,4,6),(0.,
    0.671378769009,1.),.UNSPECIFIED.);
#1308 = CARTESIAN_POINT('',(14.501943523964,8.130402914326,9.5));
#1309 = CARTESIAN_POINT('',(14.584154805696,8.164828888551,9.5));
#1310 = CARTESIAN_POINT('',(14.661204820113,8.20564784573,9.5));
#1311 = CARTESIAN_POINT('',(14.732524129064,8.253028268681,9.5));
#1312 = CARTESIAN_POINT('',(14.797653808558,8.306963589751,9.5));
#1313 = CARTESIAN_POINT('',(14.885050979928,8.396652395874,9.5));
#1314 = CARTESIAN_POINT('',(14.912226728561,8.427631992378,9.5));
#1315 = CARTESIAN_POINT('',(14.93782806718,8.460086673768,9.5));
#1316 = CARTESIAN_POINT('',(14.961838708955,8.493974849947,9.5));
#1317 = CARTESIAN_POINT('',(14.984255672841,8.529244206461,9.5));
#1318 = ORIENTED_EDGE('',*,*,#1319,.F.);
#1319 = EDGE_CURVE('',#1320,#1305,#1322,.T.);
#1320 = VERTEX_POINT('',#1321);
#1321 = CARTESIAN_POINT('',(13.724885061886,8.,9.5));
#1322 = B_SPLINE_CURVE_WITH_KNOTS('',6,(#1323,#1324,#1325,#1326,#1327,
    #1328,#1329),.UNSPECIFIED.,.F.,.F.,(7,7),(0.,1.),
  .PIECEWISE_BEZIER_KNOTS.);
#1323 = CARTESIAN_POINT('',(13.724885061886,8.,9.5));
#1324 = CARTESIAN_POINT('',(13.869932569547,8.,9.5));
#1325 = CARTESIAN_POINT('',(14.01018629399,8.007604231303,9.5));
#1326 = CARTESIAN_POINT('',(14.144742018681,8.023630920113,9.5));
#1327 = CARTESIAN_POINT('',(14.272437505345,8.048951950265,9.5));
#1328 = CARTESIAN_POINT('',(14.391929446637,8.084391818444,9.5));
#1329 = CARTESIAN_POINT('',(14.501943523964,8.130402914326,9.5));
#1330 = ORIENTED_EDGE('',*,*,#1331,.F.);
#1331 = EDGE_CURVE('',#1332,#1320,#1334,.T.);
#1332 = VERTEX_POINT('',#1333);
#1333 = CARTESIAN_POINT('',(12.684747245874,8.310660990169,9.5));
#1334 = B_SPLINE_CURVE_WITH_KNOTS('',6,(#1335,#1336,#1337,#1338,#1339,
    #1340,#1341,#1342,#1343,#1344,#1345,#1346),.UNSPECIFIED.,.F.,.F.,(7,
    5,7),(0.,0.47634108316,1.),.UNSPECIFIED.);
#1335 = CARTESIAN_POINT('',(12.684747245874,8.310660990169,9.5));
#1336 = CARTESIAN_POINT('',(12.747048315741,8.257335734394,9.5));
#1337 = CARTESIAN_POINT('',(12.814677957813,8.209696384277,9.5));
#1338 = CARTESIAN_POINT('',(12.887199722952,8.167977019711,9.5));
#1339 = CARTESIAN_POINT('',(12.964049559431,8.132124918126,9.5));
#1340 = CARTESIAN_POINT('',(13.044624088611,8.101918553079,9.5));
#1341 = CARTESIAN_POINT('',(13.220370381776,8.049700959946,9.5));
#1342 = CARTESIAN_POINT('',(13.316208475426,8.028798584435,9.5));
#1343 = CARTESIAN_POINT('',(13.415146708683,8.013904514932,9.5));
#1344 = CARTESIAN_POINT('',(13.516549875591,8.004478646403,9.5));
#1345 = CARTESIAN_POINT('',(13.619914682347,8.,9.5));
#1346 = CARTESIAN_POINT('',(13.724885061886,8.,9.5));
#1347 = ORIENTED_EDGE('',*,*,#1348,.F.);
#1348 = EDGE_CURVE('',#951,#1332,#1349,.T.);
#1349 = B_SPLINE_CURVE_WITH_KNOTS('',6,(#1350,#1351,#1352,#1353,#1354,
    #1355,#1356,#1357,#1358,#1359,#1360,#1361),.UNSPECIFIED.,.F.,.F.,(7,
    5,7),(0.,0.896075220478,1.),.UNSPECIFIED.);
#1350 = CARTESIAN_POINT('',(12.251153495874,9.216011235955,9.5));
#1351 = CARTESIAN_POINT('',(12.270550221444,9.052722019781,9.5));
#1352 = CARTESIAN_POINT('',(12.303979079814,8.895468566327,9.5));
#1353 = CARTESIAN_POINT('',(12.353451488189,8.746753883227,9.5));
#1354 = CARTESIAN_POINT('',(12.420772841011,8.609610241882,9.5));
#1355 = CARTESIAN_POINT('',(12.506827789346,8.487099659426,9.5));
#1356 = CARTESIAN_POINT('',(12.621696848473,8.368780362932,9.5));
#1357 = CARTESIAN_POINT('',(12.633862246502,8.356705160385,9.5));
#1358 = CARTESIAN_POINT('',(12.646252856371,8.344853580652,9.5));
#1359 = CARTESIAN_POINT('',(12.658865949155,8.333227824042,9.5));
#1360 = CARTESIAN_POINT('',(12.67169851155,8.321829772613,9.5));
#1361 = CARTESIAN_POINT('',(12.684747245874,8.310660990169,9.5));
#1362 = FACE_BOUND('',#1363,.T.);
#1363 = EDGE_LOOP('',(#1364,#1374,#1382,#1390,#1398,#1406,#1414,#1422));
#1364 = ORIENTED_EDGE('',*,*,#1365,.F.);
#1365 = EDGE_CURVE('',#1366,#1368,#1370,.T.);
#1366 = VERTEX_POINT('',#1367);
#1367 = CARTESIAN_POINT('',(16.706958556443,11.034831460674,9.5));
#1368 = VERTEX_POINT('',#1369);
#1369 = CARTESIAN_POINT('',(16.706958556443,8.062359550562,9.5));
#1370 = LINE('',#1371,#1372);
#1371 = CARTESIAN_POINT('',(16.706958556443,4.031179775281,9.5));
#1372 = VECTOR('',#1373,1.);
#1373 = DIRECTION('',(0.,-1.,0.));
#1374 = ORIENTED_EDGE('',*,*,#1375,.F.);
#1375 = EDGE_CURVE('',#1376,#1366,#1378,.T.);
#1376 = VERTEX_POINT('',#1377);
#1377 = CARTESIAN_POINT('',(15.647333380881,11.034831460674,9.5));
#1378 = LINE('',#1379,#1380);
#1379 = CARTESIAN_POINT('',(8.353479278222,11.034831460674,9.5));
#1380 = VECTOR('',#1381,1.);
#1381 = DIRECTION('',(1.,0.,0.));
#1382 = ORIENTED_EDGE('',*,*,#1383,.F.);
#1383 = EDGE_CURVE('',#1384,#1376,#1386,.T.);
#1384 = VERTEX_POINT('',#1385);
#1385 = CARTESIAN_POINT('',(15.647333380881,11.637640449438,9.5));
#1386 = LINE('',#1387,#1388);
#1387 = CARTESIAN_POINT('',(15.647333380881,5.517415730337,9.5));
#1388 = VECTOR('',#1389,1.);
#1389 = DIRECTION('',(0.,-1.,0.));
#1390 = ORIENTED_EDGE('',*,*,#1391,.F.);
#1391 = EDGE_CURVE('',#1392,#1384,#1394,.T.);
#1392 = VERTEX_POINT('',#1393);
#1393 = CARTESIAN_POINT('',(18.485180115432,11.637640449438,9.5));
#1394 = LINE('',#1395,#1396);
#1395 = CARTESIAN_POINT('',(7.823666690441,11.637640449438,9.5));
#1396 = VECTOR('',#1397,1.);
#1397 = DIRECTION('',(-1.,0.,0.));
#1398 = ORIENTED_EDGE('',*,*,#1399,.F.);
#1399 = EDGE_CURVE('',#1400,#1392,#1402,.T.);
#1400 = VERTEX_POINT('',#1401);
#1401 = CARTESIAN_POINT('',(18.485180115432,11.034831460674,9.5));
#1402 = LINE('',#1403,#1404);
#1403 = CARTESIAN_POINT('',(18.485180115432,5.818820224719,9.5));
#1404 = VECTOR('',#1405,1.);
#1405 = DIRECTION('',(0.,1.,0.));
#1406 = ORIENTED_EDGE('',*,*,#1407,.F.);
#1407 = EDGE_CURVE('',#1408,#1400,#1410,.T.);
#1408 = VERTEX_POINT('',#1409);
#1409 = CARTESIAN_POINT('',(17.427990859814,11.034831460674,9.5));
#1410 = LINE('',#1411,#1412);
#1411 = CARTESIAN_POINT('',(9.242590057716,11.034831460674,9.5));
#1412 = VECTOR('',#1413,1.);
#1413 = DIRECTION('',(1.,0.,0.));
#1414 = ORIENTED_EDGE('',*,*,#1415,.F.);
#1415 = EDGE_CURVE('',#1416,#1408,#1418,.T.);
#1416 = VERTEX_POINT('',#1417);
#1417 = CARTESIAN_POINT('',(17.427990859814,8.062359550562,9.5));
#1418 = LINE('',#1419,#1420);
#1419 = CARTESIAN_POINT('',(17.427990859814,5.517415730337,9.5));
#1420 = VECTOR('',#1421,1.);
#1421 = DIRECTION('',(0.,1.,0.));
#1422 = ORIENTED_EDGE('',*,*,#1423,.F.);
#1423 = EDGE_CURVE('',#1368,#1416,#1424,.T.);
#1424 = LINE('',#1425,#1426);
#1425 = CARTESIAN_POINT('',(8.713995429907,8.062359550562,9.5));
#1426 = VECTOR('',#1427,1.);
#1427 = DIRECTION('',(1.,0.,0.));
#1428 = PLANE('',#1429);
#1429 = AXIS2_PLACEMENT_3D('',#1430,#1431,#1432);
#1430 = CARTESIAN_POINT('',(0.,0.,9.5));
#1431 = DIRECTION('',(0.,0.,1.));
#1432 = DIRECTION('',(1.,0.,0.));
#1433 = ADVANCED_FACE('',(#1434),#1445,.T.);
#1434 = FACE_BOUND('',#1435,.F.);
#1435 = EDGE_LOOP('',(#1436,#1437,#1438,#1444));
#1436 = ORIENTED_EDGE('',*,*,#103,.F.);
#1437 = ORIENTED_EDGE('',*,*,#262,.T.);
#1438 = ORIENTED_EDGE('',*,*,#1439,.T.);
#1439 = EDGE_CURVE('',#255,#363,#1440,.T.);
#1440 = LINE('',#1441,#1442);
#1441 = CARTESIAN_POINT('',(3.,14.,9.));
#1442 = VECTOR('',#1443,1.);
#1443 = DIRECTION('',(4.329780281177E-17,-0.707106781187,0.707106781187)
  );
#1444 = ORIENTED_EDGE('',*,*,#370,.F.);
#1445 = CONICAL_SURFACE('',#1446,3.,0.785398163397);
#1446 = AXIS2_PLACEMENT_3D('',#1447,#1448,#1449);
#1447 = CARTESIAN_POINT('',(3.,11.,9.));
#1448 = DIRECTION('',(-0.,-0.,-1.));
#1449 = DIRECTION('',(-1.,0.,0.));
#1450 = ADVANCED_FACE('',(#1451),#1469,.T.);
#1451 = FACE_BOUND('',#1452,.T.);
#1452 = EDGE_LOOP('',(#1453,#1454,#1462,#1468));
#1453 = ORIENTED_EDGE('',*,*,#254,.T.);
#1454 = ORIENTED_EDGE('',*,*,#1455,.T.);
#1455 = EDGE_CURVE('',#255,#1456,#1458,.T.);
#1456 = VERTEX_POINT('',#1457);
#1457 = CARTESIAN_POINT('',(21.,14.,9.));
#1458 = LINE('',#1459,#1460);
#1459 = CARTESIAN_POINT('',(3.,14.,9.));
#1460 = VECTOR('',#1461,1.);
#1461 = DIRECTION('',(1.,0.,0.));
#1462 = ORIENTED_EDGE('',*,*,#1463,.F.);
#1463 = EDGE_CURVE('',#153,#1456,#1464,.T.);
#1464 = LINE('',#1465,#1466);
#1465 = CARTESIAN_POINT('',(21.,14.,6.5));
#1466 = VECTOR('',#1467,1.);
#1467 = DIRECTION('',(0.,0.,1.));
#1468 = ORIENTED_EDGE('',*,*,#161,.F.);
#1469 = PLANE('',#1470);
#1470 = AXIS2_PLACEMENT_3D('',#1471,#1472,#1473);
#1471 = CARTESIAN_POINT('',(0.,14.,6.5));
#1472 = DIRECTION('',(0.,1.,0.));
#1473 = DIRECTION('',(0.,0.,1.));
#1474 = ADVANCED_FACE('',(#1475),#1494,.T.);
#1475 = FACE_BOUND('',#1476,.F.);
#1476 = EDGE_LOOP('',(#1477,#1485,#1486,#1487));
#1477 = ORIENTED_EDGE('',*,*,#1478,.F.);
#1478 = EDGE_CURVE('',#136,#1479,#1481,.T.);
#1479 = VERTEX_POINT('',#1480);
#1480 = CARTESIAN_POINT('',(24.,3.,9.));
#1481 = LINE('',#1482,#1483);
#1482 = CARTESIAN_POINT('',(24.,3.,6.5));
#1483 = VECTOR('',#1484,1.);
#1484 = DIRECTION('',(0.,0.,1.));
#1485 = ORIENTED_EDGE('',*,*,#135,.T.);
#1486 = ORIENTED_EDGE('',*,*,#311,.T.);
#1487 = ORIENTED_EDGE('',*,*,#1488,.F.);
#1488 = EDGE_CURVE('',#1479,#304,#1489,.T.);
#1489 = CIRCLE('',#1490,3.);
#1490 = AXIS2_PLACEMENT_3D('',#1491,#1492,#1493);
#1491 = CARTESIAN_POINT('',(21.,3.,9.));
#1492 = DIRECTION('',(0.,0.,-1.));
#1493 = DIRECTION('',(1.,1.480297366167E-16,0.));
#1494 = CYLINDRICAL_SURFACE('',#1495,3.);
#1495 = AXIS2_PLACEMENT_3D('',#1496,#1497,#1498);
#1496 = CARTESIAN_POINT('',(21.,3.,6.5));
#1497 = DIRECTION('',(0.,0.,1.));
#1498 = DIRECTION('',(1.,0.,0.));
#1499 = ADVANCED_FACE('',(#1500),#1519,.T.);
#1500 = FACE_BOUND('',#1501,.T.);
#1501 = EDGE_LOOP('',(#1502,#1510,#1511,#1512));
#1502 = ORIENTED_EDGE('',*,*,#1503,.F.);
#1503 = EDGE_CURVE('',#145,#1504,#1506,.T.);
#1504 = VERTEX_POINT('',#1505);
#1505 = CARTESIAN_POINT('',(24.,11.,9.));
#1506 = LINE('',#1507,#1508);
#1507 = CARTESIAN_POINT('',(24.,11.,6.5));
#1508 = VECTOR('',#1509,1.);
#1509 = DIRECTION('',(0.,0.,1.));
#1510 = ORIENTED_EDGE('',*,*,#152,.T.);
#1511 = ORIENTED_EDGE('',*,*,#1463,.T.);
#1512 = ORIENTED_EDGE('',*,*,#1513,.T.);
#1513 = EDGE_CURVE('',#1456,#1504,#1514,.T.);
#1514 = CIRCLE('',#1515,3.);
#1515 = AXIS2_PLACEMENT_3D('',#1516,#1517,#1518);
#1516 = CARTESIAN_POINT('',(21.,11.,9.));
#1517 = DIRECTION('',(0.,0.,-1.));
#1518 = DIRECTION('',(0.,1.,0.));
#1519 = CYLINDRICAL_SURFACE('',#1520,3.);
#1520 = AXIS2_PLACEMENT_3D('',#1521,#1522,#1523);
#1521 = CARTESIAN_POINT('',(21.,11.,6.5));
#1522 = DIRECTION('',(0.,0.,1.));
#1523 = DIRECTION('',(1.,0.,0.));
#1524 = ADVANCED_FACE('',(#1525),#1536,.T.);
#1525 = FACE_BOUND('',#1526,.T.);
#1526 = EDGE_LOOP('',(#1527,#1528,#1529,#1530));
#1527 = ORIENTED_EDGE('',*,*,#1478,.F.);
#1528 = ORIENTED_EDGE('',*,*,#144,.T.);
#1529 = ORIENTED_EDGE('',*,*,#1503,.T.);
#1530 = ORIENTED_EDGE('',*,*,#1531,.T.);
#1531 = EDGE_CURVE('',#1504,#1479,#1532,.T.);
#1532 = LINE('',#1533,#1534);
#1533 = CARTESIAN_POINT('',(24.,11.,9.));
#1534 = VECTOR('',#1535,1.);
#1535 = DIRECTION('',(0.,-1.,0.));
#1536 = PLANE('',#1537);
#1537 = AXIS2_PLACEMENT_3D('',#1538,#1539,#1540);
#1538 = CARTESIAN_POINT('',(24.,0.,6.5));
#1539 = DIRECTION('',(1.,0.,0.));
#1540 = DIRECTION('',(0.,0.,1.));
#1541 = ADVANCED_FACE('',(#1542),#1567,.F.);
#1542 = FACE_BOUND('',#1543,.F.);
#1543 = EDGE_LOOP('',(#1544,#1552,#1560,#1566));
#1544 = ORIENTED_EDGE('',*,*,#1545,.F.);
#1545 = EDGE_CURVE('',#1546,#179,#1548,.T.);
#1546 = VERTEX_POINT('',#1547);
#1547 = CARTESIAN_POINT('',(15.,2.4,0.5));
#1548 = LINE('',#1549,#1550);
#1549 = CARTESIAN_POINT('',(15.,2.4,0.));
#1550 = VECTOR('',#1551,1.);
#1551 = DIRECTION('',(0.,0.,1.));
#1552 = ORIENTED_EDGE('',*,*,#1553,.F.);
#1553 = EDGE_CURVE('',#1554,#1546,#1556,.T.);
#1554 = VERTEX_POINT('',#1555);
#1555 = CARTESIAN_POINT('',(9.,2.4,0.5));
#1556 = LINE('',#1557,#1558);
#1557 = CARTESIAN_POINT('',(9.,2.4,0.5));
#1558 = VECTOR('',#1559,1.);
#1559 = DIRECTION('',(1.,0.,0.));
#1560 = ORIENTED_EDGE('',*,*,#1561,.T.);
#1561 = EDGE_CURVE('',#1554,#181,#1562,.T.);
#1562 = LINE('',#1563,#1564);
#1563 = CARTESIAN_POINT('',(9.,2.4,0.));
#1564 = VECTOR('',#1565,1.);
#1565 = DIRECTION('',(0.,0.,1.));
#1566 = ORIENTED_EDGE('',*,*,#178,.F.);
#1567 = PLANE('',#1568);
#1568 = AXIS2_PLACEMENT_3D('',#1569,#1570,#1571);
#1569 = CARTESIAN_POINT('',(9.,2.4,0.));
#1570 = DIRECTION('',(0.,1.,0.));
#1571 = DIRECTION('',(0.,0.,1.));
#1572 = ADVANCED_FACE('',(#1573),#1607,.T.);
#1573 = FACE_BOUND('',#1574,.T.);
#1574 = EDGE_LOOP('',(#1575,#1576,#1584,#1592,#1600,#1606));
#1575 = ORIENTED_EDGE('',*,*,#1545,.F.);
#1576 = ORIENTED_EDGE('',*,*,#1577,.T.);
#1577 = EDGE_CURVE('',#1546,#1578,#1580,.T.);
#1578 = VERTEX_POINT('',#1579);
#1579 = CARTESIAN_POINT('',(15.,2.9,0.));
#1580 = LINE('',#1581,#1582);
#1581 = CARTESIAN_POINT('',(15.,2.65,0.25));
#1582 = VECTOR('',#1583,1.);
#1583 = DIRECTION('',(0.,0.707106781187,-0.707106781187));
#1584 = ORIENTED_EDGE('',*,*,#1585,.T.);
#1585 = EDGE_CURVE('',#1578,#1586,#1588,.T.);
#1586 = VERTEX_POINT('',#1587);
#1587 = CARTESIAN_POINT('',(15.,4.3,-1.665334536938E-16));
#1588 = LINE('',#1589,#1590);
#1589 = CARTESIAN_POINT('',(15.,2.4,0.));
#1590 = VECTOR('',#1591,1.);
#1591 = DIRECTION('',(0.,1.,0.));
#1592 = ORIENTED_EDGE('',*,*,#1593,.F.);
#1593 = EDGE_CURVE('',#1594,#1586,#1596,.T.);
#1594 = VERTEX_POINT('',#1595);
#1595 = CARTESIAN_POINT('',(15.,4.8,0.5));
#1596 = LINE('',#1597,#1598);
#1597 = CARTESIAN_POINT('',(15.,3.95,-0.35));
#1598 = VECTOR('',#1599,1.);
#1599 = DIRECTION('',(0.,-0.707106781187,-0.707106781187));
#1600 = ORIENTED_EDGE('',*,*,#1601,.T.);
#1601 = EDGE_CURVE('',#1594,#197,#1602,.T.);
#1602 = LINE('',#1603,#1604);
#1603 = CARTESIAN_POINT('',(15.,4.8,0.));
#1604 = VECTOR('',#1605,1.);
#1605 = DIRECTION('',(0.,0.,1.));
#1606 = ORIENTED_EDGE('',*,*,#204,.F.);
#1607 = PLANE('',#1608);
#1608 = AXIS2_PLACEMENT_3D('',#1609,#1610,#1611);
#1609 = CARTESIAN_POINT('',(15.,2.4,0.));
#1610 = DIRECTION('',(1.,0.,0.));
#1611 = DIRECTION('',(0.,0.,1.));
#1612 = ADVANCED_FACE('',(#1613),#1647,.F.);
#1613 = FACE_BOUND('',#1614,.F.);
#1614 = EDGE_LOOP('',(#1615,#1616,#1624,#1632,#1640,#1646));
#1615 = ORIENTED_EDGE('',*,*,#1561,.F.);
#1616 = ORIENTED_EDGE('',*,*,#1617,.T.);
#1617 = EDGE_CURVE('',#1554,#1618,#1620,.T.);
#1618 = VERTEX_POINT('',#1619);
#1619 = CARTESIAN_POINT('',(9.,2.9,0.));
#1620 = LINE('',#1621,#1622);
#1621 = CARTESIAN_POINT('',(9.,2.65,0.25));
#1622 = VECTOR('',#1623,1.);
#1623 = DIRECTION('',(0.,0.707106781187,-0.707106781187));
#1624 = ORIENTED_EDGE('',*,*,#1625,.T.);
#1625 = EDGE_CURVE('',#1618,#1626,#1628,.T.);
#1626 = VERTEX_POINT('',#1627);
#1627 = CARTESIAN_POINT('',(9.,4.3,-1.665334536938E-16));
#1628 = LINE('',#1629,#1630);
#1629 = CARTESIAN_POINT('',(9.,2.4,0.));
#1630 = VECTOR('',#1631,1.);
#1631 = DIRECTION('',(0.,1.,0.));
#1632 = ORIENTED_EDGE('',*,*,#1633,.F.);
#1633 = EDGE_CURVE('',#1634,#1626,#1636,.T.);
#1634 = VERTEX_POINT('',#1635);
#1635 = CARTESIAN_POINT('',(9.,4.8,0.5));
#1636 = LINE('',#1637,#1638);
#1637 = CARTESIAN_POINT('',(9.,3.95,-0.35));
#1638 = VECTOR('',#1639,1.);
#1639 = DIRECTION('',(0.,-0.707106781187,-0.707106781187));
#1640 = ORIENTED_EDGE('',*,*,#1641,.T.);
#1641 = EDGE_CURVE('',#1634,#189,#1642,.T.);
#1642 = LINE('',#1643,#1644);
#1643 = CARTESIAN_POINT('',(9.,4.8,0.));
#1644 = VECTOR('',#1645,1.);
#1645 = DIRECTION('',(0.,0.,1.));
#1646 = ORIENTED_EDGE('',*,*,#188,.F.);
#1647 = PLANE('',#1648);
#1648 = AXIS2_PLACEMENT_3D('',#1649,#1650,#1651);
#1649 = CARTESIAN_POINT('',(9.,2.4,0.));
#1650 = DIRECTION('',(1.,0.,0.));
#1651 = DIRECTION('',(0.,0.,1.));
#1652 = ADVANCED_FACE('',(#1653),#1664,.T.);
#1653 = FACE_BOUND('',#1654,.T.);
#1654 = EDGE_LOOP('',(#1655,#1656,#1662,#1663));
#1655 = ORIENTED_EDGE('',*,*,#1601,.F.);
#1656 = ORIENTED_EDGE('',*,*,#1657,.F.);
#1657 = EDGE_CURVE('',#1634,#1594,#1658,.T.);
#1658 = LINE('',#1659,#1660);
#1659 = CARTESIAN_POINT('',(9.,4.8,0.5));
#1660 = VECTOR('',#1661,1.);
#1661 = DIRECTION('',(1.,0.,0.));
#1662 = ORIENTED_EDGE('',*,*,#1641,.T.);
#1663 = ORIENTED_EDGE('',*,*,#196,.F.);
#1664 = PLANE('',#1665);
#1665 = AXIS2_PLACEMENT_3D('',#1666,#1667,#1668);
#1666 = CARTESIAN_POINT('',(9.,4.8,0.));
#1667 = DIRECTION('',(0.,1.,0.));
#1668 = DIRECTION('',(0.,0.,1.));
#1669 = ADVANCED_FACE('',(#1670),#1695,.F.);
#1670 = FACE_BOUND('',#1671,.F.);
#1671 = EDGE_LOOP('',(#1672,#1680,#1688,#1694));
#1672 = ORIENTED_EDGE('',*,*,#1673,.F.);
#1673 = EDGE_CURVE('',#1674,#213,#1676,.T.);
#1674 = VERTEX_POINT('',#1675);
#1675 = CARTESIAN_POINT('',(15.,10.2,0.5));
#1676 = LINE('',#1677,#1678);
#1677 = CARTESIAN_POINT('',(15.,10.2,0.));
#1678 = VECTOR('',#1679,1.);
#1679 = DIRECTION('',(0.,0.,1.));
#1680 = ORIENTED_EDGE('',*,*,#1681,.F.);
#1681 = EDGE_CURVE('',#1682,#1674,#1684,.T.);
#1682 = VERTEX_POINT('',#1683);
#1683 = CARTESIAN_POINT('',(9.,10.2,0.5));
#1684 = LINE('',#1685,#1686);
#1685 = CARTESIAN_POINT('',(9.,10.2,0.5));
#1686 = VECTOR('',#1687,1.);
#1687 = DIRECTION('',(1.,0.,0.));
#1688 = ORIENTED_EDGE('',*,*,#1689,.T.);
#1689 = EDGE_CURVE('',#1682,#215,#1690,.T.);
#1690 = LINE('',#1691,#1692);
#1691 = CARTESIAN_POINT('',(9.,10.2,0.));
#1692 = VECTOR('',#1693,1.);
#1693 = DIRECTION('',(0.,0.,1.));
#1694 = ORIENTED_EDGE('',*,*,#212,.F.);
#1695 = PLANE('',#1696);
#1696 = AXIS2_PLACEMENT_3D('',#1697,#1698,#1699);
#1697 = CARTESIAN_POINT('',(9.,10.2,0.));
#1698 = DIRECTION('',(0.,1.,0.));
#1699 = DIRECTION('',(0.,0.,1.));
#1700 = ADVANCED_FACE('',(#1701),#1735,.T.);
#1701 = FACE_BOUND('',#1702,.T.);
#1702 = EDGE_LOOP('',(#1703,#1704,#1712,#1720,#1728,#1734));
#1703 = ORIENTED_EDGE('',*,*,#1673,.F.);
#1704 = ORIENTED_EDGE('',*,*,#1705,.T.);
#1705 = EDGE_CURVE('',#1674,#1706,#1708,.T.);
#1706 = VERTEX_POINT('',#1707);
#1707 = CARTESIAN_POINT('',(15.,10.7,-1.665334536938E-16));
#1708 = LINE('',#1709,#1710);
#1709 = CARTESIAN_POINT('',(15.,10.45,0.25));
#1710 = VECTOR('',#1711,1.);
#1711 = DIRECTION('',(0.,0.707106781187,-0.707106781187));
#1712 = ORIENTED_EDGE('',*,*,#1713,.T.);
#1713 = EDGE_CURVE('',#1706,#1714,#1716,.T.);
#1714 = VERTEX_POINT('',#1715);
#1715 = CARTESIAN_POINT('',(15.,12.1,4.718447854657E-16));
#1716 = LINE('',#1717,#1718);
#1717 = CARTESIAN_POINT('',(15.,10.2,0.));
#1718 = VECTOR('',#1719,1.);
#1719 = DIRECTION('',(0.,1.,0.));
#1720 = ORIENTED_EDGE('',*,*,#1721,.F.);
#1721 = EDGE_CURVE('',#1722,#1714,#1724,.T.);
#1722 = VERTEX_POINT('',#1723);
#1723 = CARTESIAN_POINT('',(15.,12.6,0.5));
#1724 = LINE('',#1725,#1726);
#1725 = CARTESIAN_POINT('',(15.,11.75,-0.35));
#1726 = VECTOR('',#1727,1.);
#1727 = DIRECTION('',(0.,-0.707106781187,-0.707106781187));
#1728 = ORIENTED_EDGE('',*,*,#1729,.T.);
#1729 = EDGE_CURVE('',#1722,#231,#1730,.T.);
#1730 = LINE('',#1731,#1732);
#1731 = CARTESIAN_POINT('',(15.,12.6,0.));
#1732 = VECTOR('',#1733,1.);
#1733 = DIRECTION('',(0.,0.,1.));
#1734 = ORIENTED_EDGE('',*,*,#238,.F.);
#1735 = PLANE('',#1736);
#1736 = AXIS2_PLACEMENT_3D('',#1737,#1738,#1739);
#1737 = CARTESIAN_POINT('',(15.,10.2,0.));
#1738 = DIRECTION('',(1.,0.,0.));
#1739 = DIRECTION('',(0.,0.,1.));
#1740 = ADVANCED_FACE('',(#1741),#1759,.T.);
#1741 = FACE_BOUND('',#1742,.T.);
#1742 = EDGE_LOOP('',(#1743,#1744,#1752,#1758));
#1743 = ORIENTED_EDGE('',*,*,#1729,.F.);
#1744 = ORIENTED_EDGE('',*,*,#1745,.F.);
#1745 = EDGE_CURVE('',#1746,#1722,#1748,.T.);
#1746 = VERTEX_POINT('',#1747);
#1747 = CARTESIAN_POINT('',(9.,12.6,0.5));
#1748 = LINE('',#1749,#1750);
#1749 = CARTESIAN_POINT('',(9.,12.6,0.5));
#1750 = VECTOR('',#1751,1.);
#1751 = DIRECTION('',(1.,0.,0.));
#1752 = ORIENTED_EDGE('',*,*,#1753,.T.);
#1753 = EDGE_CURVE('',#1746,#223,#1754,.T.);
#1754 = LINE('',#1755,#1756);
#1755 = CARTESIAN_POINT('',(9.,12.6,0.));
#1756 = VECTOR('',#1757,1.);
#1757 = DIRECTION('',(0.,0.,1.));
#1758 = ORIENTED_EDGE('',*,*,#230,.F.);
#1759 = PLANE('',#1760);
#1760 = AXIS2_PLACEMENT_3D('',#1761,#1762,#1763);
#1761 = CARTESIAN_POINT('',(9.,12.6,0.));
#1762 = DIRECTION('',(0.,1.,0.));
#1763 = DIRECTION('',(0.,0.,1.));
#1764 = ADVANCED_FACE('',(#1765),#1792,.F.);
#1765 = FACE_BOUND('',#1766,.F.);
#1766 = EDGE_LOOP('',(#1767,#1768,#1776,#1784,#1790,#1791));
#1767 = ORIENTED_EDGE('',*,*,#1689,.F.);
#1768 = ORIENTED_EDGE('',*,*,#1769,.T.);
#1769 = EDGE_CURVE('',#1682,#1770,#1772,.T.);
#1770 = VERTEX_POINT('',#1771);
#1771 = CARTESIAN_POINT('',(9.,10.7,-1.665334536938E-16));
#1772 = LINE('',#1773,#1774);
#1773 = CARTESIAN_POINT('',(9.,10.45,0.25));
#1774 = VECTOR('',#1775,1.);
#1775 = DIRECTION('',(0.,0.707106781187,-0.707106781187));
#1776 = ORIENTED_EDGE('',*,*,#1777,.T.);
#1777 = EDGE_CURVE('',#1770,#1778,#1780,.T.);
#1778 = VERTEX_POINT('',#1779);
#1779 = CARTESIAN_POINT('',(9.,12.1,4.718447854657E-16));
#1780 = LINE('',#1781,#1782);
#1781 = CARTESIAN_POINT('',(9.,10.2,0.));
#1782 = VECTOR('',#1783,1.);
#1783 = DIRECTION('',(0.,1.,0.));
#1784 = ORIENTED_EDGE('',*,*,#1785,.F.);
#1785 = EDGE_CURVE('',#1746,#1778,#1786,.T.);
#1786 = LINE('',#1787,#1788);
#1787 = CARTESIAN_POINT('',(9.,11.75,-0.35));
#1788 = VECTOR('',#1789,1.);
#1789 = DIRECTION('',(0.,-0.707106781187,-0.707106781187));
#1790 = ORIENTED_EDGE('',*,*,#1753,.T.);
#1791 = ORIENTED_EDGE('',*,*,#222,.F.);
#1792 = PLANE('',#1793);
#1793 = AXIS2_PLACEMENT_3D('',#1794,#1795,#1796);
#1794 = CARTESIAN_POINT('',(9.,10.2,0.));
#1795 = DIRECTION('',(1.,0.,0.));
#1796 = DIRECTION('',(0.,0.,1.));
#1797 = ADVANCED_FACE('',(#1798),#1809,.F.);
#1798 = FACE_BOUND('',#1799,.F.);
#1799 = EDGE_LOOP('',(#1800,#1806,#1807,#1808));
#1800 = ORIENTED_EDGE('',*,*,#1801,.F.);
#1801 = EDGE_CURVE('',#304,#329,#1802,.T.);
#1802 = LINE('',#1803,#1804);
#1803 = CARTESIAN_POINT('',(21.,-4.440892098501E-16,9.));
#1804 = VECTOR('',#1805,1.);
#1805 = DIRECTION('',(-1.479706333907E-16,0.707106781187,0.707106781187)
  );
#1806 = ORIENTED_EDGE('',*,*,#303,.T.);
#1807 = ORIENTED_EDGE('',*,*,#277,.T.);
#1808 = ORIENTED_EDGE('',*,*,#328,.F.);
#1809 = PLANE('',#1810);
#1810 = AXIS2_PLACEMENT_3D('',#1811,#1812,#1813);
#1811 = CARTESIAN_POINT('',(21.,0.25,9.25));
#1812 = DIRECTION('',(0.,0.707106781187,-0.707106781187));
#1813 = DIRECTION('',(-1.,0.,0.));
#1814 = ADVANCED_FACE('',(#1815),#1826,.T.);
#1815 = FACE_BOUND('',#1816,.F.);
#1816 = EDGE_LOOP('',(#1817,#1818,#1819,#1825));
#1817 = ORIENTED_EDGE('',*,*,#1439,.F.);
#1818 = ORIENTED_EDGE('',*,*,#1455,.T.);
#1819 = ORIENTED_EDGE('',*,*,#1820,.T.);
#1820 = EDGE_CURVE('',#1456,#354,#1821,.T.);
#1821 = LINE('',#1822,#1823);
#1822 = CARTESIAN_POINT('',(21.,13.75,9.25));
#1823 = VECTOR('',#1824,1.);
#1824 = DIRECTION('',(0.,-0.707106781187,0.707106781187));
#1825 = ORIENTED_EDGE('',*,*,#362,.F.);
#1826 = PLANE('',#1827);
#1827 = AXIS2_PLACEMENT_3D('',#1828,#1829,#1830);
#1828 = CARTESIAN_POINT('',(3.,13.75,9.25));
#1829 = DIRECTION('',(0.,0.707106781187,0.707106781187));
#1830 = DIRECTION('',(-1.,0.,0.));
#1831 = ADVANCED_FACE('',(#1832),#1843,.T.);
#1832 = FACE_BOUND('',#1833,.F.);
#1833 = EDGE_LOOP('',(#1834,#1840,#1841,#1842));
#1834 = ORIENTED_EDGE('',*,*,#1835,.F.);
#1835 = EDGE_CURVE('',#1479,#337,#1836,.T.);
#1836 = LINE('',#1837,#1838);
#1837 = CARTESIAN_POINT('',(23.75,3.,9.25));
#1838 = VECTOR('',#1839,1.);
#1839 = DIRECTION('',(-0.707106781187,0.,0.707106781187));
#1840 = ORIENTED_EDGE('',*,*,#1488,.T.);
#1841 = ORIENTED_EDGE('',*,*,#1801,.T.);
#1842 = ORIENTED_EDGE('',*,*,#336,.F.);
#1843 = CONICAL_SURFACE('',#1844,3.,0.785398163397);
#1844 = AXIS2_PLACEMENT_3D('',#1845,#1846,#1847);
#1845 = CARTESIAN_POINT('',(21.,3.,9.));
#1846 = DIRECTION('',(-0.,-0.,-1.));
#1847 = DIRECTION('',(1.,1.480297366167E-16,0.));
#1848 = ADVANCED_FACE('',(#1849),#1860,.T.);
#1849 = FACE_BOUND('',#1850,.F.);
#1850 = EDGE_LOOP('',(#1851,#1852,#1853,#1859));
#1851 = ORIENTED_EDGE('',*,*,#1820,.F.);
#1852 = ORIENTED_EDGE('',*,*,#1513,.T.);
#1853 = ORIENTED_EDGE('',*,*,#1854,.T.);
#1854 = EDGE_CURVE('',#1504,#346,#1855,.T.);
#1855 = LINE('',#1856,#1857);
#1856 = CARTESIAN_POINT('',(24.,11.,9.));
#1857 = VECTOR('',#1858,1.);
#1858 = DIRECTION('',(-0.707106781187,-4.329780281177E-17,0.707106781187
    ));
#1859 = ORIENTED_EDGE('',*,*,#353,.F.);
#1860 = CONICAL_SURFACE('',#1861,3.,0.785398163397);
#1861 = AXIS2_PLACEMENT_3D('',#1862,#1863,#1864);
#1862 = CARTESIAN_POINT('',(21.,11.,9.));
#1863 = DIRECTION('',(-0.,-0.,-1.));
#1864 = DIRECTION('',(0.,1.,0.));
#1865 = ADVANCED_FACE('',(#1866),#1872,.T.);
#1866 = FACE_BOUND('',#1867,.F.);
#1867 = EDGE_LOOP('',(#1868,#1869,#1870,#1871));
#1868 = ORIENTED_EDGE('',*,*,#1854,.F.);
#1869 = ORIENTED_EDGE('',*,*,#1531,.T.);
#1870 = ORIENTED_EDGE('',*,*,#1835,.T.);
#1871 = ORIENTED_EDGE('',*,*,#345,.F.);
#1872 = PLANE('',#1873);
#1873 = AXIS2_PLACEMENT_3D('',#1874,#1875,#1876);
#1874 = CARTESIAN_POINT('',(23.75,11.,9.25));
#1875 = DIRECTION('',(0.707106781187,0.,0.707106781187));
#1876 = DIRECTION('',(0.,1.,0.));
#1877 = ADVANCED_FACE('',(#1878),#1903,.F.);
#1878 = FACE_BOUND('',#1879,.F.);
#1879 = EDGE_LOOP('',(#1880,#1890,#1896,#1897));
#1880 = ORIENTED_EDGE('',*,*,#1881,.F.);
#1881 = EDGE_CURVE('',#1882,#1884,#1886,.T.);
#1882 = VERTEX_POINT('',#1883);
#1883 = CARTESIAN_POINT('',(4.742064881057,2.062359550562,8.8));
#1884 = VERTEX_POINT('',#1885);
#1885 = CARTESIAN_POINT('',(4.742064881057,5.637640449438,8.8));
#1886 = LINE('',#1887,#1888);
#1887 = CARTESIAN_POINT('',(4.742064881057,2.062359550562,8.8));
#1888 = VECTOR('',#1889,1.);
#1889 = DIRECTION('',(0.,1.,0.));
#1890 = ORIENTED_EDGE('',*,*,#1891,.T.);
#1891 = EDGE_CURVE('',#1882,#382,#1892,.T.);
#1892 = LINE('',#1893,#1894);
#1893 = CARTESIAN_POINT('',(4.742064881057,2.062359550562,8.8));
#1894 = VECTOR('',#1895,1.);
#1895 = DIRECTION('',(0.,0.,1.));
#1896 = ORIENTED_EDGE('',*,*,#379,.F.);
#1897 = ORIENTED_EDGE('',*,*,#1898,.F.);
#1898 = EDGE_CURVE('',#1884,#380,#1899,.T.);
#1899 = LINE('',#1900,#1901);
#1900 = CARTESIAN_POINT('',(4.742064881057,5.637640449438,8.8));
#1901 = VECTOR('',#1902,1.);
#1902 = DIRECTION('',(0.,0.,1.));
#1903 = PLANE('',#1904);
#1904 = AXIS2_PLACEMENT_3D('',#1905,#1906,#1907);
#1905 = CARTESIAN_POINT('',(4.742064881057,2.062359550562,8.8));
#1906 = DIRECTION('',(-1.,0.,0.));
#1907 = DIRECTION('',(0.,1.,0.));
#1908 = ADVANCED_FACE('',(#1909),#1927,.F.);
#1909 = FACE_BOUND('',#1910,.F.);
#1910 = EDGE_LOOP('',(#1911,#1919,#1925,#1926));
#1911 = ORIENTED_EDGE('',*,*,#1912,.F.);
#1912 = EDGE_CURVE('',#1913,#1882,#1915,.T.);
#1913 = VERTEX_POINT('',#1914);
#1914 = CARTESIAN_POINT('',(5.411942865607,2.062359550562,8.8));
#1915 = LINE('',#1916,#1917);
#1916 = CARTESIAN_POINT('',(5.411942865607,2.062359550562,8.8));
#1917 = VECTOR('',#1918,1.);
#1918 = DIRECTION('',(-1.,0.,0.));
#1919 = ORIENTED_EDGE('',*,*,#1920,.T.);
#1920 = EDGE_CURVE('',#1913,#470,#1921,.T.);
#1921 = LINE('',#1922,#1923);
#1922 = CARTESIAN_POINT('',(5.411942865607,2.062359550562,8.8));
#1923 = VECTOR('',#1924,1.);
#1924 = DIRECTION('',(0.,0.,1.));
#1925 = ORIENTED_EDGE('',*,*,#477,.F.);
#1926 = ORIENTED_EDGE('',*,*,#1891,.F.);
#1927 = PLANE('',#1928);
#1928 = AXIS2_PLACEMENT_3D('',#1929,#1930,#1931);
#1929 = CARTESIAN_POINT('',(5.411942865607,2.062359550562,8.8));
#1930 = DIRECTION('',(0.,-1.,0.));
#1931 = DIRECTION('',(-1.,0.,0.));
#1932 = ADVANCED_FACE('',(#1933),#1951,.F.);
#1933 = FACE_BOUND('',#1934,.F.);
#1934 = EDGE_LOOP('',(#1935,#1943,#1949,#1950));
#1935 = ORIENTED_EDGE('',*,*,#1936,.F.);
#1936 = EDGE_CURVE('',#1937,#1913,#1939,.T.);
#1937 = VERTEX_POINT('',#1938);
#1938 = CARTESIAN_POINT('',(5.411942865607,4.876659058989,8.8));
#1939 = LINE('',#1940,#1941);
#1940 = CARTESIAN_POINT('',(5.411942865607,4.876659058989,8.8));
#1941 = VECTOR('',#1942,1.);
#1942 = DIRECTION('',(0.,-1.,0.));
#1943 = ORIENTED_EDGE('',*,*,#1944,.T.);
#1944 = EDGE_CURVE('',#1937,#462,#1945,.T.);
#1945 = LINE('',#1946,#1947);
#1946 = CARTESIAN_POINT('',(5.411942865607,4.876659058989,8.8));
#1947 = VECTOR('',#1948,1.);
#1948 = DIRECTION('',(0.,0.,1.));
#1949 = ORIENTED_EDGE('',*,*,#469,.F.);
#1950 = ORIENTED_EDGE('',*,*,#1920,.F.);
#1951 = PLANE('',#1952);
#1952 = AXIS2_PLACEMENT_3D('',#1953,#1954,#1955);
#1953 = CARTESIAN_POINT('',(5.411942865607,4.876659058989,8.8));
#1954 = DIRECTION('',(1.,0.,0.));
#1955 = DIRECTION('',(0.,-1.,0.));
#1956 = ADVANCED_FACE('',(#1957),#1975,.F.);
#1957 = FACE_BOUND('',#1958,.F.);
#1958 = EDGE_LOOP('',(#1959,#1967,#1973,#1974));
#1959 = ORIENTED_EDGE('',*,*,#1960,.F.);
#1960 = EDGE_CURVE('',#1961,#1937,#1963,.T.);
#1961 = VERTEX_POINT('',#1962);
#1962 = CARTESIAN_POINT('',(6.118359649315,2.062359550562,8.8));
#1963 = LINE('',#1964,#1965);
#1964 = CARTESIAN_POINT('',(6.118359649315,2.062359550562,8.8));
#1965 = VECTOR('',#1966,1.);
#1966 = DIRECTION('',(-0.243457328287,0.969911609016,0.));
#1967 = ORIENTED_EDGE('',*,*,#1968,.T.);
#1968 = EDGE_CURVE('',#1961,#454,#1969,.T.);
#1969 = LINE('',#1970,#1971);
#1970 = CARTESIAN_POINT('',(6.118359649315,2.062359550562,8.8));
#1971 = VECTOR('',#1972,1.);
#1972 = DIRECTION('',(0.,0.,1.));
#1973 = ORIENTED_EDGE('',*,*,#461,.F.);
#1974 = ORIENTED_EDGE('',*,*,#1944,.F.);
#1975 = PLANE('',#1976);
#1976 = AXIS2_PLACEMENT_3D('',#1977,#1978,#1979);
#1977 = CARTESIAN_POINT('',(6.118359649315,2.062359550562,8.8));
#1978 = DIRECTION('',(-0.969911609016,-0.243457328287,0.));
#1979 = DIRECTION('',(-0.243457328287,0.969911609016,0.));
#1980 = ADVANCED_FACE('',(#1981),#1999,.F.);
#1981 = FACE_BOUND('',#1982,.F.);
#1982 = EDGE_LOOP('',(#1983,#1991,#1997,#1998));
#1983 = ORIENTED_EDGE('',*,*,#1984,.F.);
#1984 = EDGE_CURVE('',#1985,#1961,#1987,.T.);
#1985 = VERTEX_POINT('',#1986);
#1986 = CARTESIAN_POINT('',(6.812596833304,2.062359550562,8.8));
#1987 = LINE('',#1988,#1989);
#1988 = CARTESIAN_POINT('',(6.812596833304,2.062359550562,8.8));
#1989 = VECTOR('',#1990,1.);
#1990 = DIRECTION('',(-1.,0.,0.));
#1991 = ORIENTED_EDGE('',*,*,#1992,.T.);
#1992 = EDGE_CURVE('',#1985,#446,#1993,.T.);
#1993 = LINE('',#1994,#1995);
#1994 = CARTESIAN_POINT('',(6.812596833304,2.062359550562,8.8));
#1995 = VECTOR('',#1996,1.);
#1996 = DIRECTION('',(0.,0.,1.));
#1997 = ORIENTED_EDGE('',*,*,#453,.F.);
#1998 = ORIENTED_EDGE('',*,*,#1968,.F.);
#1999 = PLANE('',#2000);
#2000 = AXIS2_PLACEMENT_3D('',#2001,#2002,#2003);
#2001 = CARTESIAN_POINT('',(6.812596833304,2.062359550562,8.8));
#2002 = DIRECTION('',(0.,-1.,0.));
#2003 = DIRECTION('',(-1.,0.,0.));
#2004 = ADVANCED_FACE('',(#2005),#2023,.F.);
#2005 = FACE_BOUND('',#2006,.F.);
#2006 = EDGE_LOOP('',(#2007,#2015,#2021,#2022));
#2007 = ORIENTED_EDGE('',*,*,#2008,.F.);
#2008 = EDGE_CURVE('',#2009,#1985,#2011,.T.);
#2009 = VERTEX_POINT('',#2010);
#2010 = CARTESIAN_POINT('',(7.521449536956,4.876659058989,8.8));
#2011 = LINE('',#2012,#2013);
#2012 = CARTESIAN_POINT('',(7.521449536956,4.876659058989,8.8));
#2013 = VECTOR('',#2014,1.);
#2014 = DIRECTION('',(-0.244246835126,-0.96971309341,0.));
#2015 = ORIENTED_EDGE('',*,*,#2016,.T.);
#2016 = EDGE_CURVE('',#2009,#438,#2017,.T.);
#2017 = LINE('',#2018,#2019);
#2018 = CARTESIAN_POINT('',(7.521449536956,4.876659058989,8.8));
#2019 = VECTOR('',#2020,1.);
#2020 = DIRECTION('',(0.,0.,1.));
#2021 = ORIENTED_EDGE('',*,*,#445,.F.);
#2022 = ORIENTED_EDGE('',*,*,#1992,.F.);
#2023 = PLANE('',#2024);
#2024 = AXIS2_PLACEMENT_3D('',#2025,#2026,#2027);
#2025 = CARTESIAN_POINT('',(7.521449536956,4.876659058989,8.8));
#2026 = DIRECTION('',(0.96971309341,-0.244246835126,0.));
#2027 = DIRECTION('',(-0.244246835126,-0.96971309341,0.));
#2028 = ADVANCED_FACE('',(#2029),#2047,.F.);
#2029 = FACE_BOUND('',#2030,.F.);
#2030 = EDGE_LOOP('',(#2031,#2039,#2045,#2046));
#2031 = ORIENTED_EDGE('',*,*,#2032,.F.);
#2032 = EDGE_CURVE('',#2033,#2009,#2035,.T.);
#2033 = VERTEX_POINT('',#2034);
#2034 = CARTESIAN_POINT('',(7.521449536956,2.062359550562,8.8));
#2035 = LINE('',#2036,#2037);
#2036 = CARTESIAN_POINT('',(7.521449536956,2.062359550562,8.8));
#2037 = VECTOR('',#2038,1.);
#2038 = DIRECTION('',(0.,1.,0.));
#2039 = ORIENTED_EDGE('',*,*,#2040,.T.);
#2040 = EDGE_CURVE('',#2033,#430,#2041,.T.);
#2041 = LINE('',#2042,#2043);
#2042 = CARTESIAN_POINT('',(7.521449536956,2.062359550562,8.8));
#2043 = VECTOR('',#2044,1.);
#2044 = DIRECTION('',(0.,0.,1.));
#2045 = ORIENTED_EDGE('',*,*,#437,.F.);
#2046 = ORIENTED_EDGE('',*,*,#2016,.F.);
#2047 = PLANE('',#2048);
#2048 = AXIS2_PLACEMENT_3D('',#2049,#2050,#2051);
#2049 = CARTESIAN_POINT('',(7.521449536956,2.062359550562,8.8));
#2050 = DIRECTION('',(-1.,0.,0.));
#2051 = DIRECTION('',(0.,1.,0.));
#2052 = ADVANCED_FACE('',(#2053),#2071,.F.);
#2053 = FACE_BOUND('',#2054,.F.);
#2054 = EDGE_LOOP('',(#2055,#2063,#2069,#2070));
#2055 = ORIENTED_EDGE('',*,*,#2056,.F.);
#2056 = EDGE_CURVE('',#2057,#2033,#2059,.T.);
#2057 = VERTEX_POINT('',#2058);
#2058 = CARTESIAN_POINT('',(8.191327521506,2.062359550562,8.8));
#2059 = LINE('',#2060,#2061);
#2060 = CARTESIAN_POINT('',(8.191327521506,2.062359550562,8.8));
#2061 = VECTOR('',#2062,1.);
#2062 = DIRECTION('',(-1.,0.,0.));
#2063 = ORIENTED_EDGE('',*,*,#2064,.T.);
#2064 = EDGE_CURVE('',#2057,#422,#2065,.T.);
#2065 = LINE('',#2066,#2067);
#2066 = CARTESIAN_POINT('',(8.191327521506,2.062359550562,8.8));
#2067 = VECTOR('',#2068,1.);
#2068 = DIRECTION('',(0.,0.,1.));
#2069 = ORIENTED_EDGE('',*,*,#429,.F.);
#2070 = ORIENTED_EDGE('',*,*,#2040,.F.);
#2071 = PLANE('',#2072);
#2072 = AXIS2_PLACEMENT_3D('',#2073,#2074,#2075);
#2073 = CARTESIAN_POINT('',(8.191327521506,2.062359550562,8.8));
#2074 = DIRECTION('',(0.,-1.,0.));
#2075 = DIRECTION('',(-1.,0.,0.));
#2076 = ADVANCED_FACE('',(#2077),#2095,.F.);
#2077 = FACE_BOUND('',#2078,.F.);
#2078 = EDGE_LOOP('',(#2079,#2087,#2093,#2094));
#2079 = ORIENTED_EDGE('',*,*,#2080,.F.);
#2080 = EDGE_CURVE('',#2081,#2057,#2083,.T.);
#2081 = VERTEX_POINT('',#2082);
#2082 = CARTESIAN_POINT('',(8.191327521506,5.637640449438,8.8));
#2083 = LINE('',#2084,#2085);
#2084 = CARTESIAN_POINT('',(8.191327521506,5.637640449438,8.8));
#2085 = VECTOR('',#2086,1.);
#2086 = DIRECTION('',(0.,-1.,0.));
#2087 = ORIENTED_EDGE('',*,*,#2088,.T.);
#2088 = EDGE_CURVE('',#2081,#414,#2089,.T.);
#2089 = LINE('',#2090,#2091);
#2090 = CARTESIAN_POINT('',(8.191327521506,5.637640449438,8.8));
#2091 = VECTOR('',#2092,1.);
#2092 = DIRECTION('',(0.,0.,1.));
#2093 = ORIENTED_EDGE('',*,*,#421,.F.);
#2094 = ORIENTED_EDGE('',*,*,#2064,.F.);
#2095 = PLANE('',#2096);
#2096 = AXIS2_PLACEMENT_3D('',#2097,#2098,#2099);
#2097 = CARTESIAN_POINT('',(8.191327521506,5.637640449438,8.8));
#2098 = DIRECTION('',(1.,0.,0.));
#2099 = DIRECTION('',(0.,-1.,0.));
#2100 = ADVANCED_FACE('',(#2101),#2119,.F.);
#2101 = FACE_BOUND('',#2102,.F.);
#2102 = EDGE_LOOP('',(#2103,#2111,#2117,#2118));
#2103 = ORIENTED_EDGE('',*,*,#2104,.F.);
#2104 = EDGE_CURVE('',#2105,#2081,#2107,.T.);
#2105 = VERTEX_POINT('',#2106);
#2106 = CARTESIAN_POINT('',(7.10977906645,5.637640449438,8.8));
#2107 = LINE('',#2108,#2109);
#2108 = CARTESIAN_POINT('',(7.10977906645,5.637640449438,8.8));
#2109 = VECTOR('',#2110,1.);
#2110 = DIRECTION('',(1.,0.,0.));
#2111 = ORIENTED_EDGE('',*,*,#2112,.T.);
#2112 = EDGE_CURVE('',#2105,#406,#2113,.T.);
#2113 = LINE('',#2114,#2115);
#2114 = CARTESIAN_POINT('',(7.10977906645,5.637640449438,8.8));
#2115 = VECTOR('',#2116,1.);
#2116 = DIRECTION('',(0.,0.,1.));
#2117 = ORIENTED_EDGE('',*,*,#413,.F.);
#2118 = ORIENTED_EDGE('',*,*,#2088,.F.);
#2119 = PLANE('',#2120);
#2120 = AXIS2_PLACEMENT_3D('',#2121,#2122,#2123);
#2121 = CARTESIAN_POINT('',(7.10977906645,5.637640449438,8.8));
#2122 = DIRECTION('',(0.,1.,0.));
#2123 = DIRECTION('',(1.,0.,0.));
#2124 = ADVANCED_FACE('',(#2125),#2143,.F.);
#2125 = FACE_BOUND('',#2126,.F.);
#2126 = EDGE_LOOP('',(#2127,#2135,#2141,#2142));
#2127 = ORIENTED_EDGE('',*,*,#2128,.F.);
#2128 = EDGE_CURVE('',#2129,#2105,#2131,.T.);
#2129 = VERTEX_POINT('',#2130);
#2130 = CARTESIAN_POINT('',(6.469132121225,3.198797401685,8.8));
#2131 = LINE('',#2132,#2133);
#2132 = CARTESIAN_POINT('',(6.469132121225,3.198797401685,8.8));
#2133 = VECTOR('',#2134,1.);
#2134 = DIRECTION('',(0.254065319027,0.967187062397,0.));
#2135 = ORIENTED_EDGE('',*,*,#2136,.T.);
#2136 = EDGE_CURVE('',#2129,#398,#2137,.T.);
#2137 = LINE('',#2138,#2139);
#2138 = CARTESIAN_POINT('',(6.469132121225,3.198797401685,8.8));
#2139 = VECTOR('',#2140,1.);
#2140 = DIRECTION('',(0.,0.,1.));
#2141 = ORIENTED_EDGE('',*,*,#405,.F.);
#2142 = ORIENTED_EDGE('',*,*,#2112,.F.);
#2143 = PLANE('',#2144);
#2144 = AXIS2_PLACEMENT_3D('',#2145,#2146,#2147);
#2145 = CARTESIAN_POINT('',(6.469132121225,3.198797401685,8.8));
#2146 = DIRECTION('',(-0.967187062397,0.254065319027,0.));
#2147 = DIRECTION('',(0.254065319027,0.967187062397,0.));
#2148 = ADVANCED_FACE('',(#2149),#2167,.F.);
#2149 = FACE_BOUND('',#2150,.F.);
#2150 = EDGE_LOOP('',(#2151,#2159,#2165,#2166));
#2151 = ORIENTED_EDGE('',*,*,#2152,.F.);
#2152 = EDGE_CURVE('',#2153,#2129,#2155,.T.);
#2153 = VERTEX_POINT('',#2154);
#2154 = CARTESIAN_POINT('',(5.821177416169,5.637640449438,8.8));
#2155 = LINE('',#2156,#2157);
#2156 = CARTESIAN_POINT('',(5.821177416169,5.637640449438,8.8));
#2157 = VECTOR('',#2158,1.);
#2158 = DIRECTION('',(0.25677333171,-0.966471653036,0.));
#2159 = ORIENTED_EDGE('',*,*,#2160,.T.);
#2160 = EDGE_CURVE('',#2153,#390,#2161,.T.);
#2161 = LINE('',#2162,#2163);
#2162 = CARTESIAN_POINT('',(5.821177416169,5.637640449438,8.8));
#2163 = VECTOR('',#2164,1.);
#2164 = DIRECTION('',(0.,0.,1.));
#2165 = ORIENTED_EDGE('',*,*,#397,.F.);
#2166 = ORIENTED_EDGE('',*,*,#2136,.F.);
#2167 = PLANE('',#2168);
#2168 = AXIS2_PLACEMENT_3D('',#2169,#2170,#2171);
#2169 = CARTESIAN_POINT('',(5.821177416169,5.637640449438,8.8));
#2170 = DIRECTION('',(0.966471653036,0.25677333171,0.));
#2171 = DIRECTION('',(0.25677333171,-0.966471653036,0.));
#2172 = ADVANCED_FACE('',(#2173),#2184,.F.);
#2173 = FACE_BOUND('',#2174,.F.);
#2174 = EDGE_LOOP('',(#2175,#2181,#2182,#2183));
#2175 = ORIENTED_EDGE('',*,*,#2176,.F.);
#2176 = EDGE_CURVE('',#1884,#2153,#2177,.T.);
#2177 = LINE('',#2178,#2179);
#2178 = CARTESIAN_POINT('',(4.742064881057,5.637640449438,8.8));
#2179 = VECTOR('',#2180,1.);
#2180 = DIRECTION('',(1.,0.,0.));
#2181 = ORIENTED_EDGE('',*,*,#1898,.T.);
#2182 = ORIENTED_EDGE('',*,*,#389,.F.);
#2183 = ORIENTED_EDGE('',*,*,#2160,.F.);
#2184 = PLANE('',#2185);
#2185 = AXIS2_PLACEMENT_3D('',#2186,#2187,#2188);
#2186 = CARTESIAN_POINT('',(4.742064881057,5.637640449438,8.8));
#2187 = DIRECTION('',(0.,1.,0.));
#2188 = DIRECTION('',(1.,0.,0.));
#2189 = ADVANCED_FACE('',(#2190),#2215,.F.);
#2190 = FACE_BOUND('',#2191,.F.);
#2191 = EDGE_LOOP('',(#2192,#2202,#2208,#2209));
#2192 = ORIENTED_EDGE('',*,*,#2193,.F.);
#2193 = EDGE_CURVE('',#2194,#2196,#2198,.T.);
#2194 = VERTEX_POINT('',#2195);
#2195 = CARTESIAN_POINT('',(8.906371521682,3.828076720506,8.8));
#2196 = VERTEX_POINT('',#2197);
#2197 = CARTESIAN_POINT('',(9.069578157918,4.745768960674,8.8));
#2198 = B_SPLINE_CURVE_WITH_KNOTS('',2,(#2199,#2200,#2201),
  .UNSPECIFIED.,.F.,.F.,(3,3),(0.,1.),.PIECEWISE_BEZIER_KNOTS.);
#2199 = CARTESIAN_POINT('',(8.906371521682,3.828076720506,8.8));
#2200 = CARTESIAN_POINT('',(8.906371521682,4.374697155899,8.8));
#2201 = CARTESIAN_POINT('',(9.069578157918,4.745768960674,8.8));
#2202 = ORIENTED_EDGE('',*,*,#2203,.T.);
#2203 = EDGE_CURVE('',#2194,#488,#2204,.T.);
#2204 = LINE('',#2205,#2206);
#2205 = CARTESIAN_POINT('',(8.906371521682,3.828076720506,8.8));
#2206 = VECTOR('',#2207,1.);
#2207 = DIRECTION('',(0.,0.,1.));
#2208 = ORIENTED_EDGE('',*,*,#485,.F.);
#2209 = ORIENTED_EDGE('',*,*,#2210,.F.);
#2210 = EDGE_CURVE('',#2196,#486,#2211,.T.);
#2211 = LINE('',#2212,#2213);
#2212 = CARTESIAN_POINT('',(9.069578157918,4.745768960674,8.8));
#2213 = VECTOR('',#2214,1.);
#2214 = DIRECTION('',(0.,0.,1.));
#2215 = SURFACE_OF_LINEAR_EXTRUSION('',#2216,#2220);
#2216 = B_SPLINE_CURVE_WITH_KNOTS('',2,(#2217,#2218,#2219),
  .UNSPECIFIED.,.F.,.F.,(3,3),(0.,1.),.PIECEWISE_BEZIER_KNOTS.);
#2217 = CARTESIAN_POINT('',(8.906371521682,3.828076720506,8.8));
#2218 = CARTESIAN_POINT('',(8.906371521682,4.374697155899,8.8));
#2219 = CARTESIAN_POINT('',(9.069578157918,4.745768960674,8.8));
#2220 = VECTOR('',#2221,1.);
#2221 = DIRECTION('',(-0.,-0.,-1.));
#2222 = ADVANCED_FACE('',(#2223),#2241,.F.);
#2223 = FACE_BOUND('',#2224,.F.);
#2224 = EDGE_LOOP('',(#2225,#2233,#2239,#2240));
#2225 = ORIENTED_EDGE('',*,*,#2226,.F.);
#2226 = EDGE_CURVE('',#2227,#2194,#2229,.T.);
#2227 = VERTEX_POINT('',#2228);
#2228 = CARTESIAN_POINT('',(9.376504070839,2.486859199438,8.8));
#2229 = B_SPLINE_CURVE_WITH_KNOTS('',2,(#2230,#2231,#2232),
  .UNSPECIFIED.,.F.,.F.,(3,3),(0.,1.),.PIECEWISE_BEZIER_KNOTS.);
#2230 = CARTESIAN_POINT('',(9.376504070839,2.486859199438,8.8));
#2231 = CARTESIAN_POINT('',(8.906371521682,2.973880793539,8.8));
#2232 = CARTESIAN_POINT('',(8.906371521682,3.828076720506,8.8));
#2233 = ORIENTED_EDGE('',*,*,#2234,.T.);
#2234 = EDGE_CURVE('',#2227,#631,#2235,.T.);
#2235 = LINE('',#2236,#2237);
#2236 = CARTESIAN_POINT('',(9.376504070839,2.486859199438,8.8));
#2237 = VECTOR('',#2238,1.);
#2238 = DIRECTION('',(0.,0.,1.));
#2239 = ORIENTED_EDGE('',*,*,#653,.F.);
#2240 = ORIENTED_EDGE('',*,*,#2203,.F.);
#2241 = SURFACE_OF_LINEAR_EXTRUSION('',#2242,#2246);
#2242 = B_SPLINE_CURVE_WITH_KNOTS('',2,(#2243,#2244,#2245),
  .UNSPECIFIED.,.F.,.F.,(3,3),(0.,1.),.PIECEWISE_BEZIER_KNOTS.);
#2243 = CARTESIAN_POINT('',(9.376504070839,2.486859199438,8.8));
#2244 = CARTESIAN_POINT('',(8.906371521682,2.973880793539,8.8));
#2245 = CARTESIAN_POINT('',(8.906371521682,3.828076720506,8.8));
#2246 = VECTOR('',#2247,1.);
#2247 = DIRECTION('',(-0.,-0.,-1.));
#2248 = ADVANCED_FACE('',(#2249),#2267,.F.);
#2249 = FACE_BOUND('',#2250,.F.);
#2250 = EDGE_LOOP('',(#2251,#2259,#2265,#2266));
#2251 = ORIENTED_EDGE('',*,*,#2252,.F.);
#2252 = EDGE_CURVE('',#2253,#2227,#2255,.T.);
#2253 = VERTEX_POINT('',#2254);
#2254 = CARTESIAN_POINT('',(10.643182441626,2.,8.8));
#2255 = B_SPLINE_CURVE_WITH_KNOTS('',2,(#2256,#2257,#2258),
  .UNSPECIFIED.,.F.,.F.,(3,3),(0.,1.),.PIECEWISE_BEZIER_KNOTS.);
#2256 = CARTESIAN_POINT('',(10.643182441626,2.,8.8));
#2257 = CARTESIAN_POINT('',(9.846636619996,2.,8.8));
#2258 = CARTESIAN_POINT('',(9.376504070839,2.486859199438,8.8));
#2259 = ORIENTED_EDGE('',*,*,#2260,.T.);
#2260 = EDGE_CURVE('',#2253,#608,#2261,.T.);
#2261 = LINE('',#2262,#2263);
#2262 = CARTESIAN_POINT('',(10.643182441626,2.,8.8));
#2263 = VECTOR('',#2264,1.);
#2264 = DIRECTION('',(0.,0.,1.));
#2265 = ORIENTED_EDGE('',*,*,#630,.F.);
#2266 = ORIENTED_EDGE('',*,*,#2234,.F.);
#2267 = SURFACE_OF_LINEAR_EXTRUSION('',#2268,#2272);
#2268 = B_SPLINE_CURVE_WITH_KNOTS('',2,(#2269,#2270,#2271),
  .UNSPECIFIED.,.F.,.F.,(3,3),(0.,1.),.PIECEWISE_BEZIER_KNOTS.);
#2269 = CARTESIAN_POINT('',(10.643182441626,2.,8.8));
#2270 = CARTESIAN_POINT('',(9.846636619996,2.,8.8));
#2271 = CARTESIAN_POINT('',(9.376504070839,2.486859199438,8.8));
#2272 = VECTOR('',#2273,1.);
#2273 = DIRECTION('',(-0.,-0.,-1.));
#2274 = ADVANCED_FACE('',(#2275),#2293,.F.);
#2275 = FACE_BOUND('',#2276,.F.);
#2276 = EDGE_LOOP('',(#2277,#2285,#2291,#2292));
#2277 = ORIENTED_EDGE('',*,*,#2278,.F.);
#2278 = EDGE_CURVE('',#2279,#2253,#2281,.T.);
#2279 = VERTEX_POINT('',#2280);
#2280 = CARTESIAN_POINT('',(11.900117132637,2.489295119382,8.8));
#2281 = B_SPLINE_CURVE_WITH_KNOTS('',2,(#2282,#2283,#2284),
  .UNSPECIFIED.,.F.,.F.,(3,3),(0.,1.),.PIECEWISE_BEZIER_KNOTS.);
#2282 = CARTESIAN_POINT('',(11.900117132637,2.489295119382,8.8));
#2283 = CARTESIAN_POINT('',(11.42998458348,2.,8.8));
#2284 = CARTESIAN_POINT('',(10.643182441626,2.,8.8));
#2285 = ORIENTED_EDGE('',*,*,#2286,.T.);
#2286 = EDGE_CURVE('',#2279,#585,#2287,.T.);
#2287 = LINE('',#2288,#2289);
#2288 = CARTESIAN_POINT('',(11.900117132637,2.489295119382,8.8));
#2289 = VECTOR('',#2290,1.);
#2290 = DIRECTION('',(0.,0.,1.));
#2291 = ORIENTED_EDGE('',*,*,#607,.F.);
#2292 = ORIENTED_EDGE('',*,*,#2260,.F.);
#2293 = SURFACE_OF_LINEAR_EXTRUSION('',#2294,#2298);
#2294 = B_SPLINE_CURVE_WITH_KNOTS('',2,(#2295,#2296,#2297),
  .UNSPECIFIED.,.F.,.F.,(3,3),(0.,1.),.PIECEWISE_BEZIER_KNOTS.);
#2295 = CARTESIAN_POINT('',(11.900117132637,2.489295119382,8.8));
#2296 = CARTESIAN_POINT('',(11.42998458348,2.,8.8));
#2297 = CARTESIAN_POINT('',(10.643182441626,2.,8.8));
#2298 = VECTOR('',#2299,1.);
#2299 = DIRECTION('',(-0.,-0.,-1.));
#2300 = ADVANCED_FACE('',(#2301),#2319,.F.);
#2301 = FACE_BOUND('',#2302,.F.);
#2302 = EDGE_LOOP('',(#2303,#2311,#2317,#2318));
#2303 = ORIENTED_EDGE('',*,*,#2304,.F.);
#2304 = EDGE_CURVE('',#2305,#2279,#2307,.T.);
#2305 = VERTEX_POINT('',#2306);
#2306 = CARTESIAN_POINT('',(12.370249681794,3.845128160112,8.8));
#2307 = B_SPLINE_CURVE_WITH_KNOTS('',2,(#2308,#2309,#2310),
  .UNSPECIFIED.,.F.,.F.,(3,3),(0.,1.),.PIECEWISE_BEZIER_KNOTS.);
#2308 = CARTESIAN_POINT('',(12.370249681794,3.845128160112,8.8));
#2309 = CARTESIAN_POINT('',(12.370249681794,2.978752633427,8.8));
#2310 = CARTESIAN_POINT('',(11.900117132637,2.489295119382,8.8));
#2311 = ORIENTED_EDGE('',*,*,#2312,.T.);
#2312 = EDGE_CURVE('',#2305,#562,#2313,.T.);
#2313 = LINE('',#2314,#2315);
#2314 = CARTESIAN_POINT('',(12.370249681794,3.845128160112,8.8));
#2315 = VECTOR('',#2316,1.);
#2316 = DIRECTION('',(0.,0.,1.));
#2317 = ORIENTED_EDGE('',*,*,#584,.F.);
#2318 = ORIENTED_EDGE('',*,*,#2286,.F.);
#2319 = SURFACE_OF_LINEAR_EXTRUSION('',#2320,#2324);
#2320 = B_SPLINE_CURVE_WITH_KNOTS('',2,(#2321,#2322,#2323),
  .UNSPECIFIED.,.F.,.F.,(3,3),(0.,1.),.PIECEWISE_BEZIER_KNOTS.);
#2321 = CARTESIAN_POINT('',(12.370249681794,3.845128160112,8.8));
#2322 = CARTESIAN_POINT('',(12.370249681794,2.978752633427,8.8));
#2323 = CARTESIAN_POINT('',(11.900117132637,2.489295119382,8.8));
#2324 = VECTOR('',#2325,1.);
#2325 = DIRECTION('',(-0.,-0.,-1.));
#2326 = ADVANCED_FACE('',(#2327),#2345,.F.);
#2327 = FACE_BOUND('',#2328,.F.);
#2328 = EDGE_LOOP('',(#2329,#2337,#2343,#2344));
#2329 = ORIENTED_EDGE('',*,*,#2330,.F.);
#2330 = EDGE_CURVE('',#2331,#2305,#2333,.T.);
#2331 = VERTEX_POINT('',#2332);
#2332 = CARTESIAN_POINT('',(11.89638205539,5.209405723315,8.8));
#2333 = B_SPLINE_CURVE_WITH_KNOTS('',2,(#2334,#2335,#2336),
  .UNSPECIFIED.,.F.,.F.,(3,3),(0.,1.),.PIECEWISE_BEZIER_KNOTS.);
#2334 = CARTESIAN_POINT('',(11.89638205539,5.209405723315,8.8));
#2335 = CARTESIAN_POINT('',(12.370249681794,4.718811446629,8.8));
#2336 = CARTESIAN_POINT('',(12.370249681794,3.845128160112,8.8));
#2337 = ORIENTED_EDGE('',*,*,#2338,.T.);
#2338 = EDGE_CURVE('',#2331,#539,#2339,.T.);
#2339 = LINE('',#2340,#2341);
#2340 = CARTESIAN_POINT('',(11.89638205539,5.209405723315,8.8));
#2341 = VECTOR('',#2342,1.);
#2342 = DIRECTION('',(0.,0.,1.));
#2343 = ORIENTED_EDGE('',*,*,#561,.F.);
#2344 = ORIENTED_EDGE('',*,*,#2312,.F.);
#2345 = SURFACE_OF_LINEAR_EXTRUSION('',#2346,#2350);
#2346 = B_SPLINE_CURVE_WITH_KNOTS('',2,(#2347,#2348,#2349),
  .UNSPECIFIED.,.F.,.F.,(3,3),(0.,1.),.PIECEWISE_BEZIER_KNOTS.);
#2347 = CARTESIAN_POINT('',(11.89638205539,5.209405723315,8.8));
#2348 = CARTESIAN_POINT('',(12.370249681794,4.718811446629,8.8));
#2349 = CARTESIAN_POINT('',(12.370249681794,3.845128160112,8.8));
#2350 = VECTOR('',#2351,1.);
#2351 = DIRECTION('',(-0.,-0.,-1.));
#2352 = ADVANCED_FACE('',(#2353),#2371,.F.);
#2353 = FACE_BOUND('',#2354,.F.);
#2354 = EDGE_LOOP('',(#2355,#2363,#2369,#2370));
#2355 = ORIENTED_EDGE('',*,*,#2356,.F.);
#2356 = EDGE_CURVE('',#2357,#2331,#2359,.T.);
#2357 = VERTEX_POINT('',#2358);
#2358 = CARTESIAN_POINT('',(10.63343876185,5.7,8.8));
#2359 = B_SPLINE_CURVE_WITH_KNOTS('',2,(#2360,#2361,#2362),
  .UNSPECIFIED.,.F.,.F.,(3,3),(0.,1.),.PIECEWISE_BEZIER_KNOTS.);
#2360 = CARTESIAN_POINT('',(10.63343876185,5.7,8.8));
#2361 = CARTESIAN_POINT('',(11.422676823648,5.7,8.8));
#2362 = CARTESIAN_POINT('',(11.89638205539,5.209405723315,8.8));
#2363 = ORIENTED_EDGE('',*,*,#2364,.T.);
#2364 = EDGE_CURVE('',#2357,#527,#2365,.T.);
#2365 = LINE('',#2366,#2367);
#2366 = CARTESIAN_POINT('',(10.63343876185,5.7,8.8));
#2367 = VECTOR('',#2368,1.);
#2368 = DIRECTION('',(0.,0.,1.));
#2369 = ORIENTED_EDGE('',*,*,#538,.F.);
#2370 = ORIENTED_EDGE('',*,*,#2338,.F.);
#2371 = SURFACE_OF_LINEAR_EXTRUSION('',#2372,#2376);
#2372 = B_SPLINE_CURVE_WITH_KNOTS('',2,(#2373,#2374,#2375),
  .UNSPECIFIED.,.F.,.F.,(3,3),(0.,1.),.PIECEWISE_BEZIER_KNOTS.);
#2373 = CARTESIAN_POINT('',(10.63343876185,5.7,8.8));
#2374 = CARTESIAN_POINT('',(11.422676823648,5.7,8.8));
#2375 = CARTESIAN_POINT('',(11.89638205539,5.209405723315,8.8));
#2376 = VECTOR('',#2377,1.);
#2377 = DIRECTION('',(-0.,-0.,-1.));
#2378 = ADVANCED_FACE('',(#2379),#2397,.F.);
#2379 = FACE_BOUND('',#2380,.F.);
#2380 = EDGE_LOOP('',(#2381,#2389,#2395,#2396));
#2381 = ORIENTED_EDGE('',*,*,#2382,.F.);
#2382 = EDGE_CURVE('',#2383,#2357,#2385,.T.);
#2383 = VERTEX_POINT('',#2384);
#2384 = CARTESIAN_POINT('',(9.863688059603,5.558391853933,8.8));
#2385 = B_SPLINE_CURVE_WITH_KNOTS('',2,(#2386,#2387,#2388),
  .UNSPECIFIED.,.F.,.F.,(3,3),(0.,1.),.PIECEWISE_BEZIER_KNOTS.);
#2386 = CARTESIAN_POINT('',(9.863688059603,5.558391853933,8.8));
#2387 = CARTESIAN_POINT('',(10.197409091907,5.7,8.8));
#2388 = CARTESIAN_POINT('',(10.63343876185,5.7,8.8));
#2389 = ORIENTED_EDGE('',*,*,#2390,.T.);
#2390 = EDGE_CURVE('',#2383,#516,#2391,.T.);
#2391 = LINE('',#2392,#2393);
#2392 = CARTESIAN_POINT('',(9.863688059603,5.558391853933,8.8));
#2393 = VECTOR('',#2394,1.);
#2394 = DIRECTION('',(0.,0.,1.));
#2395 = ORIENTED_EDGE('',*,*,#526,.F.);
#2396 = ORIENTED_EDGE('',*,*,#2364,.F.);
#2397 = SURFACE_OF_LINEAR_EXTRUSION('',#2398,#2402);
#2398 = B_SPLINE_CURVE_WITH_KNOTS('',2,(#2399,#2400,#2401),
  .UNSPECIFIED.,.F.,.F.,(3,3),(0.,1.),.PIECEWISE_BEZIER_KNOTS.);
#2399 = CARTESIAN_POINT('',(9.863688059603,5.558391853933,8.8));
#2400 = CARTESIAN_POINT('',(10.197409091907,5.7,8.8));
#2401 = CARTESIAN_POINT('',(10.63343876185,5.7,8.8));
#2402 = VECTOR('',#2403,1.);
#2403 = DIRECTION('',(-0.,-0.,-1.));
#2404 = ADVANCED_FACE('',(#2405),#2423,.F.);
#2405 = FACE_BOUND('',#2406,.F.);
#2406 = EDGE_LOOP('',(#2407,#2415,#2421,#2422));
#2407 = ORIENTED_EDGE('',*,*,#2408,.F.);
#2408 = EDGE_CURVE('',#2409,#2383,#2411,.T.);
#2409 = VERTEX_POINT('',#2410);
#2410 = CARTESIAN_POINT('',(9.402000032918,5.236200842697,8.8));
#2411 = B_SPLINE_CURVE_WITH_KNOTS('',2,(#2412,#2413,#2414),
  .UNSPECIFIED.,.F.,.F.,(3,3),(0.,1.),.PIECEWISE_BEZIER_KNOTS.);
#2412 = CARTESIAN_POINT('',(9.402000032918,5.236200842697,8.8));
#2413 = CARTESIAN_POINT('',(9.61278830539,5.453484901685,8.8));
#2414 = CARTESIAN_POINT('',(9.863688059603,5.558391853933,8.8));
#2415 = ORIENTED_EDGE('',*,*,#2416,.T.);
#2416 = EDGE_CURVE('',#2409,#503,#2417,.T.);
#2417 = LINE('',#2418,#2419);
#2418 = CARTESIAN_POINT('',(9.402000032918,5.236200842697,8.8));
#2419 = VECTOR('',#2420,1.);
#2420 = DIRECTION('',(0.,0.,1.));
#2421 = ORIENTED_EDGE('',*,*,#515,.F.);
#2422 = ORIENTED_EDGE('',*,*,#2390,.F.);
#2423 = SURFACE_OF_LINEAR_EXTRUSION('',#2424,#2428);
#2424 = B_SPLINE_CURVE_WITH_KNOTS('',2,(#2425,#2426,#2427),
  .UNSPECIFIED.,.F.,.F.,(3,3),(0.,1.),.PIECEWISE_BEZIER_KNOTS.);
#2425 = CARTESIAN_POINT('',(9.402000032918,5.236200842697,8.8));
#2426 = CARTESIAN_POINT('',(9.61278830539,5.453484901685,8.8));
#2427 = CARTESIAN_POINT('',(9.863688059603,5.558391853933,8.8));
#2428 = VECTOR('',#2429,1.);
#2429 = DIRECTION('',(-0.,-0.,-1.));
#2430 = ADVANCED_FACE('',(#2431),#2442,.F.);
#2431 = FACE_BOUND('',#2432,.F.);
#2432 = EDGE_LOOP('',(#2433,#2439,#2440,#2441));
#2433 = ORIENTED_EDGE('',*,*,#2434,.F.);
#2434 = EDGE_CURVE('',#2196,#2409,#2435,.T.);
#2435 = B_SPLINE_CURVE_WITH_KNOTS('',2,(#2436,#2437,#2438),
  .UNSPECIFIED.,.F.,.F.,(3,3),(0.,1.),.PIECEWISE_BEZIER_KNOTS.);
#2436 = CARTESIAN_POINT('',(9.069578157918,4.745768960674,8.8));
#2437 = CARTESIAN_POINT('',(9.191374155109,5.019079178371,8.8));
#2438 = CARTESIAN_POINT('',(9.402000032918,5.236200842697,8.8));
#2439 = ORIENTED_EDGE('',*,*,#2210,.T.);
#2440 = ORIENTED_EDGE('',*,*,#502,.F.);
#2441 = ORIENTED_EDGE('',*,*,#2416,.F.);
#2442 = SURFACE_OF_LINEAR_EXTRUSION('',#2443,#2447);
#2443 = B_SPLINE_CURVE_WITH_KNOTS('',2,(#2444,#2445,#2446),
  .UNSPECIFIED.,.F.,.F.,(3,3),(0.,1.),.PIECEWISE_BEZIER_KNOTS.);
#2444 = CARTESIAN_POINT('',(9.069578157918,4.745768960674,8.8));
#2445 = CARTESIAN_POINT('',(9.191374155109,5.019079178371,8.8));
#2446 = CARTESIAN_POINT('',(9.402000032918,5.236200842697,8.8));
#2447 = VECTOR('',#2448,1.);
#2448 = DIRECTION('',(-0.,-0.,-1.));
#2449 = ADVANCED_FACE('',(#2450),#2475,.F.);
#2450 = FACE_BOUND('',#2451,.F.);
#2451 = EDGE_LOOP('',(#2452,#2462,#2468,#2469));
#2452 = ORIENTED_EDGE('',*,*,#2453,.F.);
#2453 = EDGE_CURVE('',#2454,#2456,#2458,.T.);
#2454 = VERTEX_POINT('',#2455);
#2455 = CARTESIAN_POINT('',(13.983660957251,2.062359550562,8.8));
#2456 = VERTEX_POINT('',#2457);
#2457 = CARTESIAN_POINT('',(12.707238906689,5.637640449438,8.8));
#2458 = LINE('',#2459,#2460);
#2459 = CARTESIAN_POINT('',(13.983660957251,2.062359550562,8.8));
#2460 = VECTOR('',#2461,1.);
#2461 = DIRECTION('',(-0.336228000311,0.941780617664,0.));
#2462 = ORIENTED_EDGE('',*,*,#2463,.T.);
#2463 = EDGE_CURVE('',#2454,#679,#2464,.T.);
#2464 = LINE('',#2465,#2466);
#2465 = CARTESIAN_POINT('',(13.983660957251,2.062359550562,8.8));
#2466 = VECTOR('',#2467,1.);
#2467 = DIRECTION('',(0.,0.,1.));
#2468 = ORIENTED_EDGE('',*,*,#676,.F.);
#2469 = ORIENTED_EDGE('',*,*,#2470,.F.);
#2470 = EDGE_CURVE('',#2456,#677,#2471,.T.);
#2471 = LINE('',#2472,#2473);
#2472 = CARTESIAN_POINT('',(12.707238906689,5.637640449438,8.8));
#2473 = VECTOR('',#2474,1.);
#2474 = DIRECTION('',(0.,0.,1.));
#2475 = PLANE('',#2476);
#2476 = AXIS2_PLACEMENT_3D('',#2477,#2478,#2479);
#2477 = CARTESIAN_POINT('',(13.983660957251,2.062359550562,8.8));
#2478 = DIRECTION('',(-0.941780617664,-0.336228000311,0.));
#2479 = DIRECTION('',(-0.336228000311,0.941780617664,0.));
#2480 = ADVANCED_FACE('',(#2481),#2499,.F.);
#2481 = FACE_BOUND('',#2482,.F.);
#2482 = EDGE_LOOP('',(#2483,#2491,#2497,#2498));
#2483 = ORIENTED_EDGE('',*,*,#2484,.F.);
#2484 = EDGE_CURVE('',#2485,#2454,#2487,.T.);
#2485 = VERTEX_POINT('',#2486);
#2486 = CARTESIAN_POINT('',(14.753411659498,2.062359550562,8.8));
#2487 = LINE('',#2488,#2489);
#2488 = CARTESIAN_POINT('',(14.753411659498,2.062359550562,8.8));
#2489 = VECTOR('',#2490,1.);
#2490 = DIRECTION('',(-1.,0.,0.));
#2491 = ORIENTED_EDGE('',*,*,#2492,.T.);
#2492 = EDGE_CURVE('',#2485,#719,#2493,.T.);
#2493 = LINE('',#2494,#2495);
#2494 = CARTESIAN_POINT('',(14.753411659498,2.062359550562,8.8));
#2495 = VECTOR('',#2496,1.);
#2496 = DIRECTION('',(0.,0.,1.));
#2497 = ORIENTED_EDGE('',*,*,#726,.F.);
#2498 = ORIENTED_EDGE('',*,*,#2463,.F.);
#2499 = PLANE('',#2500);
#2500 = AXIS2_PLACEMENT_3D('',#2501,#2502,#2503);
#2501 = CARTESIAN_POINT('',(14.753411659498,2.062359550562,8.8));
#2502 = DIRECTION('',(0.,-1.,0.));
#2503 = DIRECTION('',(-1.,0.,0.));
#2504 = ADVANCED_FACE('',(#2505),#2523,.F.);
#2505 = FACE_BOUND('',#2506,.F.);
#2506 = EDGE_LOOP('',(#2507,#2515,#2521,#2522));
#2507 = ORIENTED_EDGE('',*,*,#2508,.F.);
#2508 = EDGE_CURVE('',#2509,#2485,#2511,.T.);
#2509 = VERTEX_POINT('',#2510);
#2510 = CARTESIAN_POINT('',(16.032269630004,5.637640449438,8.8));
#2511 = LINE('',#2512,#2513);
#2512 = CARTESIAN_POINT('',(16.032269630004,5.637640449438,8.8));
#2513 = VECTOR('',#2514,1.);
#2514 = DIRECTION('',(-0.336796933778,-0.941577307181,0.));
#2515 = ORIENTED_EDGE('',*,*,#2516,.T.);
#2516 = EDGE_CURVE('',#2509,#711,#2517,.T.);
#2517 = LINE('',#2518,#2519);
#2518 = CARTESIAN_POINT('',(16.032269630004,5.637640449438,8.8));
#2519 = VECTOR('',#2520,1.);
#2520 = DIRECTION('',(0.,0.,1.));
#2521 = ORIENTED_EDGE('',*,*,#718,.F.);
#2522 = ORIENTED_EDGE('',*,*,#2492,.F.);
#2523 = PLANE('',#2524);
#2524 = AXIS2_PLACEMENT_3D('',#2525,#2526,#2527);
#2525 = CARTESIAN_POINT('',(16.032269630004,5.637640449438,8.8));
#2526 = DIRECTION('',(0.941577307181,-0.336796933778,0.));
#2527 = DIRECTION('',(-0.336796933778,-0.941577307181,0.));
#2528 = ADVANCED_FACE('',(#2529),#2547,.F.);
#2529 = FACE_BOUND('',#2530,.F.);
#2530 = EDGE_LOOP('',(#2531,#2539,#2545,#2546));
#2531 = ORIENTED_EDGE('',*,*,#2532,.F.);
#2532 = EDGE_CURVE('',#2533,#2509,#2535,.T.);
#2533 = VERTEX_POINT('',#2534);
#2534 = CARTESIAN_POINT('',(15.267390767644,5.637640449438,8.8));
#2535 = LINE('',#2536,#2537);
#2536 = CARTESIAN_POINT('',(15.267390767644,5.637640449438,8.8));
#2537 = VECTOR('',#2538,1.);
#2538 = DIRECTION('',(1.,0.,0.));
#2539 = ORIENTED_EDGE('',*,*,#2540,.T.);
#2540 = EDGE_CURVE('',#2533,#703,#2541,.T.);
#2541 = LINE('',#2542,#2543);
#2542 = CARTESIAN_POINT('',(15.267390767644,5.637640449438,8.8));
#2543 = VECTOR('',#2544,1.);
#2544 = DIRECTION('',(0.,0.,1.));
#2545 = ORIENTED_EDGE('',*,*,#710,.F.);
#2546 = ORIENTED_EDGE('',*,*,#2516,.F.);
#2547 = PLANE('',#2548);
#2548 = AXIS2_PLACEMENT_3D('',#2549,#2550,#2551);
#2549 = CARTESIAN_POINT('',(15.267390767644,5.637640449438,8.8));
#2550 = DIRECTION('',(0.,1.,0.));
#2551 = DIRECTION('',(1.,0.,0.));
#2552 = ADVANCED_FACE('',(#2553),#2571,.F.);
#2553 = FACE_BOUND('',#2554,.F.);
#2554 = EDGE_LOOP('',(#2555,#2563,#2569,#2570));
#2555 = ORIENTED_EDGE('',*,*,#2556,.F.);
#2556 = EDGE_CURVE('',#2557,#2533,#2559,.T.);
#2557 = VERTEX_POINT('',#2558);
#2558 = CARTESIAN_POINT('',(14.392895507813,2.987359550562,8.8));
#2559 = LINE('',#2560,#2561);
#2560 = CARTESIAN_POINT('',(14.392895507813,2.987359550562,8.8));
#2561 = VECTOR('',#2562,1.);
#2562 = DIRECTION('',(0.313345969497,0.949639038477,0.));
#2563 = ORIENTED_EDGE('',*,*,#2564,.T.);
#2564 = EDGE_CURVE('',#2557,#695,#2565,.T.);
#2565 = LINE('',#2566,#2567);
#2566 = CARTESIAN_POINT('',(14.392895507813,2.987359550562,8.8));
#2567 = VECTOR('',#2568,1.);
#2568 = DIRECTION('',(0.,0.,1.));
#2569 = ORIENTED_EDGE('',*,*,#702,.F.);
#2570 = ORIENTED_EDGE('',*,*,#2540,.F.);
#2571 = PLANE('',#2572);
#2572 = AXIS2_PLACEMENT_3D('',#2573,#2574,#2575);
#2573 = CARTESIAN_POINT('',(14.392895507813,2.987359550562,8.8));
#2574 = DIRECTION('',(-0.949639038477,0.313345969497,0.));
#2575 = DIRECTION('',(0.313345969497,0.949639038477,0.));
#2576 = ADVANCED_FACE('',(#2577),#2595,.F.);
#2577 = FACE_BOUND('',#2578,.F.);
#2578 = EDGE_LOOP('',(#2579,#2587,#2593,#2594));
#2579 = ORIENTED_EDGE('',*,*,#2580,.F.);
#2580 = EDGE_CURVE('',#2581,#2557,#2583,.T.);
#2581 = VERTEX_POINT('',#2582);
#2582 = CARTESIAN_POINT('',(13.489169208655,5.637640449438,8.8));
#2583 = LINE('',#2584,#2585);
#2584 = CARTESIAN_POINT('',(13.489169208655,5.637640449438,8.8));
#2585 = VECTOR('',#2586,1.);
#2586 = DIRECTION('',(0.322744777432,-0.946486031931,0.));
#2587 = ORIENTED_EDGE('',*,*,#2588,.T.);
#2588 = EDGE_CURVE('',#2581,#687,#2589,.T.);
#2589 = LINE('',#2590,#2591);
#2590 = CARTESIAN_POINT('',(13.489169208655,5.637640449438,8.8));
#2591 = VECTOR('',#2592,1.);
#2592 = DIRECTION('',(0.,0.,1.));
#2593 = ORIENTED_EDGE('',*,*,#694,.F.);
#2594 = ORIENTED_EDGE('',*,*,#2564,.F.);
#2595 = PLANE('',#2596);
#2596 = AXIS2_PLACEMENT_3D('',#2597,#2598,#2599);
#2597 = CARTESIAN_POINT('',(13.489169208655,5.637640449438,8.8));
#2598 = DIRECTION('',(0.946486031931,0.322744777432,0.));
#2599 = DIRECTION('',(0.322744777432,-0.946486031931,0.));
#2600 = ADVANCED_FACE('',(#2601),#2612,.F.);
#2601 = FACE_BOUND('',#2602,.F.);
#2602 = EDGE_LOOP('',(#2603,#2609,#2610,#2611));
#2603 = ORIENTED_EDGE('',*,*,#2604,.F.);
#2604 = EDGE_CURVE('',#2456,#2581,#2605,.T.);
#2605 = LINE('',#2606,#2607);
#2606 = CARTESIAN_POINT('',(12.707238906689,5.637640449438,8.8));
#2607 = VECTOR('',#2608,1.);
#2608 = DIRECTION('',(1.,0.,0.));
#2609 = ORIENTED_EDGE('',*,*,#2470,.T.);
#2610 = ORIENTED_EDGE('',*,*,#686,.F.);
#2611 = ORIENTED_EDGE('',*,*,#2588,.F.);
#2612 = PLANE('',#2613);
#2613 = AXIS2_PLACEMENT_3D('',#2614,#2615,#2616);
#2614 = CARTESIAN_POINT('',(12.707238906689,5.637640449438,8.8));
#2615 = DIRECTION('',(0.,1.,0.));
#2616 = DIRECTION('',(1.,0.,0.));
#2617 = ADVANCED_FACE('',(#2618),#2643,.F.);
#2618 = FACE_BOUND('',#2619,.F.);
#2619 = EDGE_LOOP('',(#2620,#2630,#2636,#2637));
#2620 = ORIENTED_EDGE('',*,*,#2621,.F.);
#2621 = EDGE_CURVE('',#2622,#2624,#2626,.T.);
#2622 = VERTEX_POINT('',#2623);
#2623 = CARTESIAN_POINT('',(16.541884381584,2.062359550562,8.8));
#2624 = VERTEX_POINT('',#2625);
#2625 = CARTESIAN_POINT('',(16.541884381584,5.637640449438,8.8));
#2626 = LINE('',#2627,#2628);
#2627 = CARTESIAN_POINT('',(16.541884381584,2.062359550562,8.8));
#2628 = VECTOR('',#2629,1.);
#2629 = DIRECTION('',(0.,1.,0.));
#2630 = ORIENTED_EDGE('',*,*,#2631,.T.);
#2631 = EDGE_CURVE('',#2622,#737,#2632,.T.);
#2632 = LINE('',#2633,#2634);
#2633 = CARTESIAN_POINT('',(16.541884381584,2.062359550562,8.8));
#2634 = VECTOR('',#2635,1.);
#2635 = DIRECTION('',(0.,0.,1.));
#2636 = ORIENTED_EDGE('',*,*,#734,.F.);
#2637 = ORIENTED_EDGE('',*,*,#2638,.F.);
#2638 = EDGE_CURVE('',#2624,#735,#2639,.T.);
#2639 = LINE('',#2640,#2641);
#2640 = CARTESIAN_POINT('',(16.541884381584,5.637640449438,8.8));
#2641 = VECTOR('',#2642,1.);
#2642 = DIRECTION('',(0.,0.,1.));
#2643 = PLANE('',#2644);
#2644 = AXIS2_PLACEMENT_3D('',#2645,#2646,#2647);
#2645 = CARTESIAN_POINT('',(16.541884381584,2.062359550562,8.8));
#2646 = DIRECTION('',(-1.,0.,0.));
#2647 = DIRECTION('',(0.,1.,0.));
#2648 = ADVANCED_FACE('',(#2649),#2667,.F.);
#2649 = FACE_BOUND('',#2650,.F.);
#2650 = EDGE_LOOP('',(#2651,#2659,#2665,#2666));
#2651 = ORIENTED_EDGE('',*,*,#2652,.F.);
#2652 = EDGE_CURVE('',#2653,#2622,#2655,.T.);
#2653 = VERTEX_POINT('',#2654);
#2654 = CARTESIAN_POINT('',(19.257935118943,2.062359550562,8.8));
#2655 = LINE('',#2656,#2657);
#2656 = CARTESIAN_POINT('',(19.257935118943,2.062359550562,8.8));
#2657 = VECTOR('',#2658,1.);
#2658 = DIRECTION('',(-1.,0.,0.));
#2659 = ORIENTED_EDGE('',*,*,#2660,.T.);
#2660 = EDGE_CURVE('',#2653,#817,#2661,.T.);
#2661 = LINE('',#2662,#2663);
#2662 = CARTESIAN_POINT('',(19.257935118943,2.062359550562,8.8));
#2663 = VECTOR('',#2664,1.);
#2664 = DIRECTION('',(0.,0.,1.));
#2665 = ORIENTED_EDGE('',*,*,#824,.F.);
#2666 = ORIENTED_EDGE('',*,*,#2631,.F.);
#2667 = PLANE('',#2668);
#2668 = AXIS2_PLACEMENT_3D('',#2669,#2670,#2671);
#2669 = CARTESIAN_POINT('',(19.257935118943,2.062359550562,8.8));
#2670 = DIRECTION('',(0.,-1.,0.));
#2671 = DIRECTION('',(-1.,0.,0.));
#2672 = ADVANCED_FACE('',(#2673),#2691,.F.);
#2673 = FACE_BOUND('',#2674,.F.);
#2674 = EDGE_LOOP('',(#2675,#2683,#2689,#2690));
#2675 = ORIENTED_EDGE('',*,*,#2676,.F.);
#2676 = EDGE_CURVE('',#2677,#2653,#2679,.T.);
#2677 = VERTEX_POINT('',#2678);
#2678 = CARTESIAN_POINT('',(19.257935118943,2.665168539326,8.8));
#2679 = LINE('',#2680,#2681);
#2680 = CARTESIAN_POINT('',(19.257935118943,2.665168539326,8.8));
#2681 = VECTOR('',#2682,1.);
#2682 = DIRECTION('',(0.,-1.,0.));
#2683 = ORIENTED_EDGE('',*,*,#2684,.T.);
#2684 = EDGE_CURVE('',#2677,#809,#2685,.T.);
#2685 = LINE('',#2686,#2687);
#2686 = CARTESIAN_POINT('',(19.257935118943,2.665168539326,8.8));
#2687 = VECTOR('',#2688,1.);
#2688 = DIRECTION('',(0.,0.,1.));
#2689 = ORIENTED_EDGE('',*,*,#816,.F.);
#2690 = ORIENTED_EDGE('',*,*,#2660,.F.);
#2691 = PLANE('',#2692);
#2692 = AXIS2_PLACEMENT_3D('',#2693,#2694,#2695);
#2693 = CARTESIAN_POINT('',(19.257935118943,2.665168539326,8.8));
#2694 = DIRECTION('',(1.,0.,0.));
#2695 = DIRECTION('',(0.,-1.,0.));
#2696 = ADVANCED_FACE('',(#2697),#2715,.F.);
#2697 = FACE_BOUND('',#2698,.F.);
#2698 = EDGE_LOOP('',(#2699,#2707,#2713,#2714));
#2699 = ORIENTED_EDGE('',*,*,#2700,.F.);
#2700 = EDGE_CURVE('',#2701,#2677,#2703,.T.);
#2701 = VERTEX_POINT('',#2702);
#2702 = CARTESIAN_POINT('',(17.262916684954,2.665168539326,8.8));
#2703 = LINE('',#2704,#2705);
#2704 = CARTESIAN_POINT('',(17.262916684954,2.665168539326,8.8));
#2705 = VECTOR('',#2706,1.);
#2706 = DIRECTION('',(1.,0.,0.));
#2707 = ORIENTED_EDGE('',*,*,#2708,.T.);
#2708 = EDGE_CURVE('',#2701,#801,#2709,.T.);
#2709 = LINE('',#2710,#2711);
#2710 = CARTESIAN_POINT('',(17.262916684954,2.665168539326,8.8));
#2711 = VECTOR('',#2712,1.);
#2712 = DIRECTION('',(0.,0.,1.));
#2713 = ORIENTED_EDGE('',*,*,#808,.F.);
#2714 = ORIENTED_EDGE('',*,*,#2684,.F.);
#2715 = PLANE('',#2716);
#2716 = AXIS2_PLACEMENT_3D('',#2717,#2718,#2719);
#2717 = CARTESIAN_POINT('',(17.262916684954,2.665168539326,8.8));
#2718 = DIRECTION('',(0.,1.,0.));
#2719 = DIRECTION('',(1.,0.,0.));
#2720 = ADVANCED_FACE('',(#2721),#2739,.F.);
#2721 = FACE_BOUND('',#2722,.F.);
#2722 = EDGE_LOOP('',(#2723,#2731,#2737,#2738));
#2723 = ORIENTED_EDGE('',*,*,#2724,.F.);
#2724 = EDGE_CURVE('',#2725,#2701,#2727,.T.);
#2725 = VERTEX_POINT('',#2726);
#2726 = CARTESIAN_POINT('',(17.262916684954,3.642134831461,8.8));
#2727 = LINE('',#2728,#2729);
#2728 = CARTESIAN_POINT('',(17.262916684954,3.642134831461,8.8));
#2729 = VECTOR('',#2730,1.);
#2730 = DIRECTION('',(0.,-1.,0.));
#2731 = ORIENTED_EDGE('',*,*,#2732,.T.);
#2732 = EDGE_CURVE('',#2725,#793,#2733,.T.);
#2733 = LINE('',#2734,#2735);
#2734 = CARTESIAN_POINT('',(17.262916684954,3.642134831461,8.8));
#2735 = VECTOR('',#2736,1.);
#2736 = DIRECTION('',(0.,0.,1.));
#2737 = ORIENTED_EDGE('',*,*,#800,.F.);
#2738 = ORIENTED_EDGE('',*,*,#2708,.F.);
#2739 = PLANE('',#2740);
#2740 = AXIS2_PLACEMENT_3D('',#2741,#2742,#2743);
#2741 = CARTESIAN_POINT('',(17.262916684954,3.642134831461,8.8));
#2742 = DIRECTION('',(1.,0.,0.));
#2743 = DIRECTION('',(0.,-1.,0.));
#2744 = ADVANCED_FACE('',(#2745),#2763,.F.);
#2745 = FACE_BOUND('',#2746,.F.);
#2746 = EDGE_LOOP('',(#2747,#2755,#2761,#2762));
#2747 = ORIENTED_EDGE('',*,*,#2748,.F.);
#2748 = EDGE_CURVE('',#2749,#2725,#2751,.T.);
#2749 = VERTEX_POINT('',#2750);
#2750 = CARTESIAN_POINT('',(19.055753763606,3.642134831461,8.8));
#2751 = LINE('',#2752,#2753);
#2752 = CARTESIAN_POINT('',(19.055753763606,3.642134831461,8.8));
#2753 = VECTOR('',#2754,1.);
#2754 = DIRECTION('',(-1.,0.,0.));
#2755 = ORIENTED_EDGE('',*,*,#2756,.T.);
#2756 = EDGE_CURVE('',#2749,#785,#2757,.T.);
#2757 = LINE('',#2758,#2759);
#2758 = CARTESIAN_POINT('',(19.055753763606,3.642134831461,8.8));
#2759 = VECTOR('',#2760,1.);
#2760 = DIRECTION('',(0.,0.,1.));
#2761 = ORIENTED_EDGE('',*,*,#792,.F.);
#2762 = ORIENTED_EDGE('',*,*,#2732,.F.);
#2763 = PLANE('',#2764);
#2764 = AXIS2_PLACEMENT_3D('',#2765,#2766,#2767);
#2765 = CARTESIAN_POINT('',(19.055753763606,3.642134831461,8.8));
#2766 = DIRECTION('',(0.,-1.,0.));
#2767 = DIRECTION('',(-1.,0.,0.));
#2768 = ADVANCED_FACE('',(#2769),#2787,.F.);
#2769 = FACE_BOUND('',#2770,.F.);
#2770 = EDGE_LOOP('',(#2771,#2779,#2785,#2786));
#2771 = ORIENTED_EDGE('',*,*,#2772,.F.);
#2772 = EDGE_CURVE('',#2773,#2749,#2775,.T.);
#2773 = VERTEX_POINT('',#2774);
#2774 = CARTESIAN_POINT('',(19.055753763606,4.244943820225,8.8));
#2775 = LINE('',#2776,#2777);
#2776 = CARTESIAN_POINT('',(19.055753763606,4.244943820225,8.8));
#2777 = VECTOR('',#2778,1.);
#2778 = DIRECTION('',(0.,-1.,0.));
#2779 = ORIENTED_EDGE('',*,*,#2780,.T.);
#2780 = EDGE_CURVE('',#2773,#777,#2781,.T.);
#2781 = LINE('',#2782,#2783);
#2782 = CARTESIAN_POINT('',(19.055753763606,4.244943820225,8.8));
#2783 = VECTOR('',#2784,1.);
#2784 = DIRECTION('',(0.,0.,1.));
#2785 = ORIENTED_EDGE('',*,*,#784,.F.);
#2786 = ORIENTED_EDGE('',*,*,#2756,.F.);
#2787 = PLANE('',#2788);
#2788 = AXIS2_PLACEMENT_3D('',#2789,#2790,#2791);
#2789 = CARTESIAN_POINT('',(19.055753763606,4.244943820225,8.8));
#2790 = DIRECTION('',(1.,0.,0.));
#2791 = DIRECTION('',(0.,-1.,0.));
#2792 = ADVANCED_FACE('',(#2793),#2811,.F.);
#2793 = FACE_BOUND('',#2794,.F.);
#2794 = EDGE_LOOP('',(#2795,#2803,#2809,#2810));
#2795 = ORIENTED_EDGE('',*,*,#2796,.F.);
#2796 = EDGE_CURVE('',#2797,#2773,#2799,.T.);
#2797 = VERTEX_POINT('',#2798);
#2798 = CARTESIAN_POINT('',(17.262916684954,4.244943820225,8.8));
#2799 = LINE('',#2800,#2801);
#2800 = CARTESIAN_POINT('',(17.262916684954,4.244943820225,8.8));
#2801 = VECTOR('',#2802,1.);
#2802 = DIRECTION('',(1.,0.,0.));
#2803 = ORIENTED_EDGE('',*,*,#2804,.T.);
#2804 = EDGE_CURVE('',#2797,#769,#2805,.T.);
#2805 = LINE('',#2806,#2807);
#2806 = CARTESIAN_POINT('',(17.262916684954,4.244943820225,8.8));
#2807 = VECTOR('',#2808,1.);
#2808 = DIRECTION('',(0.,0.,1.));
#2809 = ORIENTED_EDGE('',*,*,#776,.F.);
#2810 = ORIENTED_EDGE('',*,*,#2780,.F.);
#2811 = PLANE('',#2812);
#2812 = AXIS2_PLACEMENT_3D('',#2813,#2814,#2815);
#2813 = CARTESIAN_POINT('',(17.262916684954,4.244943820225,8.8));
#2814 = DIRECTION('',(0.,1.,0.));
#2815 = DIRECTION('',(1.,0.,0.));
#2816 = ADVANCED_FACE('',(#2817),#2835,.F.);
#2817 = FACE_BOUND('',#2818,.F.);
#2818 = EDGE_LOOP('',(#2819,#2827,#2833,#2834));
#2819 = ORIENTED_EDGE('',*,*,#2820,.F.);
#2820 = EDGE_CURVE('',#2821,#2797,#2823,.T.);
#2821 = VERTEX_POINT('',#2822);
#2822 = CARTESIAN_POINT('',(17.262916684954,5.034831460674,8.8));
#2823 = LINE('',#2824,#2825);
#2824 = CARTESIAN_POINT('',(17.262916684954,5.034831460674,8.8));
#2825 = VECTOR('',#2826,1.);
#2826 = DIRECTION('',(0.,-1.,0.));
#2827 = ORIENTED_EDGE('',*,*,#2828,.T.);
#2828 = EDGE_CURVE('',#2821,#761,#2829,.T.);
#2829 = LINE('',#2830,#2831);
#2830 = CARTESIAN_POINT('',(17.262916684954,5.034831460674,8.8));
#2831 = VECTOR('',#2832,1.);
#2832 = DIRECTION('',(0.,0.,1.));
#2833 = ORIENTED_EDGE('',*,*,#768,.F.);
#2834 = ORIENTED_EDGE('',*,*,#2804,.F.);
#2835 = PLANE('',#2836);
#2836 = AXIS2_PLACEMENT_3D('',#2837,#2838,#2839);
#2837 = CARTESIAN_POINT('',(17.262916684954,5.034831460674,8.8));
#2838 = DIRECTION('',(1.,0.,0.));
#2839 = DIRECTION('',(0.,-1.,0.));
#2840 = ADVANCED_FACE('',(#2841),#2859,.F.);
#2841 = FACE_BOUND('',#2842,.F.);
#2842 = EDGE_LOOP('',(#2843,#2851,#2857,#2858));
#2843 = ORIENTED_EDGE('',*,*,#2844,.F.);
#2844 = EDGE_CURVE('',#2845,#2821,#2847,.T.);
#2845 = VERTEX_POINT('',#2846);
#2846 = CARTESIAN_POINT('',(19.189729360516,5.034831460674,8.8));
#2847 = LINE('',#2848,#2849);
#2848 = CARTESIAN_POINT('',(19.189729360516,5.034831460674,8.8));
#2849 = VECTOR('',#2850,1.);
#2850 = DIRECTION('',(-1.,0.,0.));
#2851 = ORIENTED_EDGE('',*,*,#2852,.T.);
#2852 = EDGE_CURVE('',#2845,#753,#2853,.T.);
#2853 = LINE('',#2854,#2855);
#2854 = CARTESIAN_POINT('',(19.189729360516,5.034831460674,8.8));
#2855 = VECTOR('',#2856,1.);
#2856 = DIRECTION('',(0.,0.,1.));
#2857 = ORIENTED_EDGE('',*,*,#760,.F.);
#2858 = ORIENTED_EDGE('',*,*,#2828,.F.);
#2859 = PLANE('',#2860);
#2860 = AXIS2_PLACEMENT_3D('',#2861,#2862,#2863);
#2861 = CARTESIAN_POINT('',(19.189729360516,5.034831460674,8.8));
#2862 = DIRECTION('',(0.,-1.,0.));
#2863 = DIRECTION('',(-1.,0.,0.));
#2864 = ADVANCED_FACE('',(#2865),#2883,.F.);
#2865 = FACE_BOUND('',#2866,.F.);
#2866 = EDGE_LOOP('',(#2867,#2875,#2881,#2882));
#2867 = ORIENTED_EDGE('',*,*,#2868,.F.);
#2868 = EDGE_CURVE('',#2869,#2845,#2871,.T.);
#2869 = VERTEX_POINT('',#2870);
#2870 = CARTESIAN_POINT('',(19.189729360516,5.637640449438,8.8));
#2871 = LINE('',#2872,#2873);
#2872 = CARTESIAN_POINT('',(19.189729360516,5.637640449438,8.8));
#2873 = VECTOR('',#2874,1.);
#2874 = DIRECTION('',(0.,-1.,0.));
#2875 = ORIENTED_EDGE('',*,*,#2876,.T.);
#2876 = EDGE_CURVE('',#2869,#745,#2877,.T.);
#2877 = LINE('',#2878,#2879);
#2878 = CARTESIAN_POINT('',(19.189729360516,5.637640449438,8.8));
#2879 = VECTOR('',#2880,1.);
#2880 = DIRECTION('',(0.,0.,1.));
#2881 = ORIENTED_EDGE('',*,*,#752,.F.);
#2882 = ORIENTED_EDGE('',*,*,#2852,.F.);
#2883 = PLANE('',#2884);
#2884 = AXIS2_PLACEMENT_3D('',#2885,#2886,#2887);
#2885 = CARTESIAN_POINT('',(19.189729360516,5.637640449438,8.8));
#2886 = DIRECTION('',(1.,0.,0.));
#2887 = DIRECTION('',(0.,-1.,0.));
#2888 = ADVANCED_FACE('',(#2889),#2900,.F.);
#2889 = FACE_BOUND('',#2890,.F.);
#2890 = EDGE_LOOP('',(#2891,#2897,#2898,#2899));
#2891 = ORIENTED_EDGE('',*,*,#2892,.F.);
#2892 = EDGE_CURVE('',#2624,#2869,#2893,.T.);
#2893 = LINE('',#2894,#2895);
#2894 = CARTESIAN_POINT('',(16.541884381584,5.637640449438,8.8));
#2895 = VECTOR('',#2896,1.);
#2896 = DIRECTION('',(1.,0.,0.));
#2897 = ORIENTED_EDGE('',*,*,#2638,.T.);
#2898 = ORIENTED_EDGE('',*,*,#744,.F.);
#2899 = ORIENTED_EDGE('',*,*,#2876,.F.);
#2900 = PLANE('',#2901);
#2901 = AXIS2_PLACEMENT_3D('',#2902,#2903,#2904);
#2902 = CARTESIAN_POINT('',(16.541884381584,5.637640449438,8.8));
#2903 = DIRECTION('',(0.,1.,0.));
#2904 = DIRECTION('',(1.,0.,0.));
#2905 = ADVANCED_FACE('',(#2906),#2931,.F.);
#2906 = FACE_BOUND('',#2907,.F.);
#2907 = EDGE_LOOP('',(#2908,#2918,#2924,#2925));
#2908 = ORIENTED_EDGE('',*,*,#2909,.F.);
#2909 = EDGE_CURVE('',#2910,#2912,#2914,.T.);
#2910 = VERTEX_POINT('',#2911);
#2911 = CARTESIAN_POINT('',(5.514819884568,8.062359550562,8.8));
#2912 = VERTEX_POINT('',#2913);
#2913 = CARTESIAN_POINT('',(5.514819884568,11.606460674157,8.8));
#2914 = LINE('',#2915,#2916);
#2915 = CARTESIAN_POINT('',(5.514819884568,8.062359550562,8.8));
#2916 = VECTOR('',#2917,1.);
#2917 = DIRECTION('',(0.,1.,0.));
#2918 = ORIENTED_EDGE('',*,*,#2919,.T.);
#2919 = EDGE_CURVE('',#2910,#835,#2920,.T.);
#2920 = LINE('',#2921,#2922);
#2921 = CARTESIAN_POINT('',(5.514819884568,8.062359550562,8.8));
#2922 = VECTOR('',#2923,1.);
#2923 = DIRECTION('',(0.,0.,1.));
#2924 = ORIENTED_EDGE('',*,*,#832,.F.);
#2925 = ORIENTED_EDGE('',*,*,#2926,.F.);
#2926 = EDGE_CURVE('',#2912,#833,#2927,.T.);
#2927 = LINE('',#2928,#2929);
#2928 = CARTESIAN_POINT('',(5.514819884568,11.606460674157,8.8));
#2929 = VECTOR('',#2930,1.);
#2930 = DIRECTION('',(0.,0.,1.));
#2931 = PLANE('',#2932);
#2932 = AXIS2_PLACEMENT_3D('',#2933,#2934,#2935);
#2933 = CARTESIAN_POINT('',(5.514819884568,8.062359550562,8.8));
#2934 = DIRECTION('',(-1.,0.,0.));
#2935 = DIRECTION('',(0.,1.,0.));
#2936 = ADVANCED_FACE('',(#2937),#2955,.F.);
#2937 = FACE_BOUND('',#2938,.F.);
#2938 = EDGE_LOOP('',(#2939,#2947,#2953,#2954));
#2939 = ORIENTED_EDGE('',*,*,#2940,.F.);
#2940 = EDGE_CURVE('',#2941,#2910,#2943,.T.);
#2941 = VERTEX_POINT('',#2942);
#2942 = CARTESIAN_POINT('',(8.028689266591,8.062359550562,8.8));
#2943 = LINE('',#2944,#2945);
#2944 = CARTESIAN_POINT('',(8.028689266591,8.062359550562,8.8));
#2945 = VECTOR('',#2946,1.);
#2946 = DIRECTION('',(-1.,0.,0.));
#2947 = ORIENTED_EDGE('',*,*,#2948,.T.);
#2948 = EDGE_CURVE('',#2941,#867,#2949,.T.);
#2949 = LINE('',#2950,#2951);
#2950 = CARTESIAN_POINT('',(8.028689266591,8.062359550562,8.8));
#2951 = VECTOR('',#2952,1.);
#2952 = DIRECTION('',(0.,0.,1.));
#2953 = ORIENTED_EDGE('',*,*,#874,.F.);
#2954 = ORIENTED_EDGE('',*,*,#2919,.F.);
#2955 = PLANE('',#2956);
#2956 = AXIS2_PLACEMENT_3D('',#2957,#2958,#2959);
#2957 = CARTESIAN_POINT('',(8.028689266591,8.062359550562,8.8));
#2958 = DIRECTION('',(0.,-1.,0.));
#2959 = DIRECTION('',(-1.,0.,0.));
#2960 = ADVANCED_FACE('',(#2961),#2979,.F.);
#2961 = FACE_BOUND('',#2962,.F.);
#2962 = EDGE_LOOP('',(#2963,#2971,#2977,#2978));
#2963 = ORIENTED_EDGE('',*,*,#2964,.F.);
#2964 = EDGE_CURVE('',#2965,#2941,#2967,.T.);
#2965 = VERTEX_POINT('',#2966);
#2966 = CARTESIAN_POINT('',(8.028689266591,8.665168539326,8.8));
#2967 = LINE('',#2968,#2969);
#2968 = CARTESIAN_POINT('',(8.028689266591,8.665168539326,8.8));
#2969 = VECTOR('',#2970,1.);
#2970 = DIRECTION('',(0.,-1.,0.));
#2971 = ORIENTED_EDGE('',*,*,#2972,.T.);
#2972 = EDGE_CURVE('',#2965,#859,#2973,.T.);
#2973 = LINE('',#2974,#2975);
#2974 = CARTESIAN_POINT('',(8.028689266591,8.665168539326,8.8));
#2975 = VECTOR('',#2976,1.);
#2976 = DIRECTION('',(0.,0.,1.));
#2977 = ORIENTED_EDGE('',*,*,#866,.F.);
#2978 = ORIENTED_EDGE('',*,*,#2948,.F.);
#2979 = PLANE('',#2980);
#2980 = AXIS2_PLACEMENT_3D('',#2981,#2982,#2983);
#2981 = CARTESIAN_POINT('',(8.028689266591,8.665168539326,8.8));
#2982 = DIRECTION('',(1.,0.,0.));
#2983 = DIRECTION('',(0.,-1.,0.));
#2984 = ADVANCED_FACE('',(#2985),#3003,.F.);
#2985 = FACE_BOUND('',#2986,.F.);
#2986 = EDGE_LOOP('',(#2987,#2995,#3001,#3002));
#2987 = ORIENTED_EDGE('',*,*,#2988,.F.);
#2988 = EDGE_CURVE('',#2989,#2965,#2991,.T.);
#2989 = VERTEX_POINT('',#2990);
#2990 = CARTESIAN_POINT('',(6.235852187939,8.665168539326,8.8));
#2991 = LINE('',#2992,#2993);
#2992 = CARTESIAN_POINT('',(6.235852187939,8.665168539326,8.8));
#2993 = VECTOR('',#2994,1.);
#2994 = DIRECTION('',(1.,0.,0.));
#2995 = ORIENTED_EDGE('',*,*,#2996,.T.);
#2996 = EDGE_CURVE('',#2989,#851,#2997,.T.);
#2997 = LINE('',#2998,#2999);
#2998 = CARTESIAN_POINT('',(6.235852187939,8.665168539326,8.8));
#2999 = VECTOR('',#3000,1.);
#3000 = DIRECTION('',(0.,0.,1.));
#3001 = ORIENTED_EDGE('',*,*,#858,.F.);
#3002 = ORIENTED_EDGE('',*,*,#2972,.F.);
#3003 = PLANE('',#3004);
#3004 = AXIS2_PLACEMENT_3D('',#3005,#3006,#3007);
#3005 = CARTESIAN_POINT('',(6.235852187939,8.665168539326,8.8));
#3006 = DIRECTION('',(0.,1.,0.));
#3007 = DIRECTION('',(1.,0.,0.));
#3008 = ADVANCED_FACE('',(#3009),#3027,.F.);
#3009 = FACE_BOUND('',#3010,.F.);
#3010 = EDGE_LOOP('',(#3011,#3019,#3025,#3026));
#3011 = ORIENTED_EDGE('',*,*,#3012,.F.);
#3012 = EDGE_CURVE('',#3013,#2989,#3015,.T.);
#3013 = VERTEX_POINT('',#3014);
#3014 = CARTESIAN_POINT('',(6.235852187939,11.606460674157,8.8));
#3015 = LINE('',#3016,#3017);
#3016 = CARTESIAN_POINT('',(6.235852187939,11.606460674157,8.8));
#3017 = VECTOR('',#3018,1.);
#3018 = DIRECTION('',(0.,-1.,0.));
#3019 = ORIENTED_EDGE('',*,*,#3020,.T.);
#3020 = EDGE_CURVE('',#3013,#843,#3021,.T.);
#3021 = LINE('',#3022,#3023);
#3022 = CARTESIAN_POINT('',(6.235852187939,11.606460674157,8.8));
#3023 = VECTOR('',#3024,1.);
#3024 = DIRECTION('',(0.,0.,1.));
#3025 = ORIENTED_EDGE('',*,*,#850,.F.);
#3026 = ORIENTED_EDGE('',*,*,#2996,.F.);
#3027 = PLANE('',#3028);
#3028 = AXIS2_PLACEMENT_3D('',#3029,#3030,#3031);
#3029 = CARTESIAN_POINT('',(6.235852187939,11.606460674157,8.8));
#3030 = DIRECTION('',(1.,0.,0.));
#3031 = DIRECTION('',(0.,-1.,0.));
#3032 = ADVANCED_FACE('',(#3033),#3044,.F.);
#3033 = FACE_BOUND('',#3034,.F.);
#3034 = EDGE_LOOP('',(#3035,#3041,#3042,#3043));
#3035 = ORIENTED_EDGE('',*,*,#3036,.F.);
#3036 = EDGE_CURVE('',#2912,#3013,#3037,.T.);
#3037 = LINE('',#3038,#3039);
#3038 = CARTESIAN_POINT('',(5.514819884568,11.606460674157,8.8));
#3039 = VECTOR('',#3040,1.);
#3040 = DIRECTION('',(1.,0.,0.));
#3041 = ORIENTED_EDGE('',*,*,#2926,.T.);
#3042 = ORIENTED_EDGE('',*,*,#842,.F.);
#3043 = ORIENTED_EDGE('',*,*,#3020,.F.);
#3044 = PLANE('',#3045);
#3045 = AXIS2_PLACEMENT_3D('',#3046,#3047,#3048);
#3046 = CARTESIAN_POINT('',(5.514819884568,11.606460674157,8.8));
#3047 = DIRECTION('',(0.,1.,0.));
#3048 = DIRECTION('',(1.,0.,0.));
#3049 = ADVANCED_FACE('',(#3050),#3075,.F.);
#3050 = FACE_BOUND('',#3051,.F.);
#3051 = EDGE_LOOP('',(#3052,#3062,#3068,#3069));
#3052 = ORIENTED_EDGE('',*,*,#3053,.F.);
#3053 = EDGE_CURVE('',#3054,#3056,#3058,.T.);
#3054 = VERTEX_POINT('',#3055);
#3055 = CARTESIAN_POINT('',(11.904258196541,8.062359550562,8.8));
#3056 = VERTEX_POINT('',#3057);
#3057 = CARTESIAN_POINT('',(11.119891974631,8.062359550562,8.8));
#3058 = LINE('',#3059,#3060);
#3059 = CARTESIAN_POINT('',(11.904258196541,8.062359550562,8.8));
#3060 = VECTOR('',#3061,1.);
#3061 = DIRECTION('',(-1.,0.,0.));
#3062 = ORIENTED_EDGE('',*,*,#3063,.T.);
#3063 = EDGE_CURVE('',#3054,#885,#3064,.T.);
#3064 = LINE('',#3065,#3066);
#3065 = CARTESIAN_POINT('',(11.904258196541,8.062359550562,8.8));
#3066 = VECTOR('',#3067,1.);
#3067 = DIRECTION('',(0.,0.,1.));
#3068 = ORIENTED_EDGE('',*,*,#882,.F.);
#3069 = ORIENTED_EDGE('',*,*,#3070,.F.);
#3070 = EDGE_CURVE('',#3056,#883,#3071,.T.);
#3071 = LINE('',#3072,#3073);
#3072 = CARTESIAN_POINT('',(11.119891974631,8.062359550562,8.8));
#3073 = VECTOR('',#3074,1.);
#3074 = DIRECTION('',(0.,0.,1.));
#3075 = PLANE('',#3076);
#3076 = AXIS2_PLACEMENT_3D('',#3077,#3078,#3079);
#3077 = CARTESIAN_POINT('',(11.904258196541,8.062359550562,8.8));
#3078 = DIRECTION('',(0.,-1.,0.));
#3079 = DIRECTION('',(-1.,0.,0.));
#3080 = ADVANCED_FACE('',(#3081),#3099,.F.);
#3081 = FACE_BOUND('',#3082,.F.);
#3082 = EDGE_LOOP('',(#3083,#3091,#3097,#3098));
#3083 = ORIENTED_EDGE('',*,*,#3084,.F.);
#3084 = EDGE_CURVE('',#3085,#3054,#3087,.T.);
#3085 = VERTEX_POINT('',#3086);
#3086 = CARTESIAN_POINT('',(10.474373189519,11.637640449438,8.8));
#3087 = LINE('',#3088,#3089);
#3088 = CARTESIAN_POINT('',(10.474373189519,11.637640449438,8.8));
#3089 = VECTOR('',#3090,1.);
#3090 = DIRECTION('',(0.371339776455,-0.928497049226,0.));
#3091 = ORIENTED_EDGE('',*,*,#3092,.T.);
#3092 = EDGE_CURVE('',#3085,#933,#3093,.T.);
#3093 = LINE('',#3094,#3095);
#3094 = CARTESIAN_POINT('',(10.474373189519,11.637640449438,8.8));
#3095 = VECTOR('',#3096,1.);
#3096 = DIRECTION('',(0.,0.,1.));
#3097 = ORIENTED_EDGE('',*,*,#940,.F.);
#3098 = ORIENTED_EDGE('',*,*,#3063,.F.);
#3099 = PLANE('',#3100);
#3100 = AXIS2_PLACEMENT_3D('',#3101,#3102,#3103);
#3101 = CARTESIAN_POINT('',(10.474373189519,11.637640449438,8.8));
#3102 = DIRECTION('',(0.928497049226,0.371339776455,0.));
#3103 = DIRECTION('',(0.371339776455,-0.928497049226,0.));
#3104 = ADVANCED_FACE('',(#3105),#3123,.F.);
#3105 = FACE_BOUND('',#3106,.F.);
#3106 = EDGE_LOOP('',(#3107,#3115,#3121,#3122));
#3107 = ORIENTED_EDGE('',*,*,#3108,.F.);
#3108 = EDGE_CURVE('',#3109,#3085,#3111,.T.);
#3109 = VERTEX_POINT('',#3110);
#3110 = CARTESIAN_POINT('',(9.711930247103,11.637640449438,8.8));
#3111 = LINE('',#3112,#3113);
#3112 = CARTESIAN_POINT('',(9.711930247103,11.637640449438,8.8));
#3113 = VECTOR('',#3114,1.);
#3114 = DIRECTION('',(1.,0.,0.));
#3115 = ORIENTED_EDGE('',*,*,#3116,.T.);
#3116 = EDGE_CURVE('',#3109,#925,#3117,.T.);
#3117 = LINE('',#3118,#3119);
#3118 = CARTESIAN_POINT('',(9.711930247103,11.637640449438,8.8));
#3119 = VECTOR('',#3120,1.);
#3120 = DIRECTION('',(0.,0.,1.));
#3121 = ORIENTED_EDGE('',*,*,#932,.F.);
#3122 = ORIENTED_EDGE('',*,*,#3092,.F.);
#3123 = PLANE('',#3124);
#3124 = AXIS2_PLACEMENT_3D('',#3125,#3126,#3127);
#3125 = CARTESIAN_POINT('',(9.711930247103,11.637640449438,8.8));
#3126 = DIRECTION('',(0.,1.,0.));
#3127 = DIRECTION('',(1.,0.,0.));
#3128 = ADVANCED_FACE('',(#3129),#3147,.F.);
#3129 = FACE_BOUND('',#3130,.F.);
#3130 = EDGE_LOOP('',(#3131,#3139,#3145,#3146));
#3131 = ORIENTED_EDGE('',*,*,#3132,.F.);
#3132 = EDGE_CURVE('',#3133,#3109,#3135,.T.);
#3133 = VERTEX_POINT('',#3134);
#3134 = CARTESIAN_POINT('',(8.321019959182,8.062359550562,8.8));
#3135 = LINE('',#3136,#3137);
#3136 = CARTESIAN_POINT('',(8.321019959182,8.062359550562,8.8));
#3137 = VECTOR('',#3138,1.);
#3138 = DIRECTION('',(0.362564739541,0.931958587943,0.));
#3139 = ORIENTED_EDGE('',*,*,#3140,.T.);
#3140 = EDGE_CURVE('',#3133,#917,#3141,.T.);
#3141 = LINE('',#3142,#3143);
#3142 = CARTESIAN_POINT('',(8.321019959182,8.062359550562,8.8));
#3143 = VECTOR('',#3144,1.);
#3144 = DIRECTION('',(0.,0.,1.));
#3145 = ORIENTED_EDGE('',*,*,#924,.F.);
#3146 = ORIENTED_EDGE('',*,*,#3116,.F.);
#3147 = PLANE('',#3148);
#3148 = AXIS2_PLACEMENT_3D('',#3149,#3150,#3151);
#3149 = CARTESIAN_POINT('',(8.321019959182,8.062359550562,8.8));
#3150 = DIRECTION('',(-0.931958587943,0.362564739541,0.));
#3151 = DIRECTION('',(0.362564739541,0.931958587943,0.));
#3152 = ADVANCED_FACE('',(#3153),#3171,.F.);
#3153 = FACE_BOUND('',#3154,.F.);
#3154 = EDGE_LOOP('',(#3155,#3163,#3169,#3170));
#3155 = ORIENTED_EDGE('',*,*,#3156,.F.);
#3156 = EDGE_CURVE('',#3157,#3133,#3159,.T.);
#3157 = VERTEX_POINT('',#3158);
#3158 = CARTESIAN_POINT('',(9.085898821541,8.062359550562,8.8));
#3159 = LINE('',#3160,#3161);
#3160 = CARTESIAN_POINT('',(9.085898821541,8.062359550562,8.8));
#3161 = VECTOR('',#3162,1.);
#3162 = DIRECTION('',(-1.,0.,0.));
#3163 = ORIENTED_EDGE('',*,*,#3164,.T.);
#3164 = EDGE_CURVE('',#3157,#909,#3165,.T.);
#3165 = LINE('',#3166,#3167);
#3166 = CARTESIAN_POINT('',(9.085898821541,8.062359550562,8.8));
#3167 = VECTOR('',#3168,1.);
#3168 = DIRECTION('',(0.,0.,1.));
#3169 = ORIENTED_EDGE('',*,*,#916,.F.);
#3170 = ORIENTED_EDGE('',*,*,#3140,.F.);
#3171 = PLANE('',#3172);
#3172 = AXIS2_PLACEMENT_3D('',#3173,#3174,#3175);
#3173 = CARTESIAN_POINT('',(9.085898821541,8.062359550562,8.8));
#3174 = DIRECTION('',(0.,-1.,0.));
#3175 = DIRECTION('',(-1.,0.,0.));
#3176 = ADVANCED_FACE('',(#3177),#3195,.F.);
#3177 = FACE_BOUND('',#3178,.F.);
#3178 = EDGE_LOOP('',(#3179,#3187,#3193,#3194));
#3179 = ORIENTED_EDGE('',*,*,#3180,.F.);
#3180 = EDGE_CURVE('',#3181,#3157,#3183,.T.);
#3181 = VERTEX_POINT('',#3182);
#3182 = CARTESIAN_POINT('',(9.380645134744,8.873033707865,8.8));
#3183 = LINE('',#3184,#3185);
#3184 = CARTESIAN_POINT('',(9.380645134744,8.873033707865,8.8));
#3185 = VECTOR('',#3186,1.);
#3186 = DIRECTION('',(-0.341697714618,-0.939809912602,0.));
#3187 = ORIENTED_EDGE('',*,*,#3188,.T.);
#3188 = EDGE_CURVE('',#3181,#901,#3189,.T.);
#3189 = LINE('',#3190,#3191);
#3190 = CARTESIAN_POINT('',(9.380645134744,8.873033707865,8.8));
#3191 = VECTOR('',#3192,1.);
#3192 = DIRECTION('',(0.,0.,1.));
#3193 = ORIENTED_EDGE('',*,*,#908,.F.);
#3194 = ORIENTED_EDGE('',*,*,#3164,.F.);
#3195 = PLANE('',#3196);
#3196 = AXIS2_PLACEMENT_3D('',#3197,#3198,#3199);
#3197 = CARTESIAN_POINT('',(9.380645134744,8.873033707865,8.8));
#3198 = DIRECTION('',(0.939809912602,-0.341697714618,0.));
#3199 = DIRECTION('',(-0.341697714618,-0.939809912602,0.));
#3200 = ADVANCED_FACE('',(#3201),#3219,.F.);
#3201 = FACE_BOUND('',#3202,.F.);
#3202 = EDGE_LOOP('',(#3203,#3211,#3217,#3218));
#3203 = ORIENTED_EDGE('',*,*,#3204,.F.);
#3204 = EDGE_CURVE('',#3205,#3181,#3207,.T.);
#3205 = VERTEX_POINT('',#3206);
#3206 = CARTESIAN_POINT('',(10.808094221822,8.873033707865,8.8));
#3207 = LINE('',#3208,#3209);
#3208 = CARTESIAN_POINT('',(10.808094221822,8.873033707865,8.8));
#3209 = VECTOR('',#3210,1.);
#3210 = DIRECTION('',(-1.,0.,0.));
#3211 = ORIENTED_EDGE('',*,*,#3212,.T.);
#3212 = EDGE_CURVE('',#3205,#893,#3213,.T.);
#3213 = LINE('',#3214,#3215);
#3214 = CARTESIAN_POINT('',(10.808094221822,8.873033707865,8.8));
#3215 = VECTOR('',#3216,1.);
#3216 = DIRECTION('',(0.,0.,1.));
#3217 = ORIENTED_EDGE('',*,*,#900,.F.);
#3218 = ORIENTED_EDGE('',*,*,#3188,.F.);
#3219 = PLANE('',#3220);
#3220 = AXIS2_PLACEMENT_3D('',#3221,#3222,#3223);
#3221 = CARTESIAN_POINT('',(10.808094221822,8.873033707865,8.8));
#3222 = DIRECTION('',(0.,-1.,0.));
#3223 = DIRECTION('',(-1.,0.,0.));
#3224 = ADVANCED_FACE('',(#3225),#3236,.F.);
#3225 = FACE_BOUND('',#3226,.F.);
#3226 = EDGE_LOOP('',(#3227,#3233,#3234,#3235));
#3227 = ORIENTED_EDGE('',*,*,#3228,.F.);
#3228 = EDGE_CURVE('',#3056,#3205,#3229,.T.);
#3229 = LINE('',#3230,#3231);
#3230 = CARTESIAN_POINT('',(11.119891974631,8.062359550562,8.8));
#3231 = VECTOR('',#3232,1.);
#3232 = DIRECTION('',(-0.358979079309,0.933345606203,0.));
#3233 = ORIENTED_EDGE('',*,*,#3070,.T.);
#3234 = ORIENTED_EDGE('',*,*,#892,.F.);
#3235 = ORIENTED_EDGE('',*,*,#3212,.F.);
#3236 = PLANE('',#3237);
#3237 = AXIS2_PLACEMENT_3D('',#3238,#3239,#3240);
#3238 = CARTESIAN_POINT('',(11.119891974631,8.062359550562,8.8));
#3239 = DIRECTION('',(-0.933345606203,-0.358979079309,0.));
#3240 = DIRECTION('',(-0.358979079309,0.933345606203,0.));
#3241 = ADVANCED_FACE('',(#3242),#3267,.F.);
#3242 = FACE_BOUND('',#3243,.F.);
#3243 = EDGE_LOOP('',(#3244,#3254,#3260,#3261));
#3244 = ORIENTED_EDGE('',*,*,#3245,.F.);
#3245 = EDGE_CURVE('',#3246,#3248,#3250,.T.);
#3246 = VERTEX_POINT('',#3247);
#3247 = CARTESIAN_POINT('',(12.251153495874,9.216011235955,8.8));
#3248 = VERTEX_POINT('',#3249);
#3249 = CARTESIAN_POINT('',(12.952698439695,9.288764044944,8.8));
#3250 = LINE('',#3251,#3252);
#3251 = CARTESIAN_POINT('',(12.251153495874,9.216011235955,8.8));
#3252 = VECTOR('',#3253,1.);
#3253 = DIRECTION('',(0.99466575773,0.103150523024,0.));
#3254 = ORIENTED_EDGE('',*,*,#3255,.T.);
#3255 = EDGE_CURVE('',#3246,#951,#3256,.T.);
#3256 = LINE('',#3257,#3258);
#3257 = CARTESIAN_POINT('',(12.251153495874,9.216011235955,8.8));
#3258 = VECTOR('',#3259,1.);
#3259 = DIRECTION('',(0.,0.,1.));
#3260 = ORIENTED_EDGE('',*,*,#948,.F.);
#3261 = ORIENTED_EDGE('',*,*,#3262,.F.);
#3262 = EDGE_CURVE('',#3248,#949,#3263,.T.);
#3263 = LINE('',#3264,#3265);
#3264 = CARTESIAN_POINT('',(12.952698439695,9.288764044944,8.8));
#3265 = VECTOR('',#3266,1.);
#3266 = DIRECTION('',(0.,0.,1.));
#3267 = PLANE('',#3268);
#3268 = AXIS2_PLACEMENT_3D('',#3269,#3270,#3271);
#3269 = CARTESIAN_POINT('',(12.251153495874,9.216011235955,8.8));
#3270 = DIRECTION('',(-0.103150523024,0.99466575773,0.));
#3271 = DIRECTION('',(0.99466575773,0.103150523024,0.));
#3272 = ADVANCED_FACE('',(#3273),#3291,.F.);
#3273 = FACE_BOUND('',#3274,.F.);
#3274 = EDGE_LOOP('',(#3275,#3283,#3289,#3290));
#3275 = ORIENTED_EDGE('',*,*,#3276,.F.);
#3276 = EDGE_CURVE('',#3277,#3246,#3279,.T.);
#3277 = VERTEX_POINT('',#3278);
#3278 = CARTESIAN_POINT('',(12.684747245874,8.310660990169,8.8));
#3279 = B_SPLINE_CURVE_WITH_KNOTS('',2,(#3280,#3281,#3282),
  .UNSPECIFIED.,.F.,.F.,(3,3),(0.,1.),.PIECEWISE_BEZIER_KNOTS.);
#3280 = CARTESIAN_POINT('',(12.684747245874,8.310660990169,8.8));
#3281 = CARTESIAN_POINT('',(12.321795174245,8.621321980337,8.8));
#3282 = CARTESIAN_POINT('',(12.251153495874,9.216011235955,8.8));
#3283 = ORIENTED_EDGE('',*,*,#3284,.T.);
#3284 = EDGE_CURVE('',#3277,#1332,#3285,.T.);
#3285 = LINE('',#3286,#3287);
#3286 = CARTESIAN_POINT('',(12.684747245874,8.310660990169,8.8));
#3287 = VECTOR('',#3288,1.);
#3288 = DIRECTION('',(0.,0.,1.));
#3289 = ORIENTED_EDGE('',*,*,#1348,.F.);
#3290 = ORIENTED_EDGE('',*,*,#3255,.F.);
#3291 = SURFACE_OF_LINEAR_EXTRUSION('',#3292,#3296);
#3292 = B_SPLINE_CURVE_WITH_KNOTS('',2,(#3293,#3294,#3295),
  .UNSPECIFIED.,.F.,.F.,(3,3),(0.,1.),.PIECEWISE_BEZIER_KNOTS.);
#3293 = CARTESIAN_POINT('',(12.684747245874,8.310660990169,8.8));
#3294 = CARTESIAN_POINT('',(12.321795174245,8.621321980337,8.8));
#3295 = CARTESIAN_POINT('',(12.251153495874,9.216011235955,8.8));
#3296 = VECTOR('',#3297,1.);
#3297 = DIRECTION('',(-0.,-0.,-1.));
#3298 = ADVANCED_FACE('',(#3299),#3317,.F.);
#3299 = FACE_BOUND('',#3300,.F.);
#3300 = EDGE_LOOP('',(#3301,#3309,#3315,#3316));
#3301 = ORIENTED_EDGE('',*,*,#3302,.F.);
#3302 = EDGE_CURVE('',#3303,#3277,#3305,.T.);
#3303 = VERTEX_POINT('',#3304);
#3304 = CARTESIAN_POINT('',(13.724885061886,8.,8.8));
#3305 = B_SPLINE_CURVE_WITH_KNOTS('',2,(#3306,#3307,#3308),
  .UNSPECIFIED.,.F.,.F.,(3,3),(0.,1.),.PIECEWISE_BEZIER_KNOTS.);
#3306 = CARTESIAN_POINT('',(13.724885061886,8.,8.8));
#3307 = CARTESIAN_POINT('',(13.047699317504,8.,8.8));
#3308 = CARTESIAN_POINT('',(12.684747245874,8.310660990169,8.8));
#3309 = ORIENTED_EDGE('',*,*,#3310,.T.);
#3310 = EDGE_CURVE('',#3303,#1320,#3311,.T.);
#3311 = LINE('',#3312,#3313);
#3312 = CARTESIAN_POINT('',(13.724885061886,8.,8.8));
#3313 = VECTOR('',#3314,1.);
#3314 = DIRECTION('',(0.,0.,1.));
#3315 = ORIENTED_EDGE('',*,*,#1331,.F.);
#3316 = ORIENTED_EDGE('',*,*,#3284,.F.);
#3317 = SURFACE_OF_LINEAR_EXTRUSION('',#3318,#3322);
#3318 = B_SPLINE_CURVE_WITH_KNOTS('',2,(#3319,#3320,#3321),
  .UNSPECIFIED.,.F.,.F.,(3,3),(0.,1.),.PIECEWISE_BEZIER_KNOTS.);
#3319 = CARTESIAN_POINT('',(13.724885061886,8.,8.8));
#3320 = CARTESIAN_POINT('',(13.047699317504,8.,8.8));
#3321 = CARTESIAN_POINT('',(12.684747245874,8.310660990169,8.8));
#3322 = VECTOR('',#3323,1.);
#3323 = DIRECTION('',(-0.,-0.,-1.));
#3324 = ADVANCED_FACE('',(#3325),#3343,.F.);
#3325 = FACE_BOUND('',#3326,.F.);
#3326 = EDGE_LOOP('',(#3327,#3335,#3341,#3342));
#3327 = ORIENTED_EDGE('',*,*,#3328,.F.);
#3328 = EDGE_CURVE('',#3329,#3303,#3331,.T.);
#3329 = VERTEX_POINT('',#3330);
#3330 = CARTESIAN_POINT('',(14.501943523964,8.130402914326,8.8));
#3331 = B_SPLINE_CURVE_WITH_KNOTS('',2,(#3332,#3333,#3334),
  .UNSPECIFIED.,.F.,.F.,(3,3),(0.,1.),.PIECEWISE_BEZIER_KNOTS.);
#3332 = CARTESIAN_POINT('',(14.501943523964,8.130402914326,8.8));
#3333 = CARTESIAN_POINT('',(14.190145771155,8.,8.8));
#3334 = CARTESIAN_POINT('',(13.724885061886,8.,8.8));
#3335 = ORIENTED_EDGE('',*,*,#3336,.T.);
#3336 = EDGE_CURVE('',#3329,#1305,#3337,.T.);
#3337 = LINE('',#3338,#3339);
#3338 = CARTESIAN_POINT('',(14.501943523964,8.130402914326,8.8));
#3339 = VECTOR('',#3340,1.);
#3340 = DIRECTION('',(0.,0.,1.));
#3341 = ORIENTED_EDGE('',*,*,#1319,.F.);
#3342 = ORIENTED_EDGE('',*,*,#3310,.F.);
#3343 = SURFACE_OF_LINEAR_EXTRUSION('',#3344,#3348);
#3344 = B_SPLINE_CURVE_WITH_KNOTS('',2,(#3345,#3346,#3347),
  .UNSPECIFIED.,.F.,.F.,(3,3),(0.,1.),.PIECEWISE_BEZIER_KNOTS.);
#3345 = CARTESIAN_POINT('',(14.501943523964,8.130402914326,8.8));
#3346 = CARTESIAN_POINT('',(14.190145771155,8.,8.8));
#3347 = CARTESIAN_POINT('',(13.724885061886,8.,8.8));
#3348 = VECTOR('',#3349,1.);
#3349 = DIRECTION('',(-0.,-0.,-1.));
#3350 = ADVANCED_FACE('',(#3351),#3369,.F.);
#3351 = FACE_BOUND('',#3352,.F.);
#3352 = EDGE_LOOP('',(#3353,#3361,#3367,#3368));
#3353 = ORIENTED_EDGE('',*,*,#3354,.F.);
#3354 = EDGE_CURVE('',#3355,#3329,#3357,.T.);
#3355 = VERTEX_POINT('',#3356);
#3356 = CARTESIAN_POINT('',(14.984255672841,8.529244206461,8.8));
#3357 = B_SPLINE_CURVE_WITH_KNOTS('',2,(#3358,#3359,#3360),
  .UNSPECIFIED.,.F.,.F.,(3,3),(0.,1.),.PIECEWISE_BEZIER_KNOTS.);
#3358 = CARTESIAN_POINT('',(14.984255672841,8.529244206461,8.8));
#3359 = CARTESIAN_POINT('',(14.813741276773,8.260968223315,8.8));
#3360 = CARTESIAN_POINT('',(14.501943523964,8.130402914326,8.8));
#3361 = ORIENTED_EDGE('',*,*,#3362,.T.);
#3362 = EDGE_CURVE('',#3355,#1290,#3363,.T.);
#3363 = LINE('',#3364,#3365);
#3364 = CARTESIAN_POINT('',(14.984255672841,8.529244206461,8.8));
#3365 = VECTOR('',#3366,1.);
#3366 = DIRECTION('',(0.,0.,1.));
#3367 = ORIENTED_EDGE('',*,*,#1304,.F.);
#3368 = ORIENTED_EDGE('',*,*,#3336,.F.);
#3369 = SURFACE_OF_LINEAR_EXTRUSION('',#3370,#3374);
#3370 = B_SPLINE_CURVE_WITH_KNOTS('',2,(#3371,#3372,#3373),
  .UNSPECIFIED.,.F.,.F.,(3,3),(0.,1.),.PIECEWISE_BEZIER_KNOTS.);
#3371 = CARTESIAN_POINT('',(14.984255672841,8.529244206461,8.8));
#3372 = CARTESIAN_POINT('',(14.813741276773,8.260968223315,8.8));
#3373 = CARTESIAN_POINT('',(14.501943523964,8.130402914326,8.8));
#3374 = VECTOR('',#3375,1.);
#3375 = DIRECTION('',(-0.,-0.,-1.));
#3376 = ADVANCED_FACE('',(#3377),#3395,.F.);
#3377 = FACE_BOUND('',#3378,.F.);
#3378 = EDGE_LOOP('',(#3379,#3387,#3393,#3394));
#3379 = ORIENTED_EDGE('',*,*,#3380,.F.);
#3380 = EDGE_CURVE('',#3381,#3355,#3383,.T.);
#3381 = VERTEX_POINT('',#3382);
#3382 = CARTESIAN_POINT('',(15.154770068908,9.104770891854,8.8));
#3383 = B_SPLINE_CURVE_WITH_KNOTS('',2,(#3384,#3385,#3386),
  .UNSPECIFIED.,.F.,.F.,(3,3),(0.,1.),.PIECEWISE_BEZIER_KNOTS.);
#3384 = CARTESIAN_POINT('',(15.154770068908,9.104770891854,8.8));
#3385 = CARTESIAN_POINT('',(15.154770068908,8.797520189607,8.8));
#3386 = CARTESIAN_POINT('',(14.984255672841,8.529244206461,8.8));
#3387 = ORIENTED_EDGE('',*,*,#3388,.T.);
#3388 = EDGE_CURVE('',#3381,#1278,#3389,.T.);
#3389 = LINE('',#3390,#3391);
#3390 = CARTESIAN_POINT('',(15.154770068908,9.104770891854,8.8));
#3391 = VECTOR('',#3392,1.);
#3392 = DIRECTION('',(0.,0.,1.));
#3393 = ORIENTED_EDGE('',*,*,#1289,.F.);
#3394 = ORIENTED_EDGE('',*,*,#3362,.F.);
#3395 = SURFACE_OF_LINEAR_EXTRUSION('',#3396,#3400);
#3396 = B_SPLINE_CURVE_WITH_KNOTS('',2,(#3397,#3398,#3399),
  .UNSPECIFIED.,.F.,.F.,(3,3),(0.,1.),.PIECEWISE_BEZIER_KNOTS.);
#3397 = CARTESIAN_POINT('',(15.154770068908,9.104770891854,8.8));
#3398 = CARTESIAN_POINT('',(15.154770068908,8.797520189607,8.8));
#3399 = CARTESIAN_POINT('',(14.984255672841,8.529244206461,8.8));
#3400 = VECTOR('',#3401,1.);
#3401 = DIRECTION('',(-0.,-0.,-1.));
#3402 = ADVANCED_FACE('',(#3403),#3421,.F.);
#3403 = FACE_BOUND('',#3404,.F.);
#3404 = EDGE_LOOP('',(#3405,#3413,#3419,#3420));
#3405 = ORIENTED_EDGE('',*,*,#3406,.F.);
#3406 = EDGE_CURVE('',#3407,#3381,#3409,.T.);
#3407 = VERTEX_POINT('',#3408);
#3408 = CARTESIAN_POINT('',(15.012187554863,9.674126580056,8.8));
#3409 = B_SPLINE_CURVE_WITH_KNOTS('',2,(#3410,#3411,#3412),
  .UNSPECIFIED.,.F.,.F.,(3,3),(0.,1.),.PIECEWISE_BEZIER_KNOTS.);
#3410 = CARTESIAN_POINT('',(15.012187554863,9.674126580056,8.8));
#3411 = CARTESIAN_POINT('',(15.154770068908,9.443688553371,8.8));
#3412 = CARTESIAN_POINT('',(15.154770068908,9.104770891854,8.8));
#3413 = ORIENTED_EDGE('',*,*,#3414,.T.);
#3414 = EDGE_CURVE('',#3407,#1263,#3415,.T.);
#3415 = LINE('',#3416,#3417);
#3416 = CARTESIAN_POINT('',(15.012187554863,9.674126580056,8.8));
#3417 = VECTOR('',#3418,1.);
#3418 = DIRECTION('',(0.,0.,1.));
#3419 = ORIENTED_EDGE('',*,*,#1277,.F.);
#3420 = ORIENTED_EDGE('',*,*,#3388,.F.);
#3421 = SURFACE_OF_LINEAR_EXTRUSION('',#3422,#3426);
#3422 = B_SPLINE_CURVE_WITH_KNOTS('',2,(#3423,#3424,#3425),
  .UNSPECIFIED.,.F.,.F.,(3,3),(0.,1.),.PIECEWISE_BEZIER_KNOTS.);
#3423 = CARTESIAN_POINT('',(15.012187554863,9.674126580056,8.8));
#3424 = CARTESIAN_POINT('',(15.154770068908,9.443688553371,8.8));
#3425 = CARTESIAN_POINT('',(15.154770068908,9.104770891854,8.8));
#3426 = VECTOR('',#3427,1.);
#3427 = DIRECTION('',(-0.,-0.,-1.));
#3428 = ADVANCED_FACE('',(#3429),#3447,.F.);
#3429 = FACE_BOUND('',#3430,.F.);
#3430 = EDGE_LOOP('',(#3431,#3439,#3445,#3446));
#3431 = ORIENTED_EDGE('',*,*,#3432,.F.);
#3432 = EDGE_CURVE('',#3433,#3407,#3435,.T.);
#3433 = VERTEX_POINT('',#3434);
#3434 = CARTESIAN_POINT('',(14.617568523964,10.037403441011,8.8));
#3435 = B_SPLINE_CURVE_WITH_KNOTS('',2,(#3436,#3437,#3438),
  .UNSPECIFIED.,.F.,.F.,(3,3),(0.,1.),.PIECEWISE_BEZIER_KNOTS.);
#3436 = CARTESIAN_POINT('',(14.617568523964,10.037403441011,8.8));
#3437 = CARTESIAN_POINT('',(14.869767435481,9.904564606742,8.8));
#3438 = CARTESIAN_POINT('',(15.012187554863,9.674126580056,8.8));
#3439 = ORIENTED_EDGE('',*,*,#3440,.T.);
#3440 = EDGE_CURVE('',#3433,#1250,#3441,.T.);
#3441 = LINE('',#3442,#3443);
#3442 = CARTESIAN_POINT('',(14.617568523964,10.037403441011,8.8));
#3443 = VECTOR('',#3444,1.);
#3444 = DIRECTION('',(0.,0.,1.));
#3445 = ORIENTED_EDGE('',*,*,#1262,.F.);
#3446 = ORIENTED_EDGE('',*,*,#3414,.F.);
#3447 = SURFACE_OF_LINEAR_EXTRUSION('',#3448,#3452);
#3448 = B_SPLINE_CURVE_WITH_KNOTS('',2,(#3449,#3450,#3451),
  .UNSPECIFIED.,.F.,.F.,(3,3),(0.,1.),.PIECEWISE_BEZIER_KNOTS.);
#3449 = CARTESIAN_POINT('',(14.617568523964,10.037403441011,8.8));
#3450 = CARTESIAN_POINT('',(14.869767435481,9.904564606742,8.8));
#3451 = CARTESIAN_POINT('',(15.012187554863,9.674126580056,8.8));
#3452 = VECTOR('',#3453,1.);
#3453 = DIRECTION('',(-0.,-0.,-1.));
#3454 = ADVANCED_FACE('',(#3455),#3473,.F.);
#3455 = FACE_BOUND('',#3456,.F.);
#3456 = EDGE_LOOP('',(#3457,#3465,#3471,#3472));
#3457 = ORIENTED_EDGE('',*,*,#3458,.F.);
#3458 = EDGE_CURVE('',#3459,#3433,#3461,.T.);
#3459 = VERTEX_POINT('',#3460);
#3460 = CARTESIAN_POINT('',(13.839373299245,10.295610955056,8.8));
#3461 = B_SPLINE_CURVE_WITH_KNOTS('',2,(#3462,#3463,#3464),
  .UNSPECIFIED.,.F.,.F.,(3,3),(0.,1.),.PIECEWISE_BEZIER_KNOTS.);
#3462 = CARTESIAN_POINT('',(13.839373299245,10.295610955056,8.8));
#3463 = CARTESIAN_POINT('',(14.36553200711,10.170404669944,8.8));
#3464 = CARTESIAN_POINT('',(14.617568523964,10.037403441011,8.8));
#3465 = ORIENTED_EDGE('',*,*,#3466,.T.);
#3466 = EDGE_CURVE('',#3459,#1236,#3467,.T.);
#3467 = LINE('',#3468,#3469);
#3468 = CARTESIAN_POINT('',(13.839373299245,10.295610955056,8.8));
#3469 = VECTOR('',#3470,1.);
#3470 = DIRECTION('',(0.,0.,1.));
#3471 = ORIENTED_EDGE('',*,*,#1249,.F.);
#3472 = ORIENTED_EDGE('',*,*,#3440,.F.);
#3473 = SURFACE_OF_LINEAR_EXTRUSION('',#3474,#3478);
#3474 = B_SPLINE_CURVE_WITH_KNOTS('',2,(#3475,#3476,#3477),
  .UNSPECIFIED.,.F.,.F.,(3,3),(0.,1.),.PIECEWISE_BEZIER_KNOTS.);
#3475 = CARTESIAN_POINT('',(13.839373299245,10.295610955056,8.8));
#3476 = CARTESIAN_POINT('',(14.36553200711,10.170404669944,8.8));
#3477 = CARTESIAN_POINT('',(14.617568523964,10.037403441011,8.8));
#3478 = VECTOR('',#3479,1.);
#3479 = DIRECTION('',(-0.,-0.,-1.));
#3480 = ADVANCED_FACE('',(#3481),#3499,.F.);
#3481 = FACE_BOUND('',#3482,.F.);
#3482 = EDGE_LOOP('',(#3483,#3491,#3497,#3498));
#3483 = ORIENTED_EDGE('',*,*,#3484,.F.);
#3484 = EDGE_CURVE('',#3485,#3459,#3487,.T.);
#3485 = VERTEX_POINT('',#3486);
#3486 = CARTESIAN_POINT('',(13.176803074526,10.536279845506,8.8));
#3487 = B_SPLINE_CURVE_WITH_KNOTS('',2,(#3488,#3489,#3490),
  .UNSPECIFIED.,.F.,.F.,(3,3),(0.,1.),.PIECEWISE_BEZIER_KNOTS.);
#3488 = CARTESIAN_POINT('',(13.176803074526,10.536279845506,8.8));
#3489 = CARTESIAN_POINT('',(13.31321459138,10.420979634831,8.8));
#3490 = CARTESIAN_POINT('',(13.839373299245,10.295610955056,8.8));
#3491 = ORIENTED_EDGE('',*,*,#3492,.T.);
#3492 = EDGE_CURVE('',#3485,#1221,#3493,.T.);
#3493 = LINE('',#3494,#3495);
#3494 = CARTESIAN_POINT('',(13.176803074526,10.536279845506,8.8));
#3495 = VECTOR('',#3496,1.);
#3496 = DIRECTION('',(0.,0.,1.));
#3497 = ORIENTED_EDGE('',*,*,#1235,.F.);
#3498 = ORIENTED_EDGE('',*,*,#3466,.F.);
#3499 = SURFACE_OF_LINEAR_EXTRUSION('',#3500,#3504);
#3500 = B_SPLINE_CURVE_WITH_KNOTS('',2,(#3501,#3502,#3503),
  .UNSPECIFIED.,.F.,.F.,(3,3),(0.,1.),.PIECEWISE_BEZIER_KNOTS.);
#3501 = CARTESIAN_POINT('',(13.176803074526,10.536279845506,8.8));
#3502 = CARTESIAN_POINT('',(13.31321459138,10.420979634831,8.8));
#3503 = CARTESIAN_POINT('',(13.839373299245,10.295610955056,8.8));
#3504 = VECTOR('',#3505,1.);
#3505 = DIRECTION('',(-0.,-0.,-1.));
#3506 = ADVANCED_FACE('',(#3507),#3525,.F.);
#3507 = FACE_BOUND('',#3508,.F.);
#3508 = EDGE_LOOP('',(#3509,#3517,#3523,#3524));
#3509 = ORIENTED_EDGE('',*,*,#3510,.F.);
#3510 = EDGE_CURVE('',#3511,#3485,#3513,.T.);
#3511 = VERTEX_POINT('',#3512);
#3512 = CARTESIAN_POINT('',(13.069622596998,10.754538272472,8.8));
#3513 = B_SPLINE_CURVE_WITH_KNOTS('',2,(#3514,#3515,#3516),
  .UNSPECIFIED.,.F.,.F.,(3,3),(0.,1.),.PIECEWISE_BEZIER_KNOTS.);
#3514 = CARTESIAN_POINT('',(13.069622596998,10.754538272472,8.8));
#3515 = CARTESIAN_POINT('',(13.069622596998,10.626896067416,8.8));
#3516 = CARTESIAN_POINT('',(13.176803074526,10.536279845506,8.8));
#3517 = ORIENTED_EDGE('',*,*,#3518,.T.);
#3518 = EDGE_CURVE('',#3511,#1208,#3519,.T.);
#3519 = LINE('',#3520,#3521);
#3520 = CARTESIAN_POINT('',(13.069622596998,10.754538272472,8.8));
#3521 = VECTOR('',#3522,1.);
#3522 = DIRECTION('',(0.,0.,1.));
#3523 = ORIENTED_EDGE('',*,*,#1220,.F.);
#3524 = ORIENTED_EDGE('',*,*,#3492,.F.);
#3525 = SURFACE_OF_LINEAR_EXTRUSION('',#3526,#3530);
#3526 = B_SPLINE_CURVE_WITH_KNOTS('',2,(#3527,#3528,#3529),
  .UNSPECIFIED.,.F.,.F.,(3,3),(0.,1.),.PIECEWISE_BEZIER_KNOTS.);
#3527 = CARTESIAN_POINT('',(13.069622596998,10.754538272472,8.8));
#3528 = CARTESIAN_POINT('',(13.069622596998,10.626896067416,8.8));
#3529 = CARTESIAN_POINT('',(13.176803074526,10.536279845506,8.8));
#3530 = VECTOR('',#3531,1.);
#3531 = DIRECTION('',(-0.,-0.,-1.));
#3532 = ADVANCED_FACE('',(#3533),#3551,.F.);
#3533 = FACE_BOUND('',#3534,.F.);
#3534 = EDGE_LOOP('',(#3535,#3543,#3549,#3550));
#3535 = ORIENTED_EDGE('',*,*,#3536,.F.);
#3536 = EDGE_CURVE('',#3537,#3511,#3539,.T.);
#3537 = VERTEX_POINT('',#3538);
#3538 = CARTESIAN_POINT('',(13.184110834357,10.977668539326,8.8));
#3539 = B_SPLINE_CURVE_WITH_KNOTS('',2,(#3540,#3541,#3542),
  .UNSPECIFIED.,.F.,.F.,(3,3),(0.,1.),.PIECEWISE_BEZIER_KNOTS.);
#3540 = CARTESIAN_POINT('',(13.184110834357,10.977668539326,8.8));
#3541 = CARTESIAN_POINT('',(13.069622596998,10.894197682584,8.8));
#3542 = CARTESIAN_POINT('',(13.069622596998,10.754538272472,8.8));
#3543 = ORIENTED_EDGE('',*,*,#3544,.T.);
#3544 = EDGE_CURVE('',#3537,#1196,#3545,.T.);
#3545 = LINE('',#3546,#3547);
#3546 = CARTESIAN_POINT('',(13.184110834357,10.977668539326,8.8));
#3547 = VECTOR('',#3548,1.);
#3548 = DIRECTION('',(0.,0.,1.));
#3549 = ORIENTED_EDGE('',*,*,#1207,.F.);
#3550 = ORIENTED_EDGE('',*,*,#3518,.F.);
#3551 = SURFACE_OF_LINEAR_EXTRUSION('',#3552,#3556);
#3552 = B_SPLINE_CURVE_WITH_KNOTS('',2,(#3553,#3554,#3555),
  .UNSPECIFIED.,.F.,.F.,(3,3),(0.,1.),.PIECEWISE_BEZIER_KNOTS.);
#3553 = CARTESIAN_POINT('',(13.184110834357,10.977668539326,8.8));
#3554 = CARTESIAN_POINT('',(13.069622596998,10.894197682584,8.8));
#3555 = CARTESIAN_POINT('',(13.069622596998,10.754538272472,8.8));
#3556 = VECTOR('',#3557,1.);
#3557 = DIRECTION('',(-0.,-0.,-1.));
#3558 = ADVANCED_FACE('',(#3559),#3577,.F.);
#3559 = FACE_BOUND('',#3560,.F.);
#3560 = EDGE_LOOP('',(#3561,#3569,#3575,#3576));
#3561 = ORIENTED_EDGE('',*,*,#3562,.F.);
#3562 = EDGE_CURVE('',#3563,#3537,#3565,.T.);
#3563 = VERTEX_POINT('',#3564);
#3564 = CARTESIAN_POINT('',(13.676166663009,11.107584269663,8.8));
#3565 = B_SPLINE_CURVE_WITH_KNOTS('',2,(#3566,#3567,#3568),
  .UNSPECIFIED.,.F.,.F.,(3,3),(0.,1.),.PIECEWISE_BEZIER_KNOTS.);
#3566 = CARTESIAN_POINT('',(13.676166663009,11.107584269663,8.8));
#3567 = CARTESIAN_POINT('',(13.361932990256,11.107584269663,8.8));
#3568 = CARTESIAN_POINT('',(13.184110834357,10.977668539326,8.8));
#3569 = ORIENTED_EDGE('',*,*,#3570,.T.);
#3570 = EDGE_CURVE('',#3563,#1184,#3571,.T.);
#3571 = LINE('',#3572,#3573);
#3572 = CARTESIAN_POINT('',(13.676166663009,11.107584269663,8.8));
#3573 = VECTOR('',#3574,1.);
#3574 = DIRECTION('',(0.,0.,1.));
#3575 = ORIENTED_EDGE('',*,*,#1195,.F.);
#3576 = ORIENTED_EDGE('',*,*,#3544,.F.);
#3577 = SURFACE_OF_LINEAR_EXTRUSION('',#3578,#3582);
#3578 = B_SPLINE_CURVE_WITH_KNOTS('',2,(#3579,#3580,#3581),
  .UNSPECIFIED.,.F.,.F.,(3,3),(0.,1.),.PIECEWISE_BEZIER_KNOTS.);
#3579 = CARTESIAN_POINT('',(13.676166663009,11.107584269663,8.8));
#3580 = CARTESIAN_POINT('',(13.361932990256,11.107584269663,8.8));
#3581 = CARTESIAN_POINT('',(13.184110834357,10.977668539326,8.8));
#3582 = VECTOR('',#3583,1.);
#3583 = DIRECTION('',(-0.,-0.,-1.));
#3584 = ADVANCED_FACE('',(#3585),#3603,.F.);
#3585 = FACE_BOUND('',#3586,.F.);
#3586 = EDGE_LOOP('',(#3587,#3595,#3601,#3602));
#3587 = ORIENTED_EDGE('',*,*,#3588,.F.);
#3588 = EDGE_CURVE('',#3589,#3563,#3591,.T.);
#3589 = VERTEX_POINT('',#3590);
#3590 = CARTESIAN_POINT('',(14.132820455144,10.986275456461,8.8));
#3591 = B_SPLINE_CURVE_WITH_KNOTS('',2,(#3592,#3593,#3594),
  .UNSPECIFIED.,.F.,.F.,(3,3),(0.,1.),.PIECEWISE_BEZIER_KNOTS.);
#3592 = CARTESIAN_POINT('',(14.132820455144,10.986275456461,8.8));
#3593 = CARTESIAN_POINT('',(13.980656655987,11.107584269663,8.8));
#3594 = CARTESIAN_POINT('',(13.676166663009,11.107584269663,8.8));
#3595 = ORIENTED_EDGE('',*,*,#3596,.T.);
#3596 = EDGE_CURVE('',#3589,#1172,#3597,.T.);
#3597 = LINE('',#3598,#3599);
#3598 = CARTESIAN_POINT('',(14.132820455144,10.986275456461,8.8));
#3599 = VECTOR('',#3600,1.);
#3600 = DIRECTION('',(0.,0.,1.));
#3601 = ORIENTED_EDGE('',*,*,#1183,.F.);
#3602 = ORIENTED_EDGE('',*,*,#3570,.F.);
#3603 = SURFACE_OF_LINEAR_EXTRUSION('',#3604,#3608);
#3604 = B_SPLINE_CURVE_WITH_KNOTS('',2,(#3605,#3606,#3607),
  .UNSPECIFIED.,.F.,.F.,(3,3),(0.,1.),.PIECEWISE_BEZIER_KNOTS.);
#3605 = CARTESIAN_POINT('',(14.132820455144,10.986275456461,8.8));
#3606 = CARTESIAN_POINT('',(13.980656655987,11.107584269663,8.8));
#3607 = CARTESIAN_POINT('',(13.676166663009,11.107584269663,8.8));
#3608 = VECTOR('',#3609,1.);
#3609 = DIRECTION('',(-0.,-0.,-1.));
#3610 = ADVANCED_FACE('',(#3611),#3629,.F.);
#3611 = FACE_BOUND('',#3612,.F.);
#3612 = EDGE_LOOP('',(#3613,#3621,#3627,#3628));
#3613 = ORIENTED_EDGE('',*,*,#3614,.F.);
#3614 = EDGE_CURVE('',#3615,#3589,#3617,.T.);
#3615 = VERTEX_POINT('',#3616);
#3616 = CARTESIAN_POINT('',(14.331429127897,10.587921348315,8.8));
#3617 = B_SPLINE_CURVE_WITH_KNOTS('',2,(#3618,#3619,#3620),
  .UNSPECIFIED.,.F.,.F.,(3,3),(0.,1.),.PIECEWISE_BEZIER_KNOTS.);
#3618 = CARTESIAN_POINT('',(14.331429127897,10.587921348315,8.8));
#3619 = CARTESIAN_POINT('',(14.285146648964,10.864966643258,8.8));
#3620 = CARTESIAN_POINT('',(14.132820455144,10.986275456461,8.8));
#3621 = ORIENTED_EDGE('',*,*,#3622,.T.);
#3622 = EDGE_CURVE('',#3615,#1164,#3623,.T.);
#3623 = LINE('',#3624,#3625);
#3624 = CARTESIAN_POINT('',(14.331429127897,10.587921348315,8.8));
#3625 = VECTOR('',#3626,1.);
#3626 = DIRECTION('',(0.,0.,1.));
#3627 = ORIENTED_EDGE('',*,*,#1171,.F.);
#3628 = ORIENTED_EDGE('',*,*,#3596,.F.);
#3629 = SURFACE_OF_LINEAR_EXTRUSION('',#3630,#3634);
#3630 = B_SPLINE_CURVE_WITH_KNOTS('',2,(#3631,#3632,#3633),
  .UNSPECIFIED.,.F.,.F.,(3,3),(0.,1.),.PIECEWISE_BEZIER_KNOTS.);
#3631 = CARTESIAN_POINT('',(14.331429127897,10.587921348315,8.8));
#3632 = CARTESIAN_POINT('',(14.285146648964,10.864966643258,8.8));
#3633 = CARTESIAN_POINT('',(14.132820455144,10.986275456461,8.8));
#3634 = VECTOR('',#3635,1.);
#3635 = DIRECTION('',(-0.,-0.,-1.));
#3636 = ADVANCED_FACE('',(#3637),#3655,.F.);
#3637 = FACE_BOUND('',#3638,.F.);
#3638 = EDGE_LOOP('',(#3639,#3647,#3653,#3654));
#3639 = ORIENTED_EDGE('',*,*,#3640,.F.);
#3640 = EDGE_CURVE('',#3641,#3615,#3643,.T.);
#3641 = VERTEX_POINT('',#3642);
#3642 = CARTESIAN_POINT('',(15.052461431268,10.619101123596,8.8));
#3643 = LINE('',#3644,#3645);
#3644 = CARTESIAN_POINT('',(15.052461431268,10.619101123596,8.8));
#3645 = VECTOR('',#3646,1.);
#3646 = DIRECTION('',(-0.999066320224,-4.320286790156E-02,0.));
#3647 = ORIENTED_EDGE('',*,*,#3648,.T.);
#3648 = EDGE_CURVE('',#3641,#1147,#3649,.T.);
#3649 = LINE('',#3650,#3651);
#3650 = CARTESIAN_POINT('',(15.052461431268,10.619101123596,8.8));
#3651 = VECTOR('',#3652,1.);
#3652 = DIRECTION('',(0.,0.,1.));
#3653 = ORIENTED_EDGE('',*,*,#1163,.F.);
#3654 = ORIENTED_EDGE('',*,*,#3622,.F.);
#3655 = PLANE('',#3656);
#3656 = AXIS2_PLACEMENT_3D('',#3657,#3658,#3659);
#3657 = CARTESIAN_POINT('',(15.052461431268,10.619101123596,8.8));
#3658 = DIRECTION('',(4.320286790156E-02,-0.999066320224,0.));
#3659 = DIRECTION('',(-0.999066320224,-4.320286790156E-02,0.));
#3660 = ADVANCED_FACE('',(#3661),#3679,.F.);
#3661 = FACE_BOUND('',#3662,.F.);
#3662 = EDGE_LOOP('',(#3663,#3671,#3677,#3678));
#3663 = ORIENTED_EDGE('',*,*,#3664,.F.);
#3664 = EDGE_CURVE('',#3665,#3641,#3667,.T.);
#3665 = VERTEX_POINT('',#3666);
#3666 = CARTESIAN_POINT('',(14.695517962166,11.405416081461,8.8));
#3667 = B_SPLINE_CURVE_WITH_KNOTS('',2,(#3668,#3669,#3670),
  .UNSPECIFIED.,.F.,.F.,(3,3),(0.,1.),.PIECEWISE_BEZIER_KNOTS.);
#3668 = CARTESIAN_POINT('',(14.695517962166,11.405416081461,8.8));
#3669 = CARTESIAN_POINT('',(15.035409991661,11.110832162921,8.8));
#3670 = CARTESIAN_POINT('',(15.052461431268,10.619101123596,8.8));
#3671 = ORIENTED_EDGE('',*,*,#3672,.T.);
#3672 = EDGE_CURVE('',#3665,#1130,#3673,.T.);
#3673 = LINE('',#3674,#3675);
#3674 = CARTESIAN_POINT('',(14.695517962166,11.405416081461,8.8));
#3675 = VECTOR('',#3676,1.);
#3676 = DIRECTION('',(0.,0.,1.));
#3677 = ORIENTED_EDGE('',*,*,#1146,.F.);
#3678 = ORIENTED_EDGE('',*,*,#3648,.F.);
#3679 = SURFACE_OF_LINEAR_EXTRUSION('',#3680,#3684);
#3680 = B_SPLINE_CURVE_WITH_KNOTS('',2,(#3681,#3682,#3683),
  .UNSPECIFIED.,.F.,.F.,(3,3),(0.,1.),.PIECEWISE_BEZIER_KNOTS.);
#3681 = CARTESIAN_POINT('',(14.695517962166,11.405416081461,8.8));
#3682 = CARTESIAN_POINT('',(15.035409991661,11.110832162921,8.8));
#3683 = CARTESIAN_POINT('',(15.052461431268,10.619101123596,8.8));
#3684 = VECTOR('',#3685,1.);
#3685 = DIRECTION('',(-0.,-0.,-1.));
#3686 = ADVANCED_FACE('',(#3687),#3705,.F.);
#3687 = FACE_BOUND('',#3688,.F.);
#3688 = EDGE_LOOP('',(#3689,#3697,#3703,#3704));
#3689 = ORIENTED_EDGE('',*,*,#3690,.F.);
#3690 = EDGE_CURVE('',#3691,#3665,#3693,.T.);
#3691 = VERTEX_POINT('',#3692);
#3692 = CARTESIAN_POINT('',(13.683474422841,11.7,8.8));
#3693 = B_SPLINE_CURVE_WITH_KNOTS('',2,(#3694,#3695,#3696),
  .UNSPECIFIED.,.F.,.F.,(3,3),(0.,1.),.PIECEWISE_BEZIER_KNOTS.);
#3694 = CARTESIAN_POINT('',(13.683474422841,11.7,8.8));
#3695 = CARTESIAN_POINT('',(14.355788327335,11.7,8.8));
#3696 = CARTESIAN_POINT('',(14.695517962166,11.405416081461,8.8));
#3697 = ORIENTED_EDGE('',*,*,#3698,.T.);
#3698 = EDGE_CURVE('',#3691,#1118,#3699,.T.);
#3699 = LINE('',#3700,#3701);
#3700 = CARTESIAN_POINT('',(13.683474422841,11.7,8.8));
#3701 = VECTOR('',#3702,1.);
#3702 = DIRECTION('',(0.,0.,1.));
#3703 = ORIENTED_EDGE('',*,*,#1129,.F.);
#3704 = ORIENTED_EDGE('',*,*,#3672,.F.);
#3705 = SURFACE_OF_LINEAR_EXTRUSION('',#3706,#3710);
#3706 = B_SPLINE_CURVE_WITH_KNOTS('',2,(#3707,#3708,#3709),
  .UNSPECIFIED.,.F.,.F.,(3,3),(0.,1.),.PIECEWISE_BEZIER_KNOTS.);
#3707 = CARTESIAN_POINT('',(13.683474422841,11.7,8.8));
#3708 = CARTESIAN_POINT('',(14.355788327335,11.7,8.8));
#3709 = CARTESIAN_POINT('',(14.695517962166,11.405416081461,8.8));
#3710 = VECTOR('',#3711,1.);
#3711 = DIRECTION('',(-0.,-0.,-1.));
#3712 = ADVANCED_FACE('',(#3713),#3731,.F.);
#3713 = FACE_BOUND('',#3714,.F.);
#3714 = EDGE_LOOP('',(#3715,#3723,#3729,#3730));
#3715 = ORIENTED_EDGE('',*,*,#3716,.F.);
#3716 = EDGE_CURVE('',#3717,#3691,#3719,.T.);
#3717 = VERTEX_POINT('',#3718);
#3718 = CARTESIAN_POINT('',(12.980630321717,11.575443293539,8.8));
#3719 = B_SPLINE_CURVE_WITH_KNOTS('',2,(#3720,#3721,#3722),
  .UNSPECIFIED.,.F.,.F.,(3,3),(0.,1.),.PIECEWISE_BEZIER_KNOTS.);
#3720 = CARTESIAN_POINT('',(12.980630321717,11.575443293539,8.8));
#3721 = CARTESIAN_POINT('',(13.271803952335,11.7,8.8));
#3722 = CARTESIAN_POINT('',(13.683474422841,11.7,8.8));
#3723 = ORIENTED_EDGE('',*,*,#3724,.T.);
#3724 = EDGE_CURVE('',#3717,#1103,#3725,.T.);
#3725 = LINE('',#3726,#3727);
#3726 = CARTESIAN_POINT('',(12.980630321717,11.575443293539,8.8));
#3727 = VECTOR('',#3728,1.);
#3728 = DIRECTION('',(0.,0.,1.));
#3729 = ORIENTED_EDGE('',*,*,#1117,.F.);
#3730 = ORIENTED_EDGE('',*,*,#3698,.F.);
#3731 = SURFACE_OF_LINEAR_EXTRUSION('',#3732,#3736);
#3732 = B_SPLINE_CURVE_WITH_KNOTS('',2,(#3733,#3734,#3735),
  .UNSPECIFIED.,.F.,.F.,(3,3),(0.,1.),.PIECEWISE_BEZIER_KNOTS.);
#3733 = CARTESIAN_POINT('',(12.980630321717,11.575443293539,8.8));
#3734 = CARTESIAN_POINT('',(13.271803952335,11.7,8.8));
#3735 = CARTESIAN_POINT('',(13.683474422841,11.7,8.8));
#3736 = VECTOR('',#3737,1.);
#3737 = DIRECTION('',(-0.,-0.,-1.));
#3738 = ADVANCED_FACE('',(#3739),#3757,.F.);
#3739 = FACE_BOUND('',#3740,.F.);
#3740 = EDGE_LOOP('',(#3741,#3749,#3755,#3756));
#3741 = ORIENTED_EDGE('',*,*,#3742,.F.);
#3742 = EDGE_CURVE('',#3743,#3717,#3745,.T.);
#3743 = VERTEX_POINT('',#3744);
#3744 = CARTESIAN_POINT('',(12.534856971998,11.212653616573,8.8));
#3745 = B_SPLINE_CURVE_WITH_KNOTS('',2,(#3746,#3747,#3748),
  .UNSPECIFIED.,.F.,.F.,(3,3),(0.,1.),.PIECEWISE_BEZIER_KNOTS.);
#3746 = CARTESIAN_POINT('',(12.534856971998,11.212653616573,8.8));
#3747 = CARTESIAN_POINT('',(12.689619085762,11.450886587079,8.8));
#3748 = CARTESIAN_POINT('',(12.980630321717,11.575443293539,8.8));
#3749 = ORIENTED_EDGE('',*,*,#3750,.T.);
#3750 = EDGE_CURVE('',#3743,#1088,#3751,.T.);
#3751 = LINE('',#3752,#3753);
#3752 = CARTESIAN_POINT('',(12.534856971998,11.212653616573,8.8));
#3753 = VECTOR('',#3754,1.);
#3754 = DIRECTION('',(0.,0.,1.));
#3755 = ORIENTED_EDGE('',*,*,#1102,.F.);
#3756 = ORIENTED_EDGE('',*,*,#3724,.F.);
#3757 = SURFACE_OF_LINEAR_EXTRUSION('',#3758,#3762);
#3758 = B_SPLINE_CURVE_WITH_KNOTS('',2,(#3759,#3760,#3761),
  .UNSPECIFIED.,.F.,.F.,(3,3),(0.,1.),.PIECEWISE_BEZIER_KNOTS.);
#3759 = CARTESIAN_POINT('',(12.534856971998,11.212653616573,8.8));
#3760 = CARTESIAN_POINT('',(12.689619085762,11.450886587079,8.8));
#3761 = CARTESIAN_POINT('',(12.980630321717,11.575443293539,8.8));
#3762 = VECTOR('',#3763,1.);
#3763 = DIRECTION('',(-0.,-0.,-1.));
#3764 = ADVANCED_FACE('',(#3765),#3783,.F.);
#3765 = FACE_BOUND('',#3766,.F.);
#3766 = EDGE_LOOP('',(#3767,#3775,#3781,#3782));
#3767 = ORIENTED_EDGE('',*,*,#3768,.F.);
#3768 = EDGE_CURVE('',#3769,#3743,#3771,.T.);
#3769 = VERTEX_POINT('',#3770);
#3770 = CARTESIAN_POINT('',(12.380257252897,10.700785639045,8.8));
#3771 = B_SPLINE_CURVE_WITH_KNOTS('',2,(#3772,#3773,#3774),
  .UNSPECIFIED.,.F.,.F.,(3,3),(0.,1.),.PIECEWISE_BEZIER_KNOTS.);
#3772 = CARTESIAN_POINT('',(12.380257252897,10.700785639045,8.8));
#3773 = CARTESIAN_POINT('',(12.380257252897,10.974420646067,8.8));
#3774 = CARTESIAN_POINT('',(12.534856971998,11.212653616573,8.8));
#3775 = ORIENTED_EDGE('',*,*,#3776,.T.);
#3776 = EDGE_CURVE('',#3769,#1073,#3777,.T.);
#3777 = LINE('',#3778,#3779);
#3778 = CARTESIAN_POINT('',(12.380257252897,10.700785639045,8.8));
#3779 = VECTOR('',#3780,1.);
#3780 = DIRECTION('',(0.,0.,1.));
#3781 = ORIENTED_EDGE('',*,*,#1087,.F.);
#3782 = ORIENTED_EDGE('',*,*,#3750,.F.);
#3783 = SURFACE_OF_LINEAR_EXTRUSION('',#3784,#3788);
#3784 = B_SPLINE_CURVE_WITH_KNOTS('',2,(#3785,#3786,#3787),
  .UNSPECIFIED.,.F.,.F.,(3,3),(0.,1.),.PIECEWISE_BEZIER_KNOTS.);
#3785 = CARTESIAN_POINT('',(12.380257252897,10.700785639045,8.8));
#3786 = CARTESIAN_POINT('',(12.380257252897,10.974420646067,8.8));
#3787 = CARTESIAN_POINT('',(12.534856971998,11.212653616573,8.8));
#3788 = VECTOR('',#3789,1.);
#3789 = DIRECTION('',(-0.,-0.,-1.));
#3790 = ADVANCED_FACE('',(#3791),#3809,.F.);
#3791 = FACE_BOUND('',#3792,.F.);
#3792 = EDGE_LOOP('',(#3793,#3801,#3807,#3808));
#3793 = ORIENTED_EDGE('',*,*,#3794,.F.);
#3794 = EDGE_CURVE('',#3795,#3769,#3797,.T.);
#3795 = VERTEX_POINT('',#3796);
#3796 = CARTESIAN_POINT('',(12.709106445312,9.980240519663,8.8));
#3797 = B_SPLINE_CURVE_WITH_KNOTS('',2,(#3798,#3799,#3800),
  .UNSPECIFIED.,.F.,.F.,(3,3),(0.,1.),.PIECEWISE_BEZIER_KNOTS.);
#3798 = CARTESIAN_POINT('',(12.709106445312,9.980240519663,8.8));
#3799 = CARTESIAN_POINT('',(12.380257252897,10.27579880618,8.8));
#3800 = CARTESIAN_POINT('',(12.380257252897,10.700785639045,8.8));
#3801 = ORIENTED_EDGE('',*,*,#3802,.T.);
#3802 = EDGE_CURVE('',#3795,#1056,#3803,.T.);
#3803 = LINE('',#3804,#3805);
#3804 = CARTESIAN_POINT('',(12.709106445312,9.980240519663,8.8));
#3805 = VECTOR('',#3806,1.);
#3806 = DIRECTION('',(0.,0.,1.));
#3807 = ORIENTED_EDGE('',*,*,#1072,.F.);
#3808 = ORIENTED_EDGE('',*,*,#3776,.F.);
#3809 = SURFACE_OF_LINEAR_EXTRUSION('',#3810,#3814);
#3810 = B_SPLINE_CURVE_WITH_KNOTS('',2,(#3811,#3812,#3813),
  .UNSPECIFIED.,.F.,.F.,(3,3),(0.,1.),.PIECEWISE_BEZIER_KNOTS.);
#3811 = CARTESIAN_POINT('',(12.709106445312,9.980240519663,8.8));
#3812 = CARTESIAN_POINT('',(12.380257252897,10.27579880618,8.8));
#3813 = CARTESIAN_POINT('',(12.380257252897,10.700785639045,8.8));
#3814 = VECTOR('',#3815,1.);
#3815 = DIRECTION('',(-0.,-0.,-1.));
#3816 = ADVANCED_FACE('',(#3817),#3835,.F.);
#3817 = FACE_BOUND('',#3818,.F.);
#3818 = EDGE_LOOP('',(#3819,#3827,#3833,#3834));
#3819 = ORIENTED_EDGE('',*,*,#3820,.F.);
#3820 = EDGE_CURVE('',#3821,#3795,#3823,.T.);
#3821 = VERTEX_POINT('',#3822);
#3822 = CARTESIAN_POINT('',(13.522703706548,9.625245786517,8.8));
#3823 = B_SPLINE_CURVE_WITH_KNOTS('',2,(#3824,#3825,#3826),
  .UNSPECIFIED.,.F.,.F.,(3,3),(0.,1.),.PIECEWISE_BEZIER_KNOTS.);
#3824 = CARTESIAN_POINT('',(13.522703706548,9.625245786517,8.8));
#3825 = CARTESIAN_POINT('',(12.942954759919,9.770101825843,8.8));
#3826 = CARTESIAN_POINT('',(12.709106445312,9.980240519663,8.8));
#3827 = ORIENTED_EDGE('',*,*,#3828,.T.);
#3828 = EDGE_CURVE('',#3821,#1043,#3829,.T.);
#3829 = LINE('',#3830,#3831);
#3830 = CARTESIAN_POINT('',(13.522703706548,9.625245786517,8.8));
#3831 = VECTOR('',#3832,1.);
#3832 = DIRECTION('',(0.,0.,1.));
#3833 = ORIENTED_EDGE('',*,*,#1055,.F.);
#3834 = ORIENTED_EDGE('',*,*,#3802,.F.);
#3835 = SURFACE_OF_LINEAR_EXTRUSION('',#3836,#3840);
#3836 = B_SPLINE_CURVE_WITH_KNOTS('',2,(#3837,#3838,#3839),
  .UNSPECIFIED.,.F.,.F.,(3,3),(0.,1.),.PIECEWISE_BEZIER_KNOTS.);
#3837 = CARTESIAN_POINT('',(13.522703706548,9.625245786517,8.8));
#3838 = CARTESIAN_POINT('',(12.942954759919,9.770101825843,8.8));
#3839 = CARTESIAN_POINT('',(12.709106445312,9.980240519663,8.8));
#3840 = VECTOR('',#3841,1.);
#3841 = DIRECTION('',(-0.,-0.,-1.));
#3842 = ADVANCED_FACE('',(#3843),#3861,.F.);
#3843 = FACE_BOUND('',#3844,.F.);
#3844 = EDGE_LOOP('',(#3845,#3853,#3859,#3860));
#3845 = ORIENTED_EDGE('',*,*,#3846,.F.);
#3846 = EDGE_CURVE('',#3847,#3821,#3849,.T.);
#3847 = VERTEX_POINT('',#3848);
#3848 = CARTESIAN_POINT('',(14.100016733234,9.468047752809,8.8));
#3849 = B_SPLINE_CURVE_WITH_KNOTS('',2,(#3850,#3851,#3852),
  .UNSPECIFIED.,.F.,.F.,(3,3),(0.,1.),.PIECEWISE_BEZIER_KNOTS.);
#3850 = CARTESIAN_POINT('',(14.100016733234,9.468047752809,8.8));
#3851 = CARTESIAN_POINT('',(13.973348896155,9.512219101124,8.8));
#3852 = CARTESIAN_POINT('',(13.522703706548,9.625245786517,8.8));
#3853 = ORIENTED_EDGE('',*,*,#3854,.T.);
#3854 = EDGE_CURVE('',#3847,#1032,#3855,.T.);
#3855 = LINE('',#3856,#3857);
#3856 = CARTESIAN_POINT('',(14.100016733234,9.468047752809,8.8));
#3857 = VECTOR('',#3858,1.);
#3858 = DIRECTION('',(0.,0.,1.));
#3859 = ORIENTED_EDGE('',*,*,#1042,.F.);
#3860 = ORIENTED_EDGE('',*,*,#3828,.F.);
#3861 = SURFACE_OF_LINEAR_EXTRUSION('',#3862,#3866);
#3862 = B_SPLINE_CURVE_WITH_KNOTS('',2,(#3863,#3864,#3865),
  .UNSPECIFIED.,.F.,.F.,(3,3),(0.,1.),.PIECEWISE_BEZIER_KNOTS.);
#3863 = CARTESIAN_POINT('',(14.100016733234,9.468047752809,8.8));
#3864 = CARTESIAN_POINT('',(13.973348896155,9.512219101124,8.8));
#3865 = CARTESIAN_POINT('',(13.522703706548,9.625245786517,8.8));
#3866 = VECTOR('',#3867,1.);
#3867 = DIRECTION('',(-0.,-0.,-1.));
#3868 = ADVANCED_FACE('',(#3869),#3887,.F.);
#3869 = FACE_BOUND('',#3870,.F.);
#3870 = EDGE_LOOP('',(#3871,#3879,#3885,#3886));
#3871 = ORIENTED_EDGE('',*,*,#3872,.F.);
#3872 = EDGE_CURVE('',#3873,#3847,#3875,.T.);
#3873 = VERTEX_POINT('',#3874);
#3874 = CARTESIAN_POINT('',(14.359361009919,9.314747191011,8.8));
#3875 = B_SPLINE_CURVE_WITH_KNOTS('',2,(#3876,#3877,#3878),
  .UNSPECIFIED.,.F.,.F.,(3,3),(0.,1.),.PIECEWISE_BEZIER_KNOTS.);
#3876 = CARTESIAN_POINT('',(14.359361009919,9.314747191011,8.8));
#3877 = CARTESIAN_POINT('',(14.285146648964,9.402927492978,8.8));
#3878 = CARTESIAN_POINT('',(14.100016733234,9.468047752809,8.8));
#3879 = ORIENTED_EDGE('',*,*,#3880,.T.);
#3880 = EDGE_CURVE('',#3873,#1019,#3881,.T.);
#3881 = LINE('',#3882,#3883);
#3882 = CARTESIAN_POINT('',(14.359361009919,9.314747191011,8.8));
#3883 = VECTOR('',#3884,1.);
#3884 = DIRECTION('',(0.,0.,1.));
#3885 = ORIENTED_EDGE('',*,*,#1031,.F.);
#3886 = ORIENTED_EDGE('',*,*,#3854,.F.);
#3887 = SURFACE_OF_LINEAR_EXTRUSION('',#3888,#3892);
#3888 = B_SPLINE_CURVE_WITH_KNOTS('',2,(#3889,#3890,#3891),
  .UNSPECIFIED.,.F.,.F.,(3,3),(0.,1.),.PIECEWISE_BEZIER_KNOTS.);
#3889 = CARTESIAN_POINT('',(14.359361009919,9.314747191011,8.8));
#3890 = CARTESIAN_POINT('',(14.285146648964,9.402927492978,8.8));
#3891 = CARTESIAN_POINT('',(14.100016733234,9.468047752809,8.8));
#3892 = VECTOR('',#3893,1.);
#3893 = DIRECTION('',(-0.,-0.,-1.));
#3894 = ADVANCED_FACE('',(#3895),#3913,.F.);
#3895 = FACE_BOUND('',#3896,.F.);
#3896 = EDGE_LOOP('',(#3897,#3905,#3911,#3912));
#3897 = ORIENTED_EDGE('',*,*,#3898,.F.);
#3898 = EDGE_CURVE('',#3899,#3873,#3901,.T.);
#3899 = VERTEX_POINT('',#3900);
#3900 = CARTESIAN_POINT('',(14.433737765537,9.101035814607,8.8));
#3901 = B_SPLINE_CURVE_WITH_KNOTS('',2,(#3902,#3903,#3904),
  .UNSPECIFIED.,.F.,.F.,(3,3),(0.,1.),.PIECEWISE_BEZIER_KNOTS.);
#3902 = CARTESIAN_POINT('',(14.433737765537,9.101035814607,8.8));
#3903 = CARTESIAN_POINT('',(14.433737765537,9.226566889045,8.8));
#3904 = CARTESIAN_POINT('',(14.359361009919,9.314747191011,8.8));
#3905 = ORIENTED_EDGE('',*,*,#3906,.T.);
#3906 = EDGE_CURVE('',#3899,#1004,#3907,.T.);
#3907 = LINE('',#3908,#3909);
#3908 = CARTESIAN_POINT('',(14.433737765537,9.101035814607,8.8));
#3909 = VECTOR('',#3910,1.);
#3910 = DIRECTION('',(0.,0.,1.));
#3911 = ORIENTED_EDGE('',*,*,#1018,.F.);
#3912 = ORIENTED_EDGE('',*,*,#3880,.F.);
#3913 = SURFACE_OF_LINEAR_EXTRUSION('',#3914,#3918);
#3914 = B_SPLINE_CURVE_WITH_KNOTS('',2,(#3915,#3916,#3917),
  .UNSPECIFIED.,.F.,.F.,(3,3),(0.,1.),.PIECEWISE_BEZIER_KNOTS.);
#3915 = CARTESIAN_POINT('',(14.433737765537,9.101035814607,8.8));
#3916 = CARTESIAN_POINT('',(14.433737765537,9.226566889045,8.8));
#3917 = CARTESIAN_POINT('',(14.359361009919,9.314747191011,8.8));
#3918 = VECTOR('',#3919,1.);
#3919 = DIRECTION('',(-0.,-0.,-1.));
#3920 = ADVANCED_FACE('',(#3921),#3939,.F.);
#3921 = FACE_BOUND('',#3922,.F.);
#3922 = EDGE_LOOP('',(#3923,#3931,#3937,#3938));
#3923 = ORIENTED_EDGE('',*,*,#3924,.F.);
#3924 = EDGE_CURVE('',#3925,#3899,#3927,.T.);
#3925 = VERTEX_POINT('',#3926);
#3926 = CARTESIAN_POINT('',(14.257052372279,8.759195049157,8.8));
#3927 = B_SPLINE_CURVE_WITH_KNOTS('',2,(#3928,#3929,#3930),
  .UNSPECIFIED.,.F.,.F.,(3,3),(0.,1.),.PIECEWISE_BEZIER_KNOTS.);
#3928 = CARTESIAN_POINT('',(14.257052372279,8.759195049157,8.8));
#3929 = CARTESIAN_POINT('',(14.433737765537,8.905350245787,8.8));
#3930 = CARTESIAN_POINT('',(14.433737765537,9.101035814607,8.8));
#3931 = ORIENTED_EDGE('',*,*,#3932,.T.);
#3932 = EDGE_CURVE('',#3925,#989,#3933,.T.);
#3933 = LINE('',#3934,#3935);
#3934 = CARTESIAN_POINT('',(14.257052372279,8.759195049157,8.8));
#3935 = VECTOR('',#3936,1.);
#3936 = DIRECTION('',(0.,0.,1.));
#3937 = ORIENTED_EDGE('',*,*,#1003,.F.);
#3938 = ORIENTED_EDGE('',*,*,#3906,.F.);
#3939 = SURFACE_OF_LINEAR_EXTRUSION('',#3940,#3944);
#3940 = B_SPLINE_CURVE_WITH_KNOTS('',2,(#3941,#3942,#3943),
  .UNSPECIFIED.,.F.,.F.,(3,3),(0.,1.),.PIECEWISE_BEZIER_KNOTS.);
#3941 = CARTESIAN_POINT('',(14.257052372279,8.759195049157,8.8));
#3942 = CARTESIAN_POINT('',(14.433737765537,8.905350245787,8.8));
#3943 = CARTESIAN_POINT('',(14.433737765537,9.101035814607,8.8));
#3944 = VECTOR('',#3945,1.);
#3945 = DIRECTION('',(-0.,-0.,-1.));
#3946 = ADVANCED_FACE('',(#3947),#3965,.F.);
#3947 = FACE_BOUND('',#3948,.F.);
#3948 = EDGE_LOOP('',(#3949,#3957,#3963,#3964));
#3949 = ORIENTED_EDGE('',*,*,#3950,.F.);
#3950 = EDGE_CURVE('',#3951,#3925,#3953,.T.);
#3951 = VERTEX_POINT('',#3952);
#3952 = CARTESIAN_POINT('',(13.732192821717,8.613202247191,8.8));
#3953 = B_SPLINE_CURVE_WITH_KNOTS('',2,(#3954,#3955,#3956),
  .UNSPECIFIED.,.F.,.F.,(3,3),(0.,1.),.PIECEWISE_BEZIER_KNOTS.);
#3954 = CARTESIAN_POINT('',(13.732192821717,8.613202247191,8.8));
#3955 = CARTESIAN_POINT('',(14.080529373683,8.613202247191,8.8));
#3956 = CARTESIAN_POINT('',(14.257052372279,8.759195049157,8.8));
#3957 = ORIENTED_EDGE('',*,*,#3958,.T.);
#3958 = EDGE_CURVE('',#3951,#974,#3959,.T.);
#3959 = LINE('',#3960,#3961);
#3960 = CARTESIAN_POINT('',(13.732192821717,8.613202247191,8.8));
#3961 = VECTOR('',#3962,1.);
#3962 = DIRECTION('',(0.,0.,1.));
#3963 = ORIENTED_EDGE('',*,*,#988,.F.);
#3964 = ORIENTED_EDGE('',*,*,#3932,.F.);
#3965 = SURFACE_OF_LINEAR_EXTRUSION('',#3966,#3970);
#3966 = B_SPLINE_CURVE_WITH_KNOTS('',2,(#3967,#3968,#3969),
  .UNSPECIFIED.,.F.,.F.,(3,3),(0.,1.),.PIECEWISE_BEZIER_KNOTS.);
#3967 = CARTESIAN_POINT('',(13.732192821717,8.613202247191,8.8));
#3968 = CARTESIAN_POINT('',(14.080529373683,8.613202247191,8.8));
#3969 = CARTESIAN_POINT('',(14.257052372279,8.759195049157,8.8));
#3970 = VECTOR('',#3971,1.);
#3971 = DIRECTION('',(-0.,-0.,-1.));
#3972 = ADVANCED_FACE('',(#3973),#3991,.F.);
#3973 = FACE_BOUND('',#3974,.F.);
#3974 = EDGE_LOOP('',(#3975,#3983,#3989,#3990));
#3975 = ORIENTED_EDGE('',*,*,#3976,.F.);
#3976 = EDGE_CURVE('',#3977,#3951,#3979,.T.);
#3977 = VERTEX_POINT('',#3978);
#3978 = CARTESIAN_POINT('',(13.209606796436,8.77657127809,8.8));
#3979 = B_SPLINE_CURVE_WITH_KNOTS('',2,(#3980,#3981,#3982),
  .UNSPECIFIED.,.F.,.F.,(3,3),(0.,1.),.PIECEWISE_BEZIER_KNOTS.);
#3980 = CARTESIAN_POINT('',(13.209606796436,8.77657127809,8.8));
#3981 = CARTESIAN_POINT('',(13.403343629301,8.613202247191,8.8));
#3982 = CARTESIAN_POINT('',(13.732192821717,8.613202247191,8.8));
#3983 = ORIENTED_EDGE('',*,*,#3984,.T.);
#3984 = EDGE_CURVE('',#3977,#959,#3985,.T.);
#3985 = LINE('',#3986,#3987);
#3986 = CARTESIAN_POINT('',(13.209606796436,8.77657127809,8.8));
#3987 = VECTOR('',#3988,1.);
#3988 = DIRECTION('',(0.,0.,1.));
#3989 = ORIENTED_EDGE('',*,*,#973,.F.);
#3990 = ORIENTED_EDGE('',*,*,#3958,.F.);
#3991 = SURFACE_OF_LINEAR_EXTRUSION('',#3992,#3996);
#3992 = B_SPLINE_CURVE_WITH_KNOTS('',2,(#3993,#3994,#3995),
  .UNSPECIFIED.,.F.,.F.,(3,3),(0.,1.),.PIECEWISE_BEZIER_KNOTS.);
#3993 = CARTESIAN_POINT('',(13.209606796436,8.77657127809,8.8));
#3994 = CARTESIAN_POINT('',(13.403343629301,8.613202247191,8.8));
#3995 = CARTESIAN_POINT('',(13.732192821717,8.613202247191,8.8));
#3996 = VECTOR('',#3997,1.);
#3997 = DIRECTION('',(-0.,-0.,-1.));
#3998 = ADVANCED_FACE('',(#3999),#4010,.F.);
#3999 = FACE_BOUND('',#4000,.F.);
#4000 = EDGE_LOOP('',(#4001,#4007,#4008,#4009));
#4001 = ORIENTED_EDGE('',*,*,#4002,.F.);
#4002 = EDGE_CURVE('',#3248,#3977,#4003,.T.);
#4003 = B_SPLINE_CURVE_WITH_KNOTS('',2,(#4004,#4005,#4006),
  .UNSPECIFIED.,.F.,.F.,(3,3),(0.,1.),.PIECEWISE_BEZIER_KNOTS.);
#4004 = CARTESIAN_POINT('',(12.952698439695,9.288764044944,8.8));
#4005 = CARTESIAN_POINT('',(13.016032358234,8.940102703652,8.8));
#4006 = CARTESIAN_POINT('',(13.209606796436,8.77657127809,8.8));
#4007 = ORIENTED_EDGE('',*,*,#3262,.T.);
#4008 = ORIENTED_EDGE('',*,*,#958,.F.);
#4009 = ORIENTED_EDGE('',*,*,#3984,.F.);
#4010 = SURFACE_OF_LINEAR_EXTRUSION('',#4011,#4015);
#4011 = B_SPLINE_CURVE_WITH_KNOTS('',2,(#4012,#4013,#4014),
  .UNSPECIFIED.,.F.,.F.,(3,3),(0.,1.),.PIECEWISE_BEZIER_KNOTS.);
#4012 = CARTESIAN_POINT('',(12.952698439695,9.288764044944,8.8));
#4013 = CARTESIAN_POINT('',(13.016032358234,8.940102703652,8.8));
#4014 = CARTESIAN_POINT('',(13.209606796436,8.77657127809,8.8));
#4015 = VECTOR('',#4016,1.);
#4016 = DIRECTION('',(-0.,-0.,-1.));
#4017 = ADVANCED_FACE('',(#4018),#4043,.F.);
#4018 = FACE_BOUND('',#4019,.F.);
#4019 = EDGE_LOOP('',(#4020,#4030,#4036,#4037));
#4020 = ORIENTED_EDGE('',*,*,#4021,.F.);
#4021 = EDGE_CURVE('',#4022,#4024,#4026,.T.);
#4022 = VERTEX_POINT('',#4023);
#4023 = CARTESIAN_POINT('',(16.706958556443,8.062359550562,8.8));
#4024 = VERTEX_POINT('',#4025);
#4025 = CARTESIAN_POINT('',(16.706958556443,11.034831460674,8.8));
#4026 = LINE('',#4027,#4028);
#4027 = CARTESIAN_POINT('',(16.706958556443,8.062359550562,8.8));
#4028 = VECTOR('',#4029,1.);
#4029 = DIRECTION('',(0.,1.,0.));
#4030 = ORIENTED_EDGE('',*,*,#4031,.T.);
#4031 = EDGE_CURVE('',#4022,#1368,#4032,.T.);
#4032 = LINE('',#4033,#4034);
#4033 = CARTESIAN_POINT('',(16.706958556443,8.062359550562,8.8));
#4034 = VECTOR('',#4035,1.);
#4035 = DIRECTION('',(0.,0.,1.));
#4036 = ORIENTED_EDGE('',*,*,#1365,.F.);
#4037 = ORIENTED_EDGE('',*,*,#4038,.F.);
#4038 = EDGE_CURVE('',#4024,#1366,#4039,.T.);
#4039 = LINE('',#4040,#4041);
#4040 = CARTESIAN_POINT('',(16.706958556443,11.034831460674,8.8));
#4041 = VECTOR('',#4042,1.);
#4042 = DIRECTION('',(0.,0.,1.));
#4043 = PLANE('',#4044);
#4044 = AXIS2_PLACEMENT_3D('',#4045,#4046,#4047);
#4045 = CARTESIAN_POINT('',(16.706958556443,8.062359550562,8.8));
#4046 = DIRECTION('',(-1.,0.,0.));
#4047 = DIRECTION('',(0.,1.,0.));
#4048 = ADVANCED_FACE('',(#4049),#4067,.F.);
#4049 = FACE_BOUND('',#4050,.F.);
#4050 = EDGE_LOOP('',(#4051,#4059,#4065,#4066));
#4051 = ORIENTED_EDGE('',*,*,#4052,.F.);
#4052 = EDGE_CURVE('',#4053,#4022,#4055,.T.);
#4053 = VERTEX_POINT('',#4054);
#4054 = CARTESIAN_POINT('',(17.427990859814,8.062359550562,8.8));
#4055 = LINE('',#4056,#4057);
#4056 = CARTESIAN_POINT('',(17.427990859814,8.062359550562,8.8));
#4057 = VECTOR('',#4058,1.);
#4058 = DIRECTION('',(-1.,0.,0.));
#4059 = ORIENTED_EDGE('',*,*,#4060,.T.);
#4060 = EDGE_CURVE('',#4053,#1416,#4061,.T.);
#4061 = LINE('',#4062,#4063);
#4062 = CARTESIAN_POINT('',(17.427990859814,8.062359550562,8.8));
#4063 = VECTOR('',#4064,1.);
#4064 = DIRECTION('',(0.,0.,1.));
#4065 = ORIENTED_EDGE('',*,*,#1423,.F.);
#4066 = ORIENTED_EDGE('',*,*,#4031,.F.);
#4067 = PLANE('',#4068);
#4068 = AXIS2_PLACEMENT_3D('',#4069,#4070,#4071);
#4069 = CARTESIAN_POINT('',(17.427990859814,8.062359550562,8.8));
#4070 = DIRECTION('',(0.,-1.,0.));
#4071 = DIRECTION('',(-1.,0.,0.));
#4072 = ADVANCED_FACE('',(#4073),#4091,.F.);
#4073 = FACE_BOUND('',#4074,.F.);
#4074 = EDGE_LOOP('',(#4075,#4083,#4089,#4090));
#4075 = ORIENTED_EDGE('',*,*,#4076,.F.);
#4076 = EDGE_CURVE('',#4077,#4053,#4079,.T.);
#4077 = VERTEX_POINT('',#4078);
#4078 = CARTESIAN_POINT('',(17.427990859814,11.034831460674,8.8));
#4079 = LINE('',#4080,#4081);
#4080 = CARTESIAN_POINT('',(17.427990859814,11.034831460674,8.8));
#4081 = VECTOR('',#4082,1.);
#4082 = DIRECTION('',(0.,-1.,0.));
#4083 = ORIENTED_EDGE('',*,*,#4084,.T.);
#4084 = EDGE_CURVE('',#4077,#1408,#4085,.T.);
#4085 = LINE('',#4086,#4087);
#4086 = CARTESIAN_POINT('',(17.427990859814,11.034831460674,8.8));
#4087 = VECTOR('',#4088,1.);
#4088 = DIRECTION('',(0.,0.,1.));
#4089 = ORIENTED_EDGE('',*,*,#1415,.F.);
#4090 = ORIENTED_EDGE('',*,*,#4060,.F.);
#4091 = PLANE('',#4092);
#4092 = AXIS2_PLACEMENT_3D('',#4093,#4094,#4095);
#4093 = CARTESIAN_POINT('',(17.427990859814,11.034831460674,8.8));
#4094 = DIRECTION('',(1.,0.,0.));
#4095 = DIRECTION('',(0.,-1.,0.));
#4096 = ADVANCED_FACE('',(#4097),#4115,.F.);
#4097 = FACE_BOUND('',#4098,.F.);
#4098 = EDGE_LOOP('',(#4099,#4107,#4113,#4114));
#4099 = ORIENTED_EDGE('',*,*,#4100,.F.);
#4100 = EDGE_CURVE('',#4101,#4077,#4103,.T.);
#4101 = VERTEX_POINT('',#4102);
#4102 = CARTESIAN_POINT('',(18.485180115432,11.034831460674,8.8));
#4103 = LINE('',#4104,#4105);
#4104 = CARTESIAN_POINT('',(18.485180115432,11.034831460674,8.8));
#4105 = VECTOR('',#4106,1.);
#4106 = DIRECTION('',(-1.,0.,0.));
#4107 = ORIENTED_EDGE('',*,*,#4108,.T.);
#4108 = EDGE_CURVE('',#4101,#1400,#4109,.T.);
#4109 = LINE('',#4110,#4111);
#4110 = CARTESIAN_POINT('',(18.485180115432,11.034831460674,8.8));
#4111 = VECTOR('',#4112,1.);
#4112 = DIRECTION('',(0.,0.,1.));
#4113 = ORIENTED_EDGE('',*,*,#1407,.F.);
#4114 = ORIENTED_EDGE('',*,*,#4084,.F.);
#4115 = PLANE('',#4116);
#4116 = AXIS2_PLACEMENT_3D('',#4117,#4118,#4119);
#4117 = CARTESIAN_POINT('',(18.485180115432,11.034831460674,8.8));
#4118 = DIRECTION('',(0.,-1.,0.));
#4119 = DIRECTION('',(-1.,0.,0.));
#4120 = ADVANCED_FACE('',(#4121),#4139,.F.);
#4121 = FACE_BOUND('',#4122,.F.);
#4122 = EDGE_LOOP('',(#4123,#4131,#4137,#4138));
#4123 = ORIENTED_EDGE('',*,*,#4124,.F.);
#4124 = EDGE_CURVE('',#4125,#4101,#4127,.T.);
#4125 = VERTEX_POINT('',#4126);
#4126 = CARTESIAN_POINT('',(18.485180115432,11.637640449438,8.8));
#4127 = LINE('',#4128,#4129);
#4128 = CARTESIAN_POINT('',(18.485180115432,11.637640449438,8.8));
#4129 = VECTOR('',#4130,1.);
#4130 = DIRECTION('',(0.,-1.,0.));
#4131 = ORIENTED_EDGE('',*,*,#4132,.T.);
#4132 = EDGE_CURVE('',#4125,#1392,#4133,.T.);
#4133 = LINE('',#4134,#4135);
#4134 = CARTESIAN_POINT('',(18.485180115432,11.637640449438,8.8));
#4135 = VECTOR('',#4136,1.);
#4136 = DIRECTION('',(0.,0.,1.));
#4137 = ORIENTED_EDGE('',*,*,#1399,.F.);
#4138 = ORIENTED_EDGE('',*,*,#4108,.F.);
#4139 = PLANE('',#4140);
#4140 = AXIS2_PLACEMENT_3D('',#4141,#4142,#4143);
#4141 = CARTESIAN_POINT('',(18.485180115432,11.637640449438,8.8));
#4142 = DIRECTION('',(1.,0.,0.));
#4143 = DIRECTION('',(0.,-1.,0.));
#4144 = ADVANCED_FACE('',(#4145),#4163,.F.);
#4145 = FACE_BOUND('',#4146,.F.);
#4146 = EDGE_LOOP('',(#4147,#4155,#4161,#4162));
#4147 = ORIENTED_EDGE('',*,*,#4148,.F.);
#4148 = EDGE_CURVE('',#4149,#4125,#4151,.T.);
#4149 = VERTEX_POINT('',#4150);
#4150 = CARTESIAN_POINT('',(15.647333380881,11.637640449438,8.8));
#4151 = LINE('',#4152,#4153);
#4152 = CARTESIAN_POINT('',(15.647333380881,11.637640449438,8.8));
#4153 = VECTOR('',#4154,1.);
#4154 = DIRECTION('',(1.,0.,0.));
#4155 = ORIENTED_EDGE('',*,*,#4156,.T.);
#4156 = EDGE_CURVE('',#4149,#1384,#4157,.T.);
#4157 = LINE('',#4158,#4159);
#4158 = CARTESIAN_POINT('',(15.647333380881,11.637640449438,8.8));
#4159 = VECTOR('',#4160,1.);
#4160 = DIRECTION('',(0.,0.,1.));
#4161 = ORIENTED_EDGE('',*,*,#1391,.F.);
#4162 = ORIENTED_EDGE('',*,*,#4132,.F.);
#4163 = PLANE('',#4164);
#4164 = AXIS2_PLACEMENT_3D('',#4165,#4166,#4167);
#4165 = CARTESIAN_POINT('',(15.647333380881,11.637640449438,8.8));
#4166 = DIRECTION('',(0.,1.,0.));
#4167 = DIRECTION('',(1.,0.,0.));
#4168 = ADVANCED_FACE('',(#4169),#4187,.F.);
#4169 = FACE_BOUND('',#4170,.F.);
#4170 = EDGE_LOOP('',(#4171,#4179,#4185,#4186));
#4171 = ORIENTED_EDGE('',*,*,#4172,.F.);
#4172 = EDGE_CURVE('',#4173,#4149,#4175,.T.);
#4173 = VERTEX_POINT('',#4174);
#4174 = CARTESIAN_POINT('',(15.647333380881,11.034831460674,8.8));
#4175 = LINE('',#4176,#4177);
#4176 = CARTESIAN_POINT('',(15.647333380881,11.034831460674,8.8));
#4177 = VECTOR('',#4178,1.);
#4178 = DIRECTION('',(0.,1.,0.));
#4179 = ORIENTED_EDGE('',*,*,#4180,.T.);
#4180 = EDGE_CURVE('',#4173,#1376,#4181,.T.);
#4181 = LINE('',#4182,#4183);
#4182 = CARTESIAN_POINT('',(15.647333380881,11.034831460674,8.8));
#4183 = VECTOR('',#4184,1.);
#4184 = DIRECTION('',(0.,0.,1.));
#4185 = ORIENTED_EDGE('',*,*,#1383,.F.);
#4186 = ORIENTED_EDGE('',*,*,#4156,.F.);
#4187 = PLANE('',#4188);
#4188 = AXIS2_PLACEMENT_3D('',#4189,#4190,#4191);
#4189 = CARTESIAN_POINT('',(15.647333380881,11.034831460674,8.8));
#4190 = DIRECTION('',(-1.,0.,0.));
#4191 = DIRECTION('',(0.,1.,0.));
#4192 = ADVANCED_FACE('',(#4193),#4204,.F.);
#4193 = FACE_BOUND('',#4194,.F.);
#4194 = EDGE_LOOP('',(#4195,#4201,#4202,#4203));
#4195 = ORIENTED_EDGE('',*,*,#4196,.F.);
#4196 = EDGE_CURVE('',#4024,#4173,#4197,.T.);
#4197 = LINE('',#4198,#4199);
#4198 = CARTESIAN_POINT('',(16.706958556443,11.034831460674,8.8));
#4199 = VECTOR('',#4200,1.);
#4200 = DIRECTION('',(-1.,0.,0.));
#4201 = ORIENTED_EDGE('',*,*,#4038,.T.);
#4202 = ORIENTED_EDGE('',*,*,#1375,.F.);
#4203 = ORIENTED_EDGE('',*,*,#4180,.F.);
#4204 = PLANE('',#4205);
#4205 = AXIS2_PLACEMENT_3D('',#4206,#4207,#4208);
#4206 = CARTESIAN_POINT('',(16.706958556443,11.034831460674,8.8));
#4207 = DIRECTION('',(0.,-1.,0.));
#4208 = DIRECTION('',(-1.,0.,0.));
#4209 = ADVANCED_FACE('',(#4210),#4221,.T.);
#4210 = FACE_BOUND('',#4211,.F.);
#4211 = EDGE_LOOP('',(#4212,#4213,#4214,#4215));
#4212 = ORIENTED_EDGE('',*,*,#1617,.F.);
#4213 = ORIENTED_EDGE('',*,*,#1553,.T.);
#4214 = ORIENTED_EDGE('',*,*,#1577,.T.);
#4215 = ORIENTED_EDGE('',*,*,#4216,.F.);
#4216 = EDGE_CURVE('',#1618,#1578,#4217,.T.);
#4217 = LINE('',#4218,#4219);
#4218 = CARTESIAN_POINT('',(9.,2.9,0.));
#4219 = VECTOR('',#4220,1.);
#4220 = DIRECTION('',(1.,0.,0.));
#4221 = PLANE('',#4222);
#4222 = AXIS2_PLACEMENT_3D('',#4223,#4224,#4225);
#4223 = CARTESIAN_POINT('',(9.,2.65,0.25));
#4224 = DIRECTION('',(0.,-0.707106781187,-0.707106781187));
#4225 = DIRECTION('',(-1.,-0.,-0.));
#4226 = ADVANCED_FACE('',(#4227),#4238,.F.);
#4227 = FACE_BOUND('',#4228,.T.);
#4228 = EDGE_LOOP('',(#4229,#4230,#4231,#4232));
#4229 = ORIENTED_EDGE('',*,*,#1633,.F.);
#4230 = ORIENTED_EDGE('',*,*,#1657,.T.);
#4231 = ORIENTED_EDGE('',*,*,#1593,.T.);
#4232 = ORIENTED_EDGE('',*,*,#4233,.F.);
#4233 = EDGE_CURVE('',#1626,#1586,#4234,.T.);
#4234 = LINE('',#4235,#4236);
#4235 = CARTESIAN_POINT('',(9.,4.3,0.));
#4236 = VECTOR('',#4237,1.);
#4237 = DIRECTION('',(1.,0.,0.));
#4238 = PLANE('',#4239);
#4239 = AXIS2_PLACEMENT_3D('',#4240,#4241,#4242);
#4240 = CARTESIAN_POINT('',(9.,4.55,0.25));
#4241 = DIRECTION('',(0.,-0.707106781187,0.707106781187));
#4242 = DIRECTION('',(-1.,-0.,-0.));
#4243 = ADVANCED_FACE('',(#4244),#4250,.F.);
#4244 = FACE_BOUND('',#4245,.F.);
#4245 = EDGE_LOOP('',(#4246,#4247,#4248,#4249));
#4246 = ORIENTED_EDGE('',*,*,#1625,.F.);
#4247 = ORIENTED_EDGE('',*,*,#4216,.T.);
#4248 = ORIENTED_EDGE('',*,*,#1585,.T.);
#4249 = ORIENTED_EDGE('',*,*,#4233,.F.);
#4250 = PLANE('',#4251);
#4251 = AXIS2_PLACEMENT_3D('',#4252,#4253,#4254);
#4252 = CARTESIAN_POINT('',(9.,2.4,0.));
#4253 = DIRECTION('',(0.,0.,1.));
#4254 = DIRECTION('',(1.,0.,0.));
#4255 = ADVANCED_FACE('',(#4256),#4267,.T.);
#4256 = FACE_BOUND('',#4257,.F.);
#4257 = EDGE_LOOP('',(#4258,#4259,#4260,#4261));
#4258 = ORIENTED_EDGE('',*,*,#1769,.F.);
#4259 = ORIENTED_EDGE('',*,*,#1681,.T.);
#4260 = ORIENTED_EDGE('',*,*,#1705,.T.);
#4261 = ORIENTED_EDGE('',*,*,#4262,.F.);
#4262 = EDGE_CURVE('',#1770,#1706,#4263,.T.);
#4263 = LINE('',#4264,#4265);
#4264 = CARTESIAN_POINT('',(9.,10.7,0.));
#4265 = VECTOR('',#4266,1.);
#4266 = DIRECTION('',(1.,0.,0.));
#4267 = PLANE('',#4268);
#4268 = AXIS2_PLACEMENT_3D('',#4269,#4270,#4271);
#4269 = CARTESIAN_POINT('',(9.,10.45,0.25));
#4270 = DIRECTION('',(0.,-0.707106781187,-0.707106781187));
#4271 = DIRECTION('',(-1.,-0.,-0.));
#4272 = ADVANCED_FACE('',(#4273),#4284,.F.);
#4273 = FACE_BOUND('',#4274,.T.);
#4274 = EDGE_LOOP('',(#4275,#4276,#4277,#4278));
#4275 = ORIENTED_EDGE('',*,*,#1785,.F.);
#4276 = ORIENTED_EDGE('',*,*,#1745,.T.);
#4277 = ORIENTED_EDGE('',*,*,#1721,.T.);
#4278 = ORIENTED_EDGE('',*,*,#4279,.F.);
#4279 = EDGE_CURVE('',#1778,#1714,#4280,.T.);
#4280 = LINE('',#4281,#4282);
#4281 = CARTESIAN_POINT('',(9.,12.1,0.));
#4282 = VECTOR('',#4283,1.);
#4283 = DIRECTION('',(1.,0.,0.));
#4284 = PLANE('',#4285);
#4285 = AXIS2_PLACEMENT_3D('',#4286,#4287,#4288);
#4286 = CARTESIAN_POINT('',(9.,12.35,0.25));
#4287 = DIRECTION('',(0.,-0.707106781187,0.707106781187));
#4288 = DIRECTION('',(-1.,-0.,-0.));
#4289 = ADVANCED_FACE('',(#4290),#4296,.F.);
#4290 = FACE_BOUND('',#4291,.F.);
#4291 = EDGE_LOOP('',(#4292,#4293,#4294,#4295));
#4292 = ORIENTED_EDGE('',*,*,#1777,.F.);
#4293 = ORIENTED_EDGE('',*,*,#4262,.T.);
#4294 = ORIENTED_EDGE('',*,*,#1713,.T.);
#4295 = ORIENTED_EDGE('',*,*,#4279,.F.);
#4296 = PLANE('',#4297);
#4297 = AXIS2_PLACEMENT_3D('',#4298,#4299,#4300);
#4298 = CARTESIAN_POINT('',(9.,10.2,0.));
#4299 = DIRECTION('',(0.,0.,1.));
#4300 = DIRECTION('',(1.,0.,0.));
#4301 = ADVANCED_FACE('',(#4302),#4317,.T.);
#4302 = FACE_BOUND('',#4303,.F.);
#4303 = EDGE_LOOP('',(#4304,#4305,#4306,#4307,#4308,#4309,#4310,#4311,
    #4312,#4313,#4314,#4315,#4316));
#4304 = ORIENTED_EDGE('',*,*,#1881,.T.);
#4305 = ORIENTED_EDGE('',*,*,#2176,.T.);
#4306 = ORIENTED_EDGE('',*,*,#2152,.T.);
#4307 = ORIENTED_EDGE('',*,*,#2128,.T.);
#4308 = ORIENTED_EDGE('',*,*,#2104,.T.);
#4309 = ORIENTED_EDGE('',*,*,#2080,.T.);
#4310 = ORIENTED_EDGE('',*,*,#2056,.T.);
#4311 = ORIENTED_EDGE('',*,*,#2032,.T.);
#4312 = ORIENTED_EDGE('',*,*,#2008,.T.);
#4313 = ORIENTED_EDGE('',*,*,#1984,.T.);
#4314 = ORIENTED_EDGE('',*,*,#1960,.T.);
#4315 = ORIENTED_EDGE('',*,*,#1936,.T.);
#4316 = ORIENTED_EDGE('',*,*,#1912,.T.);
#4317 = PLANE('',#4318);
#4318 = AXIS2_PLACEMENT_3D('',#4319,#4320,#4321);
#4319 = CARTESIAN_POINT('',(6.466698964766,3.804828097549,8.8));
#4320 = DIRECTION('',(0.,0.,1.));
#4321 = DIRECTION('',(1.,0.,0.));
#4322 = ADVANCED_FACE('',(#4323,#4335),#4401,.T.);
#4323 = FACE_BOUND('',#4324,.F.);
#4324 = EDGE_LOOP('',(#4325,#4326,#4327,#4328,#4329,#4330,#4331,#4332,
    #4333,#4334));
#4325 = ORIENTED_EDGE('',*,*,#2193,.T.);
#4326 = ORIENTED_EDGE('',*,*,#2434,.T.);
#4327 = ORIENTED_EDGE('',*,*,#2408,.T.);
#4328 = ORIENTED_EDGE('',*,*,#2382,.T.);
#4329 = ORIENTED_EDGE('',*,*,#2356,.T.);
#4330 = ORIENTED_EDGE('',*,*,#2330,.T.);
#4331 = ORIENTED_EDGE('',*,*,#2304,.T.);
#4332 = ORIENTED_EDGE('',*,*,#2278,.T.);
#4333 = ORIENTED_EDGE('',*,*,#2252,.T.);
#4334 = ORIENTED_EDGE('',*,*,#2226,.T.);
#4335 = FACE_BOUND('',#4336,.F.);
#4336 = EDGE_LOOP('',(#4337,#4347,#4355,#4363,#4371,#4379,#4387,#4395));
#4337 = ORIENTED_EDGE('',*,*,#4338,.T.);
#4338 = EDGE_CURVE('',#4339,#4341,#4343,.T.);
#4339 = VERTEX_POINT('',#4340);
#4340 = CARTESIAN_POINT('',(9.649327104547,3.852435919944,8.8));
#4341 = VERTEX_POINT('',#4342);
#4342 = CARTESIAN_POINT('',(9.929457898086,2.927923103933,8.8));
#4343 = B_SPLINE_CURVE_WITH_KNOTS('',2,(#4344,#4345,#4346),
  .UNSPECIFIED.,.F.,.F.,(3,3),(0.,1.),.PIECEWISE_BEZIER_KNOTS.);
#4344 = CARTESIAN_POINT('',(9.649327104547,3.852435919944,8.8));
#4345 = CARTESIAN_POINT('',(9.649327104547,3.242643960674,8.8));
#4346 = CARTESIAN_POINT('',(9.929457898086,2.927923103933,8.8));
#4347 = ORIENTED_EDGE('',*,*,#4348,.T.);
#4348 = EDGE_CURVE('',#4341,#4349,#4351,.T.);
#4349 = VERTEX_POINT('',#4350);
#4350 = CARTESIAN_POINT('',(10.640746521682,2.613202247191,8.8));
#4351 = B_SPLINE_CURVE_WITH_KNOTS('',2,(#4352,#4353,#4354),
  .UNSPECIFIED.,.F.,.F.,(3,3),(0.,1.),.PIECEWISE_BEZIER_KNOTS.);
#4352 = CARTESIAN_POINT('',(9.929457898086,2.927923103933,8.8));
#4353 = CARTESIAN_POINT('',(10.209588691626,2.613202247191,8.8));
#4354 = CARTESIAN_POINT('',(10.640746521682,2.613202247191,8.8));
#4355 = ORIENTED_EDGE('',*,*,#4356,.T.);
#4356 = EDGE_CURVE('',#4349,#4357,#4359,.T.);
#4357 = VERTEX_POINT('',#4358);
#4358 = CARTESIAN_POINT('',(11.34830006803,2.925487183989,8.8));
#4359 = B_SPLINE_CURVE_WITH_KNOTS('',2,(#4360,#4361,#4362),
  .UNSPECIFIED.,.F.,.F.,(3,3),(0.,1.),.PIECEWISE_BEZIER_KNOTS.);
#4360 = CARTESIAN_POINT('',(10.640746521682,2.613202247191,8.8));
#4361 = CARTESIAN_POINT('',(11.071904351738,2.613202247191,8.8));
#4362 = CARTESIAN_POINT('',(11.34830006803,2.925487183989,8.8));
#4363 = ORIENTED_EDGE('',*,*,#4364,.T.);
#4364 = EDGE_CURVE('',#4357,#4365,#4367,.T.);
#4365 = VERTEX_POINT('',#4366);
#4366 = CARTESIAN_POINT('',(11.624858178985,3.862179599719,8.8));
#4367 = B_SPLINE_CURVE_WITH_KNOTS('',2,(#4368,#4369,#4370),
  .UNSPECIFIED.,.F.,.F.,(3,3),(0.,1.),.PIECEWISE_BEZIER_KNOTS.);
#4368 = CARTESIAN_POINT('',(11.34830006803,2.925487183989,8.8));
#4369 = CARTESIAN_POINT('',(11.624858178985,3.237772120787,8.8));
#4370 = CARTESIAN_POINT('',(11.624858178985,3.862179599719,8.8));
#4371 = ORIENTED_EDGE('',*,*,#4372,.T.);
#4372 = EDGE_CURVE('',#4365,#4373,#4375,.T.);
#4373 = VERTEX_POINT('',#4374);
#4374 = CARTESIAN_POINT('',(11.355607827862,4.783119733146,8.8));
#4375 = B_SPLINE_CURVE_WITH_KNOTS('',2,(#4376,#4377,#4378),
  .UNSPECIFIED.,.F.,.F.,(3,3),(0.,1.),.PIECEWISE_BEZIER_KNOTS.);
#4376 = CARTESIAN_POINT('',(11.624858178985,3.862179599719,8.8));
#4377 = CARTESIAN_POINT('',(11.624858178985,4.479441713483,8.8));
#4378 = CARTESIAN_POINT('',(11.355607827862,4.783119733146,8.8));
#4379 = ORIENTED_EDGE('',*,*,#4380,.T.);
#4380 = EDGE_CURVE('',#4373,#4381,#4383,.T.);
#4381 = VERTEX_POINT('',#4382);
#4382 = CARTESIAN_POINT('',(10.640746521682,5.086797752809,8.8));
#4383 = B_SPLINE_CURVE_WITH_KNOTS('',2,(#4384,#4385,#4386),
  .UNSPECIFIED.,.F.,.F.,(3,3),(0.,1.),.PIECEWISE_BEZIER_KNOTS.);
#4384 = CARTESIAN_POINT('',(11.355607827862,4.783119733146,8.8));
#4385 = CARTESIAN_POINT('',(11.086519871401,5.086797752809,8.8));
#4386 = CARTESIAN_POINT('',(10.640746521682,5.086797752809,8.8));
#4387 = ORIENTED_EDGE('',*,*,#4388,.T.);
#4388 = EDGE_CURVE('',#4381,#4389,#4391,.T.);
#4389 = VERTEX_POINT('',#4390);
#4390 = CARTESIAN_POINT('',(9.922150138255,4.779384655899,8.8));
#4391 = B_SPLINE_CURVE_WITH_KNOTS('',2,(#4392,#4393,#4394),
  .UNSPECIFIED.,.F.,.F.,(3,3),(0.,1.),.PIECEWISE_BEZIER_KNOTS.);
#4392 = CARTESIAN_POINT('',(10.640746521682,5.086797752809,8.8));
#4393 = CARTESIAN_POINT('',(10.194973171963,5.086797752809,8.8));
#4394 = CARTESIAN_POINT('',(9.922150138255,4.779384655899,8.8));
#4395 = ORIENTED_EDGE('',*,*,#4396,.T.);
#4396 = EDGE_CURVE('',#4389,#4339,#4397,.T.);
#4397 = B_SPLINE_CURVE_WITH_KNOTS('',2,(#4398,#4399,#4400),
  .UNSPECIFIED.,.F.,.F.,(3,3),(0.,1.),.PIECEWISE_BEZIER_KNOTS.);
#4398 = CARTESIAN_POINT('',(9.922150138255,4.779384655899,8.8));
#4399 = CARTESIAN_POINT('',(9.649327104547,4.472133953652,8.8));
#4400 = CARTESIAN_POINT('',(9.649327104547,3.852435919944,8.8));
#4401 = PLANE('',#4402);
#4402 = AXIS2_PLACEMENT_3D('',#4403,#4404,#4405);
#4403 = CARTESIAN_POINT('',(10.635026595671,3.853834088067,8.8));
#4404 = DIRECTION('',(0.,0.,1.));
#4405 = DIRECTION('',(1.,0.,0.));
#4406 = ADVANCED_FACE('',(#4407),#4416,.T.);
#4407 = FACE_BOUND('',#4408,.F.);
#4408 = EDGE_LOOP('',(#4409,#4410,#4411,#4412,#4413,#4414,#4415));
#4409 = ORIENTED_EDGE('',*,*,#2453,.T.);
#4410 = ORIENTED_EDGE('',*,*,#2604,.T.);
#4411 = ORIENTED_EDGE('',*,*,#2580,.T.);
#4412 = ORIENTED_EDGE('',*,*,#2556,.T.);
#4413 = ORIENTED_EDGE('',*,*,#2532,.T.);
#4414 = ORIENTED_EDGE('',*,*,#2508,.T.);
#4415 = ORIENTED_EDGE('',*,*,#2484,.T.);
#4416 = PLANE('',#4417);
#4417 = AXIS2_PLACEMENT_3D('',#4418,#4419,#4420);
#4418 = CARTESIAN_POINT('',(14.373915824679,4.106430900665,8.8));
#4419 = DIRECTION('',(0.,0.,1.));
#4420 = DIRECTION('',(1.,0.,0.));
#4421 = ADVANCED_FACE('',(#4422),#4436,.T.);
#4422 = FACE_BOUND('',#4423,.F.);
#4423 = EDGE_LOOP('',(#4424,#4425,#4426,#4427,#4428,#4429,#4430,#4431,
    #4432,#4433,#4434,#4435));
#4424 = ORIENTED_EDGE('',*,*,#2621,.T.);
#4425 = ORIENTED_EDGE('',*,*,#2892,.T.);
#4426 = ORIENTED_EDGE('',*,*,#2868,.T.);
#4427 = ORIENTED_EDGE('',*,*,#2844,.T.);
#4428 = ORIENTED_EDGE('',*,*,#2820,.T.);
#4429 = ORIENTED_EDGE('',*,*,#2796,.T.);
#4430 = ORIENTED_EDGE('',*,*,#2772,.T.);
#4431 = ORIENTED_EDGE('',*,*,#2748,.T.);
#4432 = ORIENTED_EDGE('',*,*,#2724,.T.);
#4433 = ORIENTED_EDGE('',*,*,#2700,.T.);
#4434 = ORIENTED_EDGE('',*,*,#2676,.T.);
#4435 = ORIENTED_EDGE('',*,*,#2652,.T.);
#4436 = PLANE('',#4437);
#4437 = AXIS2_PLACEMENT_3D('',#4438,#4439,#4440);
#4438 = CARTESIAN_POINT('',(17.825001596401,3.856625816049,8.8));
#4439 = DIRECTION('',(0.,0.,1.));
#4440 = DIRECTION('',(1.,0.,0.));
#4441 = ADVANCED_FACE('',(#4442),#4450,.T.);
#4442 = FACE_BOUND('',#4443,.F.);
#4443 = EDGE_LOOP('',(#4444,#4445,#4446,#4447,#4448,#4449));
#4444 = ORIENTED_EDGE('',*,*,#2909,.T.);
#4445 = ORIENTED_EDGE('',*,*,#3036,.T.);
#4446 = ORIENTED_EDGE('',*,*,#3012,.T.);
#4447 = ORIENTED_EDGE('',*,*,#2988,.T.);
#4448 = ORIENTED_EDGE('',*,*,#2964,.T.);
#4449 = ORIENTED_EDGE('',*,*,#2940,.T.);
#4450 = PLANE('',#4451);
#4451 = AXIS2_PLACEMENT_3D('',#4452,#4453,#4454);
#4452 = CARTESIAN_POINT('',(6.336521555413,9.399177092194,8.8));
#4453 = DIRECTION('',(0.,0.,1.));
#4454 = DIRECTION('',(1.,0.,0.));
#4455 = ADVANCED_FACE('',(#4456,#4466),#4492,.T.);
#4456 = FACE_BOUND('',#4457,.F.);
#4457 = EDGE_LOOP('',(#4458,#4459,#4460,#4461,#4462,#4463,#4464,#4465));
#4458 = ORIENTED_EDGE('',*,*,#3053,.T.);
#4459 = ORIENTED_EDGE('',*,*,#3228,.T.);
#4460 = ORIENTED_EDGE('',*,*,#3204,.T.);
#4461 = ORIENTED_EDGE('',*,*,#3180,.T.);
#4462 = ORIENTED_EDGE('',*,*,#3156,.T.);
#4463 = ORIENTED_EDGE('',*,*,#3132,.T.);
#4464 = ORIENTED_EDGE('',*,*,#3108,.T.);
#4465 = ORIENTED_EDGE('',*,*,#3084,.T.);
#4466 = FACE_BOUND('',#4467,.F.);
#4467 = EDGE_LOOP('',(#4468,#4478,#4486));
#4468 = ORIENTED_EDGE('',*,*,#4469,.T.);
#4469 = EDGE_CURVE('',#4470,#4472,#4474,.T.);
#4470 = VERTEX_POINT('',#4471);
#4471 = CARTESIAN_POINT('',(10.576681827159,9.475842696629,8.8));
#4472 = VERTEX_POINT('',#4473);
#4473 = CARTESIAN_POINT('',(10.084625998508,10.806179775281,8.8));
#4474 = LINE('',#4475,#4476);
#4475 = CARTESIAN_POINT('',(10.576681827159,9.475842696629,8.8));
#4476 = VECTOR('',#4477,1.);
#4477 = DIRECTION('',(-0.34690414798,0.937900587543,0.));
#4478 = ORIENTED_EDGE('',*,*,#4479,.T.);
#4479 = EDGE_CURVE('',#4472,#4480,#4482,.T.);
#4480 = VERTEX_POINT('',#4481);
#4481 = CARTESIAN_POINT('',(9.602313849631,9.475842696629,8.8));
#4482 = LINE('',#4483,#4484);
#4483 = CARTESIAN_POINT('',(10.084625998508,10.806179775281,8.8));
#4484 = VECTOR('',#4485,1.);
#4485 = DIRECTION('',(-0.340839896143,-0.940121356633,0.));
#4486 = ORIENTED_EDGE('',*,*,#4487,.T.);
#4487 = EDGE_CURVE('',#4480,#4470,#4488,.T.);
#4488 = LINE('',#4489,#4490);
#4489 = CARTESIAN_POINT('',(9.602313849631,9.475842696629,8.8));
#4490 = VECTOR('',#4491,1.);
#4491 = DIRECTION('',(1.,0.,0.));
#4492 = PLANE('',#4493);
#4493 = AXIS2_PLACEMENT_3D('',#4494,#4495,#4496);
#4494 = CARTESIAN_POINT('',(10.101217911376,9.570952075567,8.8));
#4495 = DIRECTION('',(0.,0.,1.));
#4496 = DIRECTION('',(1.,0.,0.));
#4497 = ADVANCED_FACE('',(#4498),#4530,.T.);
#4498 = FACE_BOUND('',#4499,.F.);
#4499 = EDGE_LOOP('',(#4500,#4501,#4502,#4503,#4504,#4505,#4506,#4507,
    #4508,#4509,#4510,#4511,#4512,#4513,#4514,#4515,#4516,#4517,#4518,
    #4519,#4520,#4521,#4522,#4523,#4524,#4525,#4526,#4527,#4528,#4529));
#4500 = ORIENTED_EDGE('',*,*,#3245,.T.);
#4501 = ORIENTED_EDGE('',*,*,#4002,.T.);
#4502 = ORIENTED_EDGE('',*,*,#3976,.T.);
#4503 = ORIENTED_EDGE('',*,*,#3950,.T.);
#4504 = ORIENTED_EDGE('',*,*,#3924,.T.);
#4505 = ORIENTED_EDGE('',*,*,#3898,.T.);
#4506 = ORIENTED_EDGE('',*,*,#3872,.T.);
#4507 = ORIENTED_EDGE('',*,*,#3846,.T.);
#4508 = ORIENTED_EDGE('',*,*,#3820,.T.);
#4509 = ORIENTED_EDGE('',*,*,#3794,.T.);
#4510 = ORIENTED_EDGE('',*,*,#3768,.T.);
#4511 = ORIENTED_EDGE('',*,*,#3742,.T.);
#4512 = ORIENTED_EDGE('',*,*,#3716,.T.);
#4513 = ORIENTED_EDGE('',*,*,#3690,.T.);
#4514 = ORIENTED_EDGE('',*,*,#3664,.T.);
#4515 = ORIENTED_EDGE('',*,*,#3640,.T.);
#4516 = ORIENTED_EDGE('',*,*,#3614,.T.);
#4517 = ORIENTED_EDGE('',*,*,#3588,.T.);
#4518 = ORIENTED_EDGE('',*,*,#3562,.T.);
#4519 = ORIENTED_EDGE('',*,*,#3536,.T.);
#4520 = ORIENTED_EDGE('',*,*,#3510,.T.);
#4521 = ORIENTED_EDGE('',*,*,#3484,.T.);
#4522 = ORIENTED_EDGE('',*,*,#3458,.T.);
#4523 = ORIENTED_EDGE('',*,*,#3432,.T.);
#4524 = ORIENTED_EDGE('',*,*,#3406,.T.);
#4525 = ORIENTED_EDGE('',*,*,#3380,.T.);
#4526 = ORIENTED_EDGE('',*,*,#3354,.T.);
#4527 = ORIENTED_EDGE('',*,*,#3328,.T.);
#4528 = ORIENTED_EDGE('',*,*,#3302,.T.);
#4529 = ORIENTED_EDGE('',*,*,#3276,.T.);
#4530 = PLANE('',#4531);
#4531 = AXIS2_PLACEMENT_3D('',#4532,#4533,#4534);
#4532 = CARTESIAN_POINT('',(13.726096458273,9.847311583043,8.8));
#4533 = DIRECTION('',(0.,0.,1.));
#4534 = DIRECTION('',(1.,0.,0.));
#4535 = ADVANCED_FACE('',(#4536),#4546,.T.);
#4536 = FACE_BOUND('',#4537,.F.);
#4537 = EDGE_LOOP('',(#4538,#4539,#4540,#4541,#4542,#4543,#4544,#4545));
#4538 = ORIENTED_EDGE('',*,*,#4021,.T.);
#4539 = ORIENTED_EDGE('',*,*,#4196,.T.);
#4540 = ORIENTED_EDGE('',*,*,#4172,.T.);
#4541 = ORIENTED_EDGE('',*,*,#4148,.T.);
#4542 = ORIENTED_EDGE('',*,*,#4124,.T.);
#4543 = ORIENTED_EDGE('',*,*,#4100,.T.);
#4544 = ORIENTED_EDGE('',*,*,#4076,.T.);
#4545 = ORIENTED_EDGE('',*,*,#4052,.T.);
#4546 = PLANE('',#4547);
#4547 = AXIS2_PLACEMENT_3D('',#4548,#4549,#4550);
#4548 = CARTESIAN_POINT('',(17.066821270183,10.34056964053,8.8));
#4549 = DIRECTION('',(0.,0.,1.));
#4550 = DIRECTION('',(1.,0.,0.));
#4551 = ADVANCED_FACE('',(#4552),#4586,.F.);
#4552 = FACE_BOUND('',#4553,.F.);
#4553 = EDGE_LOOP('',(#4554,#4555,#4563,#4580));
#4554 = ORIENTED_EDGE('',*,*,#4338,.F.);
#4555 = ORIENTED_EDGE('',*,*,#4556,.T.);
#4556 = EDGE_CURVE('',#4339,#4557,#4559,.T.);
#4557 = VERTEX_POINT('',#4558);
#4558 = CARTESIAN_POINT('',(9.649327104547,3.852435919944,9.5));
#4559 = LINE('',#4560,#4561);
#4560 = CARTESIAN_POINT('',(9.649327104547,3.852435919944,8.8));
#4561 = VECTOR('',#4562,1.);
#4562 = DIRECTION('',(0.,0.,1.));
#4563 = ORIENTED_EDGE('',*,*,#4564,.F.);
#4564 = EDGE_CURVE('',#4565,#4557,#4567,.T.);
#4565 = VERTEX_POINT('',#4566);
#4566 = CARTESIAN_POINT('',(9.929457898086,2.927923103933,9.5));
#4567 = B_SPLINE_CURVE_WITH_KNOTS('',6,(#4568,#4569,#4570,#4571,#4572,
    #4573,#4574,#4575,#4576,#4577,#4578,#4579),.UNSPECIFIED.,.F.,.F.,(7,
    5,7),(0.,0.477579882519,1.),.UNSPECIFIED.);
#4568 = CARTESIAN_POINT('',(9.929457898086,2.927923103933,9.5));
#4569 = CARTESIAN_POINT('',(9.88144725946,2.98186201272,9.5));
#4570 = CARTESIAN_POINT('',(9.838533848667,3.040822063127,9.5));
#4571 = CARTESIAN_POINT('',(9.80091681666,3.104441667211,9.5));
#4572 = CARTESIAN_POINT('',(9.768561285596,3.172241357214,9.5));
#4573 = CARTESIAN_POINT('',(9.741277613989,3.243688488457,9.5));
#4574 = CARTESIAN_POINT('',(9.694213336485,3.399837138128,9.5));
#4575 = CARTESIAN_POINT('',(9.675374310204,3.485162665673,9.5));
#4576 = CARTESIAN_POINT('',(9.661919642054,3.573608775938,9.5));
#4577 = CARTESIAN_POINT('',(9.653387751557,3.66459600554,9.5));
#4578 = CARTESIAN_POINT('',(9.649327104547,3.75765362654,9.5));
#4579 = CARTESIAN_POINT('',(9.649327104547,3.852435919944,9.5));
#4580 = ORIENTED_EDGE('',*,*,#4581,.F.);
#4581 = EDGE_CURVE('',#4341,#4565,#4582,.T.);
#4582 = LINE('',#4583,#4584);
#4583 = CARTESIAN_POINT('',(9.929457898086,2.927923103933,8.8));
#4584 = VECTOR('',#4585,1.);
#4585 = DIRECTION('',(0.,0.,1.));
#4586 = SURFACE_OF_LINEAR_EXTRUSION('',#4587,#4591);
#4587 = B_SPLINE_CURVE_WITH_KNOTS('',2,(#4588,#4589,#4590),
  .UNSPECIFIED.,.F.,.F.,(3,3),(0.,1.),.PIECEWISE_BEZIER_KNOTS.);
#4588 = CARTESIAN_POINT('',(9.649327104547,3.852435919944,8.8));
#4589 = CARTESIAN_POINT('',(9.649327104547,3.242643960674,8.8));
#4590 = CARTESIAN_POINT('',(9.929457898086,2.927923103933,8.8));
#4591 = VECTOR('',#4592,1.);
#4592 = DIRECTION('',(-0.,-0.,-1.));
#4593 = ADVANCED_FACE('',(#4594),#4619,.F.);
#4594 = FACE_BOUND('',#4595,.F.);
#4595 = EDGE_LOOP('',(#4596,#4597,#4598,#4613));
#4596 = ORIENTED_EDGE('',*,*,#4348,.F.);
#4597 = ORIENTED_EDGE('',*,*,#4581,.T.);
#4598 = ORIENTED_EDGE('',*,*,#4599,.F.);
#4599 = EDGE_CURVE('',#4600,#4565,#4602,.T.);
#4600 = VERTEX_POINT('',#4601);
#4601 = CARTESIAN_POINT('',(10.640746521682,2.613202247191,9.5));
#4602 = B_SPLINE_CURVE_WITH_KNOTS('',5,(#4603,#4604,#4605,#4606,#4607,
    #4608,#4609,#4610,#4611,#4612),.UNSPECIFIED.,.F.,.F.,(6,4,6),(0.,
    0.534838154364,1.),.UNSPECIFIED.);
#4603 = CARTESIAN_POINT('',(10.640746521682,2.613202247191,9.5));
#4604 = CARTESIAN_POINT('',(10.551147680441,2.613202247191,9.5));
#4605 = CARTESIAN_POINT('',(10.463862667525,2.621696932689,9.5));
#4606 = CARTESIAN_POINT('',(10.3796520986,2.63935343217,9.5));
#4607 = CARTESIAN_POINT('',(10.299271957814,2.6665374055,9.5));
#4608 = CARTESIAN_POINT('',(10.157293057492,2.734612919595,9.5));
#4609 = CARTESIAN_POINT('',(10.094591605324,2.773266888966,9.5));
#4610 = CARTESIAN_POINT('',(10.035633148382,2.81872122081,9.5));
#4611 = CARTESIAN_POINT('',(9.980582441598,2.870485790701,9.5));
#4612 = CARTESIAN_POINT('',(9.929457898086,2.927923103933,9.5));
#4613 = ORIENTED_EDGE('',*,*,#4614,.F.);
#4614 = EDGE_CURVE('',#4349,#4600,#4615,.T.);
#4615 = LINE('',#4616,#4617);
#4616 = CARTESIAN_POINT('',(10.640746521682,2.613202247191,8.8));
#4617 = VECTOR('',#4618,1.);
#4618 = DIRECTION('',(0.,0.,1.));
#4619 = SURFACE_OF_LINEAR_EXTRUSION('',#4620,#4624);
#4620 = B_SPLINE_CURVE_WITH_KNOTS('',2,(#4621,#4622,#4623),
  .UNSPECIFIED.,.F.,.F.,(3,3),(0.,1.),.PIECEWISE_BEZIER_KNOTS.);
#4621 = CARTESIAN_POINT('',(9.929457898086,2.927923103933,8.8));
#4622 = CARTESIAN_POINT('',(10.209588691626,2.613202247191,8.8));
#4623 = CARTESIAN_POINT('',(10.640746521682,2.613202247191,8.8));
#4624 = VECTOR('',#4625,1.);
#4625 = DIRECTION('',(-0.,-0.,-1.));
#4626 = ADVANCED_FACE('',(#4627),#4652,.F.);
#4627 = FACE_BOUND('',#4628,.F.);
#4628 = EDGE_LOOP('',(#4629,#4630,#4631,#4646));
#4629 = ORIENTED_EDGE('',*,*,#4356,.F.);
#4630 = ORIENTED_EDGE('',*,*,#4614,.T.);
#4631 = ORIENTED_EDGE('',*,*,#4632,.F.);
#4632 = EDGE_CURVE('',#4633,#4600,#4635,.T.);
#4633 = VERTEX_POINT('',#4634);
#4634 = CARTESIAN_POINT('',(11.34830006803,2.925487183989,9.5));
#4635 = B_SPLINE_CURVE_WITH_KNOTS('',5,(#4636,#4637,#4638,#4639,#4640,
    #4641,#4642,#4643,#4644,#4645),.UNSPECIFIED.,.F.,.F.,(6,4,6),(0.,
    0.44881716286,1.),.UNSPECIFIED.);
#4636 = CARTESIAN_POINT('',(11.34830006803,2.925487183989,9.5));
#4637 = CARTESIAN_POINT('',(11.299526572873,2.870380585172,9.5));
#4638 = CARTESIAN_POINT('',(11.2470395072,2.820558958012,9.5));
#4639 = CARTESIAN_POINT('',(11.190856763448,2.776587849062,9.5));
#4640 = CARTESIAN_POINT('',(11.131126894614,2.738900000671,9.5));
#4641 = CARTESIAN_POINT('',(10.990931054324,2.669313624116,9.5));
#4642 = CARTESIAN_POINT('',(10.908814678353,2.640682308988,9.5));
#4643 = CARTESIAN_POINT('',(10.822521833189,2.62211624813,9.5));
#4644 = CARTESIAN_POINT('',(10.732887105854,2.613202247191,9.5));
#4645 = CARTESIAN_POINT('',(10.640746521682,2.613202247191,9.5));
#4646 = ORIENTED_EDGE('',*,*,#4647,.F.);
#4647 = EDGE_CURVE('',#4357,#4633,#4648,.T.);
#4648 = LINE('',#4649,#4650);
#4649 = CARTESIAN_POINT('',(11.34830006803,2.925487183989,8.8));
#4650 = VECTOR('',#4651,1.);
#4651 = DIRECTION('',(0.,0.,1.));
#4652 = SURFACE_OF_LINEAR_EXTRUSION('',#4653,#4657);
#4653 = B_SPLINE_CURVE_WITH_KNOTS('',2,(#4654,#4655,#4656),
  .UNSPECIFIED.,.F.,.F.,(3,3),(0.,1.),.PIECEWISE_BEZIER_KNOTS.);
#4654 = CARTESIAN_POINT('',(10.640746521682,2.613202247191,8.8));
#4655 = CARTESIAN_POINT('',(11.071904351738,2.613202247191,8.8));
#4656 = CARTESIAN_POINT('',(11.34830006803,2.925487183989,8.8));
#4657 = VECTOR('',#4658,1.);
#4658 = DIRECTION('',(-0.,-0.,-1.));
#4659 = ADVANCED_FACE('',(#4660),#4687,.F.);
#4660 = FACE_BOUND('',#4661,.F.);
#4661 = EDGE_LOOP('',(#4662,#4663,#4664,#4681));
#4662 = ORIENTED_EDGE('',*,*,#4364,.F.);
#4663 = ORIENTED_EDGE('',*,*,#4647,.T.);
#4664 = ORIENTED_EDGE('',*,*,#4665,.F.);
#4665 = EDGE_CURVE('',#4666,#4633,#4668,.T.);
#4666 = VERTEX_POINT('',#4667);
#4667 = CARTESIAN_POINT('',(11.624858178985,3.862179599719,9.5));
#4668 = B_SPLINE_CURVE_WITH_KNOTS('',6,(#4669,#4670,#4671,#4672,#4673,
    #4674,#4675,#4676,#4677,#4678,#4679,#4680),.UNSPECIFIED.,.F.,.F.,(7,
    5,7),(0.,0.526800276643,1.),.UNSPECIFIED.);
#4669 = CARTESIAN_POINT('',(11.624858178985,3.862179599719,9.5));
#4670 = CARTESIAN_POINT('',(11.624858178985,3.765164752286,9.5));
#4671 = CARTESIAN_POINT('',(11.62085257154,3.669924251365,9.5));
#4672 = CARTESIAN_POINT('',(11.612415523894,3.576812080301,9.5));
#4673 = CARTESIAN_POINT('',(11.599068942948,3.486325747283,9.5));
#4674 = CARTESIAN_POINT('',(11.580309636516,3.399091542598,9.5));
#4675 = CARTESIAN_POINT('',(11.53362973455,3.240988386676,9.5));
#4676 = CARTESIAN_POINT('',(11.506833742795,3.169351238051,9.5));
#4677 = CARTESIAN_POINT('',(11.475039009987,3.101438129052,9.5));
#4678 = CARTESIAN_POINT('',(11.438026811352,3.037820087103,9.5));
#4679 = CARTESIAN_POINT('',(11.395720757009,2.979033857451,9.5));
#4680 = CARTESIAN_POINT('',(11.34830006803,2.925487183989,9.5));
#4681 = ORIENTED_EDGE('',*,*,#4682,.F.);
#4682 = EDGE_CURVE('',#4365,#4666,#4683,.T.);
#4683 = LINE('',#4684,#4685);
#4684 = CARTESIAN_POINT('',(11.624858178985,3.862179599719,8.8));
#4685 = VECTOR('',#4686,1.);
#4686 = DIRECTION('',(0.,0.,1.));
#4687 = SURFACE_OF_LINEAR_EXTRUSION('',#4688,#4692);
#4688 = B_SPLINE_CURVE_WITH_KNOTS('',2,(#4689,#4690,#4691),
  .UNSPECIFIED.,.F.,.F.,(3,3),(0.,1.),.PIECEWISE_BEZIER_KNOTS.);
#4689 = CARTESIAN_POINT('',(11.34830006803,2.925487183989,8.8));
#4690 = CARTESIAN_POINT('',(11.624858178985,3.237772120787,8.8));
#4691 = CARTESIAN_POINT('',(11.624858178985,3.862179599719,8.8));
#4692 = VECTOR('',#4693,1.);
#4693 = DIRECTION('',(-0.,-0.,-1.));
#4694 = ADVANCED_FACE('',(#4695),#4722,.F.);
#4695 = FACE_BOUND('',#4696,.F.);
#4696 = EDGE_LOOP('',(#4697,#4698,#4699,#4716));
#4697 = ORIENTED_EDGE('',*,*,#4372,.F.);
#4698 = ORIENTED_EDGE('',*,*,#4682,.T.);
#4699 = ORIENTED_EDGE('',*,*,#4700,.F.);
#4700 = EDGE_CURVE('',#4701,#4666,#4703,.T.);
#4701 = VERTEX_POINT('',#4702);
#4702 = CARTESIAN_POINT('',(11.355607827862,4.783119733146,9.5));
#4703 = B_SPLINE_CURVE_WITH_KNOTS('',6,(#4704,#4705,#4706,#4707,#4708,
    #4709,#4710,#4711,#4712,#4713,#4714,#4715),.UNSPECIFIED.,.F.,.F.,(7,
    5,7),(0.,0.474653490326,1.),.UNSPECIFIED.);
#4704 = CARTESIAN_POINT('',(11.355607827862,4.783119733146,9.5));
#4705 = CARTESIAN_POINT('',(11.40202927405,4.730762613501,9.5));
#4706 = CARTESIAN_POINT('',(11.443390340999,4.673103993109,9.5));
#4707 = CARTESIAN_POINT('',(11.479524815945,4.610560880123,9.5));
#4708 = CARTESIAN_POINT('',(11.510522057047,4.543681770955,9.5));
#4709 = CARTESIAN_POINT('',(11.536609470012,4.473045777913,9.5));
#4710 = CARTESIAN_POINT('',(11.581849935595,4.317472872492,9.5));
#4711 = CARTESIAN_POINT('',(11.599966736194,4.231807435513,9.5));
#4712 = CARTESIAN_POINT('',(11.612850518025,4.142892429312,9.5));
#4713 = CARTESIAN_POINT('',(11.620992935801,4.05134606556,9.5));
#4714 = CARTESIAN_POINT('',(11.624858178985,3.95765884141,9.5));
#4715 = CARTESIAN_POINT('',(11.624858178985,3.862179599719,9.5));
#4716 = ORIENTED_EDGE('',*,*,#4717,.F.);
#4717 = EDGE_CURVE('',#4373,#4701,#4718,.T.);
#4718 = LINE('',#4719,#4720);
#4719 = CARTESIAN_POINT('',(11.355607827862,4.783119733146,8.8));
#4720 = VECTOR('',#4721,1.);
#4721 = DIRECTION('',(0.,0.,1.));
#4722 = SURFACE_OF_LINEAR_EXTRUSION('',#4723,#4727);
#4723 = B_SPLINE_CURVE_WITH_KNOTS('',2,(#4724,#4725,#4726),
  .UNSPECIFIED.,.F.,.F.,(3,3),(0.,1.),.PIECEWISE_BEZIER_KNOTS.);
#4724 = CARTESIAN_POINT('',(11.624858178985,3.862179599719,8.8));
#4725 = CARTESIAN_POINT('',(11.624858178985,4.479441713483,8.8));
#4726 = CARTESIAN_POINT('',(11.355607827862,4.783119733146,8.8));
#4727 = VECTOR('',#4728,1.);
#4728 = DIRECTION('',(-0.,-0.,-1.));
#4729 = ADVANCED_FACE('',(#4730),#4757,.F.);
#4730 = FACE_BOUND('',#4731,.F.);
#4731 = EDGE_LOOP('',(#4732,#4733,#4734,#4751));
#4732 = ORIENTED_EDGE('',*,*,#4380,.F.);
#4733 = ORIENTED_EDGE('',*,*,#4717,.T.);
#4734 = ORIENTED_EDGE('',*,*,#4735,.F.);
#4735 = EDGE_CURVE('',#4736,#4701,#4738,.T.);
#4736 = VERTEX_POINT('',#4737);
#4737 = CARTESIAN_POINT('',(10.640746521682,5.086797752809,9.5));
#4738 = B_SPLINE_CURVE_WITH_KNOTS('',6,(#4739,#4740,#4741,#4742,#4743,
    #4744,#4745,#4746,#4747,#4748,#4749,#4750),.UNSPECIFIED.,.F.,.F.,(7,
    5,7),(0.,0.641156953358,1.),.UNSPECIFIED.);
#4739 = CARTESIAN_POINT('',(10.640746521682,5.086797752809,9.5));
#4740 = CARTESIAN_POINT('',(10.731911863643,5.086797752809,9.5));
#4741 = CARTESIAN_POINT('',(10.820646007752,5.079176976955,9.5));
#4742 = CARTESIAN_POINT('',(10.906260024327,5.063308012738,9.5));
#4743 = CARTESIAN_POINT('',(10.988047134981,5.038719354331,9.5));
#4744 = CARTESIAN_POINT('',(11.065347845865,5.005239350434,9.5));
#4745 = CARTESIAN_POINT('',(11.178092066241,4.939651800864,9.5));
#4746 = CARTESIAN_POINT('',(11.216987051882,4.913426356017,9.5));
#4747 = CARTESIAN_POINT('',(11.254231797757,4.88456146495,9.5));
#4748 = CARTESIAN_POINT('',(11.289768218448,4.853142300537,9.5));
#4749 = CARTESIAN_POINT('',(11.323563852821,4.81928281904,9.5));
#4750 = CARTESIAN_POINT('',(11.355607827862,4.783119733146,9.5));
#4751 = ORIENTED_EDGE('',*,*,#4752,.F.);
#4752 = EDGE_CURVE('',#4381,#4736,#4753,.T.);
#4753 = LINE('',#4754,#4755);
#4754 = CARTESIAN_POINT('',(10.640746521682,5.086797752809,8.8));
#4755 = VECTOR('',#4756,1.);
#4756 = DIRECTION('',(0.,0.,1.));
#4757 = SURFACE_OF_LINEAR_EXTRUSION('',#4758,#4762);
#4758 = B_SPLINE_CURVE_WITH_KNOTS('',2,(#4759,#4760,#4761),
  .UNSPECIFIED.,.F.,.F.,(3,3),(0.,1.),.PIECEWISE_BEZIER_KNOTS.);
#4759 = CARTESIAN_POINT('',(11.355607827862,4.783119733146,8.8));
#4760 = CARTESIAN_POINT('',(11.086519871401,5.086797752809,8.8));
#4761 = CARTESIAN_POINT('',(10.640746521682,5.086797752809,8.8));
#4762 = VECTOR('',#4763,1.);
#4763 = DIRECTION('',(-0.,-0.,-1.));
#4764 = ADVANCED_FACE('',(#4765),#4792,.F.);
#4765 = FACE_BOUND('',#4766,.F.);
#4766 = EDGE_LOOP('',(#4767,#4768,#4769,#4786));
#4767 = ORIENTED_EDGE('',*,*,#4388,.F.);
#4768 = ORIENTED_EDGE('',*,*,#4752,.T.);
#4769 = ORIENTED_EDGE('',*,*,#4770,.F.);
#4770 = EDGE_CURVE('',#4771,#4736,#4773,.T.);
#4771 = VERTEX_POINT('',#4772);
#4772 = CARTESIAN_POINT('',(9.922150138255,4.779384655899,9.5));
#4773 = B_SPLINE_CURVE_WITH_KNOTS('',6,(#4774,#4775,#4776,#4777,#4778,
    #4779,#4780,#4781,#4782,#4783,#4784,#4785),.UNSPECIFIED.,.F.,.F.,(7,
    5,7),(0.,0.377205882105,1.),.UNSPECIFIED.);
#4774 = CARTESIAN_POINT('',(9.922150138255,4.779384655899,9.5));
#4775 = CARTESIAN_POINT('',(9.956208139489,4.817760725146,9.5));
#4776 = CARTESIAN_POINT('',(9.992173504835,4.853589402355,9.5));
#4777 = CARTESIAN_POINT('',(10.030035109451,4.886708027342,9.5));
#4778 = CARTESIAN_POINT('',(10.06975619095,4.916980766996,9.5));
#4779 = CARTESIAN_POINT('',(10.111269036431,4.944306742799,9.5));
#4780 = CARTESIAN_POINT('',(10.225797030621,5.008784569662,9.5));
#4781 = CARTESIAN_POINT('',(10.301750046376,5.040764366375,9.5));
#4782 = CARTESIAN_POINT('',(10.381839095175,5.064280376456,9.5));
#4783 = CARTESIAN_POINT('',(10.465462287747,5.079483110975,9.5));
#4784 = CARTESIAN_POINT('',(10.551975268002,5.086797752809,9.5));
#4785 = CARTESIAN_POINT('',(10.640746521682,5.086797752809,9.5));
#4786 = ORIENTED_EDGE('',*,*,#4787,.F.);
#4787 = EDGE_CURVE('',#4389,#4771,#4788,.T.);
#4788 = LINE('',#4789,#4790);
#4789 = CARTESIAN_POINT('',(9.922150138255,4.779384655899,8.8));
#4790 = VECTOR('',#4791,1.);
#4791 = DIRECTION('',(0.,0.,1.));
#4792 = SURFACE_OF_LINEAR_EXTRUSION('',#4793,#4797);
#4793 = B_SPLINE_CURVE_WITH_KNOTS('',2,(#4794,#4795,#4796),
  .UNSPECIFIED.,.F.,.F.,(3,3),(0.,1.),.PIECEWISE_BEZIER_KNOTS.);
#4794 = CARTESIAN_POINT('',(10.640746521682,5.086797752809,8.8));
#4795 = CARTESIAN_POINT('',(10.194973171963,5.086797752809,8.8));
#4796 = CARTESIAN_POINT('',(9.922150138255,4.779384655899,8.8));
#4797 = VECTOR('',#4798,1.);
#4798 = DIRECTION('',(-0.,-0.,-1.));
#4799 = ADVANCED_FACE('',(#4800),#4820,.F.);
#4800 = FACE_BOUND('',#4801,.F.);
#4801 = EDGE_LOOP('',(#4802,#4803,#4804,#4819));
#4802 = ORIENTED_EDGE('',*,*,#4396,.F.);
#4803 = ORIENTED_EDGE('',*,*,#4787,.T.);
#4804 = ORIENTED_EDGE('',*,*,#4805,.F.);
#4805 = EDGE_CURVE('',#4557,#4771,#4806,.T.);
#4806 = B_SPLINE_CURVE_WITH_KNOTS('',6,(#4807,#4808,#4809,#4810,#4811,
    #4812,#4813,#4814,#4815,#4816,#4817,#4818),.UNSPECIFIED.,.F.,.F.,(7,
    5,7),(0.,0.526995877417,1.),.UNSPECIFIED.);
#4807 = CARTESIAN_POINT('',(9.649327104547,3.852435919944,9.5));
#4808 = CARTESIAN_POINT('',(9.649327104547,3.948694111604,9.5));
#4809 = CARTESIAN_POINT('',(9.653276566417,4.043160542541,9.5));
#4810 = CARTESIAN_POINT('',(9.661596335742,4.13548167503,9.5));
#4811 = CARTESIAN_POINT('',(9.674759637301,4.22516061755,9.5));
#4812 = CARTESIAN_POINT('',(9.693265742848,4.311571691216,9.5));
#4813 = CARTESIAN_POINT('',(9.739313769343,4.468025343139,9.5));
#4814 = CARTESIAN_POINT('',(9.765737333343,4.538843710888,9.5));
#4815 = CARTESIAN_POINT('',(9.797094127413,4.605932655809,9.5));
#4816 = CARTESIAN_POINT('',(9.833603901985,4.668722116104,9.5));
#4817 = CARTESIAN_POINT('',(9.875346858324,4.726675247786,9.5));
#4818 = CARTESIAN_POINT('',(9.922150138255,4.779384655899,9.5));
#4819 = ORIENTED_EDGE('',*,*,#4556,.F.);
#4820 = SURFACE_OF_LINEAR_EXTRUSION('',#4821,#4825);
#4821 = B_SPLINE_CURVE_WITH_KNOTS('',2,(#4822,#4823,#4824),
  .UNSPECIFIED.,.F.,.F.,(3,3),(0.,1.),.PIECEWISE_BEZIER_KNOTS.);
#4822 = CARTESIAN_POINT('',(9.922150138255,4.779384655899,8.8));
#4823 = CARTESIAN_POINT('',(9.649327104547,4.472133953652,8.8));
#4824 = CARTESIAN_POINT('',(9.649327104547,3.852435919944,8.8));
#4825 = VECTOR('',#4826,1.);
#4826 = DIRECTION('',(-0.,-0.,-1.));
#4827 = ADVANCED_FACE('',(#4828),#4853,.F.);
#4828 = FACE_BOUND('',#4829,.F.);
#4829 = EDGE_LOOP('',(#4830,#4831,#4839,#4847));
#4830 = ORIENTED_EDGE('',*,*,#4469,.F.);
#4831 = ORIENTED_EDGE('',*,*,#4832,.T.);
#4832 = EDGE_CURVE('',#4470,#4833,#4835,.T.);
#4833 = VERTEX_POINT('',#4834);
#4834 = CARTESIAN_POINT('',(10.576681827159,9.475842696629,9.5));
#4835 = LINE('',#4836,#4837);
#4836 = CARTESIAN_POINT('',(10.576681827159,9.475842696629,8.8));
#4837 = VECTOR('',#4838,1.);
#4838 = DIRECTION('',(0.,0.,1.));
#4839 = ORIENTED_EDGE('',*,*,#4840,.F.);
#4840 = EDGE_CURVE('',#4841,#4833,#4843,.T.);
#4841 = VERTEX_POINT('',#4842);
#4842 = CARTESIAN_POINT('',(10.084625998508,10.806179775281,9.5));
#4843 = LINE('',#4844,#4845);
#4844 = CARTESIAN_POINT('',(11.481807415348,7.028717674042,9.5));
#4845 = VECTOR('',#4846,1.);
#4846 = DIRECTION('',(0.34690414798,-0.937900587543,0.));
#4847 = ORIENTED_EDGE('',*,*,#4848,.F.);
#4848 = EDGE_CURVE('',#4472,#4841,#4849,.T.);
#4849 = LINE('',#4850,#4851);
#4850 = CARTESIAN_POINT('',(10.084625998508,10.806179775281,8.8));
#4851 = VECTOR('',#4852,1.);
#4852 = DIRECTION('',(0.,0.,1.));
#4853 = PLANE('',#4854);
#4854 = AXIS2_PLACEMENT_3D('',#4855,#4856,#4857);
#4855 = CARTESIAN_POINT('',(10.576681827159,9.475842696629,8.8));
#4856 = DIRECTION('',(-0.937900587543,-0.34690414798,0.));
#4857 = DIRECTION('',(-0.34690414798,0.937900587543,0.));
#4858 = ADVANCED_FACE('',(#4859),#4877,.F.);
#4859 = FACE_BOUND('',#4860,.F.);
#4860 = EDGE_LOOP('',(#4861,#4862,#4863,#4871));
#4861 = ORIENTED_EDGE('',*,*,#4479,.F.);
#4862 = ORIENTED_EDGE('',*,*,#4848,.T.);
#4863 = ORIENTED_EDGE('',*,*,#4864,.F.);
#4864 = EDGE_CURVE('',#4865,#4841,#4867,.T.);
#4865 = VERTEX_POINT('',#4866);
#4866 = CARTESIAN_POINT('',(9.602313849631,9.475842696629,9.5));
#4867 = LINE('',#4868,#4869);
#4868 = CARTESIAN_POINT('',(7.767534476361,4.415064034734,9.5));
#4869 = VECTOR('',#4870,1.);
#4870 = DIRECTION('',(0.340839896143,0.940121356633,0.));
#4871 = ORIENTED_EDGE('',*,*,#4872,.F.);
#4872 = EDGE_CURVE('',#4480,#4865,#4873,.T.);
#4873 = LINE('',#4874,#4875);
#4874 = CARTESIAN_POINT('',(9.602313849631,9.475842696629,8.8));
#4875 = VECTOR('',#4876,1.);
#4876 = DIRECTION('',(0.,0.,1.));
#4877 = PLANE('',#4878);
#4878 = AXIS2_PLACEMENT_3D('',#4879,#4880,#4881);
#4879 = CARTESIAN_POINT('',(10.084625998508,10.806179775281,8.8));
#4880 = DIRECTION('',(0.940121356633,-0.340839896143,0.));
#4881 = DIRECTION('',(-0.340839896143,-0.940121356633,0.));
#4882 = ADVANCED_FACE('',(#4883),#4894,.F.);
#4883 = FACE_BOUND('',#4884,.F.);
#4884 = EDGE_LOOP('',(#4885,#4886,#4887,#4893));
#4885 = ORIENTED_EDGE('',*,*,#4487,.F.);
#4886 = ORIENTED_EDGE('',*,*,#4872,.T.);
#4887 = ORIENTED_EDGE('',*,*,#4888,.F.);
#4888 = EDGE_CURVE('',#4833,#4865,#4889,.T.);
#4889 = LINE('',#4890,#4891);
#4890 = CARTESIAN_POINT('',(4.801156924816,9.475842696629,9.5));
#4891 = VECTOR('',#4892,1.);
#4892 = DIRECTION('',(-1.,0.,0.));
#4893 = ORIENTED_EDGE('',*,*,#4832,.F.);
#4894 = PLANE('',#4895);
#4895 = AXIS2_PLACEMENT_3D('',#4896,#4897,#4898);
#4896 = CARTESIAN_POINT('',(9.602313849631,9.475842696629,8.8));
#4897 = DIRECTION('',(0.,1.,0.));
#4898 = DIRECTION('',(1.,0.,0.));
#4899 = ADVANCED_FACE('',(#4900),#4910,.T.);
#4900 = FACE_BOUND('',#4901,.T.);
#4901 = EDGE_LOOP('',(#4902,#4903,#4904,#4905,#4906,#4907,#4908,#4909));
#4902 = ORIENTED_EDGE('',*,*,#4564,.F.);
#4903 = ORIENTED_EDGE('',*,*,#4599,.F.);
#4904 = ORIENTED_EDGE('',*,*,#4632,.F.);
#4905 = ORIENTED_EDGE('',*,*,#4665,.F.);
#4906 = ORIENTED_EDGE('',*,*,#4700,.F.);
#4907 = ORIENTED_EDGE('',*,*,#4735,.F.);
#4908 = ORIENTED_EDGE('',*,*,#4770,.F.);
#4909 = ORIENTED_EDGE('',*,*,#4805,.F.);
#4910 = PLANE('',#4911);
#4911 = AXIS2_PLACEMENT_3D('',#4912,#4913,#4914);
#4912 = CARTESIAN_POINT('',(0.,0.,9.5));
#4913 = DIRECTION('',(0.,0.,1.));
#4914 = DIRECTION('',(1.,0.,0.));
#4915 = ADVANCED_FACE('',(#4916),#4921,.T.);
#4916 = FACE_BOUND('',#4917,.T.);
#4917 = EDGE_LOOP('',(#4918,#4919,#4920));
#4918 = ORIENTED_EDGE('',*,*,#4840,.F.);
#4919 = ORIENTED_EDGE('',*,*,#4864,.F.);
#4920 = ORIENTED_EDGE('',*,*,#4888,.F.);
#4921 = PLANE('',#4922);
#4922 = AXIS2_PLACEMENT_3D('',#4923,#4924,#4925);
#4923 = CARTESIAN_POINT('',(0.,0.,9.5));
#4924 = DIRECTION('',(0.,0.,1.));
#4925 = DIRECTION('',(1.,0.,0.));
#4926 = ( GEOMETRIC_REPRESENTATION_CONTEXT(3) 
GLOBAL_UNCERTAINTY_ASSIGNED_CONTEXT((#4930)) 
GLOBAL_UNIT_ASSIGNED_CONTEXT((#4927,#4928,#4929)) REPRESENTATION_CONTEXT
('Context #1','3D Context with UNIT and UNCERTAINTY') );
#4927 = ( LENGTH_UNIT() NAMED_UNIT(*) SI_UNIT(.MILLI.,.METRE.) );
#4928 = ( NAMED_UNIT(*) PLANE_ANGLE_UNIT() SI_UNIT($,.RADIAN.) );
#4929 = ( NAMED_UNIT(*) SI_UNIT($,.STERADIAN.) SOLID_ANGLE_UNIT() );
#4930 = UNCERTAINTY_MEASURE_WITH_UNIT(LENGTH_MEASURE(1.E-06),#4927,
  'distance_accuracy_value','confusion accuracy');
#4931 = PRODUCT_RELATED_PRODUCT_CATEGORY('part',$,(#7));
ENDSEC;
END-ISO-10303-21;
